ISO-10303-21;
HEADER;
/* Generated by software containing ST-Developer
 * from STEP Tools, Inc. (www.steptools.com) 
 */
/* OPTION: using custom renumber hook */

FILE_DESCRIPTION(
/* description */ ('STEP AP214'),
/* implementation_level */ '2;1');

FILE_NAME(
/* name */ 'USB-B-S-F-W-VT',
/* time_stamp */ '2026-07-02T22:10:44+02:00',
/* author */ ('License CC BY-ND 4.0'),
/* organization */ ('CADENAS'),
/* preprocessor_version */ 'ST-DEVELOPER v20',
/* originating_system */ 'PARTsolutions',
/* authorisation */ '  ');

FILE_SCHEMA (('AUTOMOTIVE_DESIGN {1 0 10303 214 3 1 1}'));
ENDSEC;

DATA;
#10=PROPERTY_DEFINITION_REPRESENTATION(#14,#12);
#11=PROPERTY_DEFINITION_REPRESENTATION(#15,#13);
#12=REPRESENTATION('',(#16),#6235);
#13=REPRESENTATION('',(#17),#6235);
#14=PROPERTY_DEFINITION('pmi validation property','',#6246);
#15=PROPERTY_DEFINITION('pmi validation property','',#6246);
#16=VALUE_REPRESENTATION_ITEM('number of annotations',COUNT_MEASURE(0.));
#17=VALUE_REPRESENTATION_ITEM('number of views',COUNT_MEASURE(0.));
#18=DRAUGHTING_PRE_DEFINED_COLOUR('white');
#19=DRAUGHTING_PRE_DEFINED_COLOUR('yellow');
#20=CONTEXT_DEPENDENT_SHAPE_REPRESENTATION(#26,#6248);
#21=CONTEXT_DEPENDENT_SHAPE_REPRESENTATION(#27,#6250);
#22=CONTEXT_DEPENDENT_SHAPE_REPRESENTATION(#28,#6252);
#23=NEXT_ASSEMBLY_USAGE_OCCURRENCE('NAUO1','USB-B-S-VT_S',
'USB-B-S-VT_S',#6253,#6254,'');
#24=NEXT_ASSEMBLY_USAGE_OCCURRENCE('NAUO2','USB-B-S-W-VT_B',
'USB-B-S-W-VT_B',#6253,#6255,'');
#25=NEXT_ASSEMBLY_USAGE_OCCURRENCE('NAUO3','USB-B-S-VT_P',
'USB-B-S-VT_P',#6253,#6256,'');
#26=(
REPRESENTATION_RELATIONSHIP(' ',' ',#3879,#3878)
REPRESENTATION_RELATIONSHIP_WITH_TRANSFORMATION(#29)
SHAPE_REPRESENTATION_RELATIONSHIP()
);
#27=(
REPRESENTATION_RELATIONSHIP(' ',' ',#3880,#3878)
REPRESENTATION_RELATIONSHIP_WITH_TRANSFORMATION(#30)
SHAPE_REPRESENTATION_RELATIONSHIP()
);
#28=(
REPRESENTATION_RELATIONSHIP(' ',' ',#3881,#3878)
REPRESENTATION_RELATIONSHIP_WITH_TRANSFORMATION(#31)
SHAPE_REPRESENTATION_RELATIONSHIP()
);
#29=ITEM_DEFINED_TRANSFORMATION(' ',' ',#3882,#3997);
#30=ITEM_DEFINED_TRANSFORMATION(' ',' ',#3882,#4024);
#31=ITEM_DEFINED_TRANSFORMATION(' ',' ',#3882,#4135);
#32=SHAPE_REPRESENTATION_RELATIONSHIP('','',#3879,#35);
#33=SHAPE_REPRESENTATION_RELATIONSHIP('','',#3880,#36);
#34=SHAPE_REPRESENTATION_RELATIONSHIP('','',#3881,#37);
#35=ADVANCED_BREP_SHAPE_REPRESENTATION('',(#3871),#6236);
#36=ADVANCED_BREP_SHAPE_REPRESENTATION('',(#3872),#6237);
#37=ADVANCED_BREP_SHAPE_REPRESENTATION('',(#3873),#6238);
#38=CIRCLE('',#3901,0.500000000000001);
#39=CIRCLE('',#3903,0.500000000000001);
#40=CIRCLE('',#3905,0.500000000000001);
#41=CIRCLE('',#3922,0.500000000000001);
#42=CIRCLE('',#3928,0.200000000000001);
#43=CIRCLE('',#3929,0.500000000000003);
#44=CIRCLE('',#3931,0.500000000000003);
#45=CIRCLE('',#3932,0.200000000000001);
#46=CIRCLE('',#3938,0.500000000000005);
#47=CIRCLE('',#3939,0.200000000000002);
#48=CIRCLE('',#3941,0.200000000000002);
#49=CIRCLE('',#3942,0.500000000000005);
#50=CIRCLE('',#3946,0.150000000000001);
#51=CIRCLE('',#3947,0.15);
#52=CIRCLE('',#3948,0.15);
#53=CIRCLE('',#3949,0.5);
#54=CIRCLE('',#3950,0.5);
#55=CIRCLE('',#3951,0.15);
#56=CIRCLE('',#3954,0.15);
#57=CIRCLE('',#3958,0.5);
#58=CIRCLE('',#3961,0.5);
#59=CIRCLE('',#3965,0.15);
#60=CIRCLE('',#3967,0.15);
#61=CIRCLE('',#3976,0.150000000000001);
#62=CIRCLE('',#4036,0.500000000000002);
#63=CIRCLE('',#4037,0.500000000000002);
#64=CIRCLE('',#4039,0.500000000000002);
#65=CIRCLE('',#4040,0.500000000000002);
#66=CIRCLE('',#4048,0.5);
#67=CIRCLE('',#4049,0.5);
#68=CIRCLE('',#4051,0.5);
#69=CIRCLE('',#4052,0.5);
#70=CIRCLE('',#4064,0.750000000000005);
#71=CIRCLE('',#4065,0.750000000000005);
#72=CIRCLE('',#4067,0.750000000000005);
#73=CIRCLE('',#4068,0.750000000000005);
#74=CIRCLE('',#4074,0.74999999999999);
#75=CIRCLE('',#4075,0.74999999999999);
#76=CIRCLE('',#4077,0.74999999999999);
#77=CIRCLE('',#4078,0.74999999999999);
#78=ELLIPSE('',#3887,1.00126933221106,1.);
#79=ELLIPSE('',#3888,1.00126933221106,1.);
#80=ELLIPSE('',#3890,1.7021578647588,1.7);
#81=ELLIPSE('',#3891,1.7021578647588,1.7);
#82=ELLIPSE('',#3894,2.08264021099901,2.08);
#83=ELLIPSE('',#3895,2.08264021099901,2.08);
#84=ELLIPSE('',#3897,0.620786985970857,0.619999999999999);
#85=ELLIPSE('',#3898,0.620786985970857,0.619999999999999);
#86=ELLIPSE('',#3908,0.620786985970857,0.62);
#87=ELLIPSE('',#3909,0.620786985970857,0.62);
#88=ELLIPSE('',#3911,2.08264021099901,2.08);
#89=ELLIPSE('',#3912,2.08264021099901,2.08);
#90=ELLIPSE('',#3915,1.7021578647588,1.7);
#91=ELLIPSE('',#3916,1.7021578647588,1.7);
#92=ELLIPSE('',#3918,1.00126933221106,1.);
#93=ELLIPSE('',#3919,1.00126933221106,1.);
#94=CYLINDRICAL_SURFACE('',#3886,1.);
#95=CYLINDRICAL_SURFACE('',#3889,1.7);
#96=CYLINDRICAL_SURFACE('',#3893,2.08);
#97=CYLINDRICAL_SURFACE('',#3896,0.619999999999999);
#98=CYLINDRICAL_SURFACE('',#3907,0.62);
#99=CYLINDRICAL_SURFACE('',#3910,2.08);
#100=CYLINDRICAL_SURFACE('',#3914,1.7);
#101=CYLINDRICAL_SURFACE('',#3917,1.);
#102=CYLINDRICAL_SURFACE('',#3953,0.15);
#103=CYLINDRICAL_SURFACE('',#3957,0.5);
#104=CYLINDRICAL_SURFACE('',#3960,0.5);
#105=CYLINDRICAL_SURFACE('',#3964,0.15);
#106=CYLINDRICAL_SURFACE('',#3966,0.15);
#107=CYLINDRICAL_SURFACE('',#3975,0.150000000000001);
#108=CYLINDRICAL_SURFACE('',#3983,0.500000000000003);
#109=CYLINDRICAL_SURFACE('',#3984,0.200000000000001);
#110=CYLINDRICAL_SURFACE('',#3985,0.500000000000005);
#111=CYLINDRICAL_SURFACE('',#3986,0.200000000000002);
#112=CYLINDRICAL_SURFACE('',#3993,0.500000000000001);
#113=CYLINDRICAL_SURFACE('',#3994,0.500000000000001);
#114=CYLINDRICAL_SURFACE('',#4035,0.500000000000002);
#115=CYLINDRICAL_SURFACE('',#4038,0.500000000000002);
#116=CYLINDRICAL_SURFACE('',#4047,0.5);
#117=CYLINDRICAL_SURFACE('',#4050,0.5);
#118=CYLINDRICAL_SURFACE('',#4063,0.750000000000005);
#119=CYLINDRICAL_SURFACE('',#4066,0.750000000000005);
#120=CYLINDRICAL_SURFACE('',#4073,0.74999999999999);
#121=CYLINDRICAL_SURFACE('',#4076,0.74999999999999);
#122=ORIENTED_EDGE('',*,*,#1210,.F.);
#123=ORIENTED_EDGE('',*,*,#1211,.T.);
#124=ORIENTED_EDGE('',*,*,#1212,.F.);
#125=ORIENTED_EDGE('',*,*,#1213,.T.);
#126=ORIENTED_EDGE('',*,*,#1214,.F.);
#127=ORIENTED_EDGE('',*,*,#1215,.F.);
#128=ORIENTED_EDGE('',*,*,#1216,.T.);
#129=ORIENTED_EDGE('',*,*,#1217,.T.);
#130=ORIENTED_EDGE('',*,*,#1218,.F.);
#131=ORIENTED_EDGE('',*,*,#1219,.T.);
#132=ORIENTED_EDGE('',*,*,#1220,.F.);
#133=ORIENTED_EDGE('',*,*,#1221,.F.);
#134=ORIENTED_EDGE('',*,*,#1222,.T.);
#135=ORIENTED_EDGE('',*,*,#1223,.T.);
#136=ORIENTED_EDGE('',*,*,#1224,.F.);
#137=ORIENTED_EDGE('',*,*,#1225,.F.);
#138=ORIENTED_EDGE('',*,*,#1226,.F.);
#139=ORIENTED_EDGE('',*,*,#1227,.T.);
#140=ORIENTED_EDGE('',*,*,#1228,.F.);
#141=ORIENTED_EDGE('',*,*,#1229,.F.);
#142=ORIENTED_EDGE('',*,*,#1230,.F.);
#143=ORIENTED_EDGE('',*,*,#1229,.T.);
#144=ORIENTED_EDGE('',*,*,#1231,.F.);
#145=ORIENTED_EDGE('',*,*,#1232,.F.);
#146=ORIENTED_EDGE('',*,*,#1211,.F.);
#147=ORIENTED_EDGE('',*,*,#1233,.T.);
#148=ORIENTED_EDGE('',*,*,#1232,.T.);
#149=ORIENTED_EDGE('',*,*,#1234,.T.);
#150=ORIENTED_EDGE('',*,*,#1235,.F.);
#151=ORIENTED_EDGE('',*,*,#1236,.T.);
#152=ORIENTED_EDGE('',*,*,#1237,.F.);
#153=ORIENTED_EDGE('',*,*,#1238,.F.);
#154=ORIENTED_EDGE('',*,*,#1239,.F.);
#155=ORIENTED_EDGE('',*,*,#1238,.T.);
#156=ORIENTED_EDGE('',*,*,#1240,.F.);
#157=ORIENTED_EDGE('',*,*,#1241,.F.);
#158=ORIENTED_EDGE('',*,*,#1242,.F.);
#159=ORIENTED_EDGE('',*,*,#1243,.T.);
#160=ORIENTED_EDGE('',*,*,#1241,.T.);
#161=ORIENTED_EDGE('',*,*,#1244,.T.);
#162=ORIENTED_EDGE('',*,*,#1245,.F.);
#163=ORIENTED_EDGE('',*,*,#1242,.T.);
#164=ORIENTED_EDGE('',*,*,#1246,.F.);
#165=ORIENTED_EDGE('',*,*,#1247,.F.);
#166=ORIENTED_EDGE('',*,*,#1248,.F.);
#167=ORIENTED_EDGE('',*,*,#1247,.T.);
#168=ORIENTED_EDGE('',*,*,#1249,.F.);
#169=ORIENTED_EDGE('',*,*,#1250,.T.);
#170=ORIENTED_EDGE('',*,*,#1251,.F.);
#171=ORIENTED_EDGE('',*,*,#1252,.T.);
#172=ORIENTED_EDGE('',*,*,#1253,.F.);
#173=ORIENTED_EDGE('',*,*,#1227,.F.);
#174=ORIENTED_EDGE('',*,*,#1254,.F.);
#175=ORIENTED_EDGE('',*,*,#1255,.T.);
#176=ORIENTED_EDGE('',*,*,#1256,.F.);
#177=ORIENTED_EDGE('',*,*,#1257,.F.);
#178=ORIENTED_EDGE('',*,*,#1258,.F.);
#179=ORIENTED_EDGE('',*,*,#1257,.T.);
#180=ORIENTED_EDGE('',*,*,#1259,.F.);
#181=ORIENTED_EDGE('',*,*,#1260,.F.);
#182=ORIENTED_EDGE('',*,*,#1261,.F.);
#183=ORIENTED_EDGE('',*,*,#1262,.T.);
#184=ORIENTED_EDGE('',*,*,#1260,.T.);
#185=ORIENTED_EDGE('',*,*,#1263,.T.);
#186=ORIENTED_EDGE('',*,*,#1264,.F.);
#187=ORIENTED_EDGE('',*,*,#1261,.T.);
#188=ORIENTED_EDGE('',*,*,#1265,.F.);
#189=ORIENTED_EDGE('',*,*,#1266,.F.);
#190=ORIENTED_EDGE('',*,*,#1267,.F.);
#191=ORIENTED_EDGE('',*,*,#1266,.T.);
#192=ORIENTED_EDGE('',*,*,#1268,.F.);
#193=ORIENTED_EDGE('',*,*,#1269,.F.);
#194=ORIENTED_EDGE('',*,*,#1270,.F.);
#195=ORIENTED_EDGE('',*,*,#1271,.T.);
#196=ORIENTED_EDGE('',*,*,#1225,.T.);
#197=ORIENTED_EDGE('',*,*,#1272,.T.);
#198=ORIENTED_EDGE('',*,*,#1273,.F.);
#199=ORIENTED_EDGE('',*,*,#1270,.T.);
#200=ORIENTED_EDGE('',*,*,#1274,.F.);
#201=ORIENTED_EDGE('',*,*,#1275,.F.);
#202=ORIENTED_EDGE('',*,*,#1276,.F.);
#203=ORIENTED_EDGE('',*,*,#1275,.T.);
#204=ORIENTED_EDGE('',*,*,#1277,.F.);
#205=ORIENTED_EDGE('',*,*,#1278,.F.);
#206=ORIENTED_EDGE('',*,*,#1279,.F.);
#207=ORIENTED_EDGE('',*,*,#1278,.T.);
#208=ORIENTED_EDGE('',*,*,#1280,.F.);
#209=ORIENTED_EDGE('',*,*,#1281,.T.);
#210=ORIENTED_EDGE('',*,*,#1282,.F.);
#211=ORIENTED_EDGE('',*,*,#1283,.F.);
#212=ORIENTED_EDGE('',*,*,#1284,.T.);
#213=ORIENTED_EDGE('',*,*,#1285,.T.);
#214=ORIENTED_EDGE('',*,*,#1286,.F.);
#215=ORIENTED_EDGE('',*,*,#1287,.F.);
#216=ORIENTED_EDGE('',*,*,#1288,.F.);
#217=ORIENTED_EDGE('',*,*,#1287,.T.);
#218=ORIENTED_EDGE('',*,*,#1289,.F.);
#219=ORIENTED_EDGE('',*,*,#1290,.F.);
#220=ORIENTED_EDGE('',*,*,#1291,.F.);
#221=ORIENTED_EDGE('',*,*,#1290,.T.);
#222=ORIENTED_EDGE('',*,*,#1292,.F.);
#223=ORIENTED_EDGE('',*,*,#1293,.F.);
#224=ORIENTED_EDGE('',*,*,#1294,.F.);
#225=ORIENTED_EDGE('',*,*,#1293,.T.);
#226=ORIENTED_EDGE('',*,*,#1295,.F.);
#227=ORIENTED_EDGE('',*,*,#1296,.T.);
#228=ORIENTED_EDGE('',*,*,#1297,.F.);
#229=ORIENTED_EDGE('',*,*,#1298,.F.);
#230=ORIENTED_EDGE('',*,*,#1283,.T.);
#231=ORIENTED_EDGE('',*,*,#1299,.T.);
#232=ORIENTED_EDGE('',*,*,#1298,.T.);
#233=ORIENTED_EDGE('',*,*,#1300,.F.);
#234=ORIENTED_EDGE('',*,*,#1301,.T.);
#235=ORIENTED_EDGE('',*,*,#1302,.T.);
#236=ORIENTED_EDGE('',*,*,#1303,.F.);
#237=ORIENTED_EDGE('',*,*,#1285,.F.);
#238=ORIENTED_EDGE('',*,*,#1304,.F.);
#239=ORIENTED_EDGE('',*,*,#1305,.F.);
#240=ORIENTED_EDGE('',*,*,#1306,.T.);
#241=ORIENTED_EDGE('',*,*,#1296,.F.);
#242=ORIENTED_EDGE('',*,*,#1307,.F.);
#243=ORIENTED_EDGE('',*,*,#1308,.T.);
#244=ORIENTED_EDGE('',*,*,#1309,.F.);
#245=ORIENTED_EDGE('',*,*,#1310,.F.);
#246=ORIENTED_EDGE('',*,*,#1311,.F.);
#247=ORIENTED_EDGE('',*,*,#1310,.T.);
#248=ORIENTED_EDGE('',*,*,#1312,.F.);
#249=ORIENTED_EDGE('',*,*,#1313,.T.);
#250=ORIENTED_EDGE('',*,*,#1314,.F.);
#251=ORIENTED_EDGE('',*,*,#1315,.F.);
#252=ORIENTED_EDGE('',*,*,#1316,.F.);
#253=ORIENTED_EDGE('',*,*,#1317,.F.);
#254=ORIENTED_EDGE('',*,*,#1318,.T.);
#255=ORIENTED_EDGE('',*,*,#1319,.T.);
#256=ORIENTED_EDGE('',*,*,#1320,.F.);
#257=ORIENTED_EDGE('',*,*,#1321,.F.);
#258=ORIENTED_EDGE('',*,*,#1322,.F.);
#259=ORIENTED_EDGE('',*,*,#1321,.T.);
#260=ORIENTED_EDGE('',*,*,#1323,.F.);
#261=ORIENTED_EDGE('',*,*,#1308,.F.);
#262=ORIENTED_EDGE('',*,*,#1317,.T.);
#263=ORIENTED_EDGE('',*,*,#1324,.T.);
#264=ORIENTED_EDGE('',*,*,#1315,.T.);
#265=ORIENTED_EDGE('',*,*,#1325,.T.);
#266=ORIENTED_EDGE('',*,*,#1326,.F.);
#267=ORIENTED_EDGE('',*,*,#1327,.F.);
#268=ORIENTED_EDGE('',*,*,#1328,.F.);
#269=ORIENTED_EDGE('',*,*,#1319,.F.);
#270=ORIENTED_EDGE('',*,*,#1329,.T.);
#271=ORIENTED_EDGE('',*,*,#1330,.T.);
#272=ORIENTED_EDGE('',*,*,#1331,.F.);
#273=ORIENTED_EDGE('',*,*,#1313,.F.);
#274=ORIENTED_EDGE('',*,*,#1332,.T.);
#275=ORIENTED_EDGE('',*,*,#1216,.F.);
#276=ORIENTED_EDGE('',*,*,#1333,.F.);
#277=ORIENTED_EDGE('',*,*,#1220,.T.);
#278=ORIENTED_EDGE('',*,*,#1334,.T.);
#279=ORIENTED_EDGE('',*,*,#1222,.F.);
#280=ORIENTED_EDGE('',*,*,#1335,.F.);
#281=ORIENTED_EDGE('',*,*,#1214,.T.);
#282=ORIENTED_EDGE('',*,*,#1336,.F.);
#283=ORIENTED_EDGE('',*,*,#1337,.F.);
#284=ORIENTED_EDGE('',*,*,#1338,.F.);
#285=ORIENTED_EDGE('',*,*,#1339,.F.);
#286=ORIENTED_EDGE('',*,*,#1340,.F.);
#287=ORIENTED_EDGE('',*,*,#1341,.F.);
#288=ORIENTED_EDGE('',*,*,#1342,.F.);
#289=ORIENTED_EDGE('',*,*,#1343,.F.);
#290=ORIENTED_EDGE('',*,*,#1344,.F.);
#291=ORIENTED_EDGE('',*,*,#1345,.F.);
#292=ORIENTED_EDGE('',*,*,#1346,.F.);
#293=ORIENTED_EDGE('',*,*,#1347,.F.);
#294=ORIENTED_EDGE('',*,*,#1348,.F.);
#295=ORIENTED_EDGE('',*,*,#1349,.F.);
#296=ORIENTED_EDGE('',*,*,#1350,.F.);
#297=ORIENTED_EDGE('',*,*,#1351,.F.);
#298=ORIENTED_EDGE('',*,*,#1352,.F.);
#299=ORIENTED_EDGE('',*,*,#1353,.F.);
#300=ORIENTED_EDGE('',*,*,#1354,.F.);
#301=ORIENTED_EDGE('',*,*,#1355,.F.);
#302=ORIENTED_EDGE('',*,*,#1333,.T.);
#303=ORIENTED_EDGE('',*,*,#1215,.T.);
#304=ORIENTED_EDGE('',*,*,#1335,.T.);
#305=ORIENTED_EDGE('',*,*,#1221,.T.);
#306=ORIENTED_EDGE('',*,*,#1356,.T.);
#307=ORIENTED_EDGE('',*,*,#1236,.F.);
#308=ORIENTED_EDGE('',*,*,#1357,.F.);
#309=ORIENTED_EDGE('',*,*,#1217,.F.);
#310=ORIENTED_EDGE('',*,*,#1332,.F.);
#311=ORIENTED_EDGE('',*,*,#1219,.F.);
#312=ORIENTED_EDGE('',*,*,#1358,.F.);
#313=ORIENTED_EDGE('',*,*,#1269,.T.);
#314=ORIENTED_EDGE('',*,*,#1359,.T.);
#315=ORIENTED_EDGE('',*,*,#1223,.F.);
#316=ORIENTED_EDGE('',*,*,#1334,.F.);
#317=ORIENTED_EDGE('',*,*,#1213,.F.);
#318=ORIENTED_EDGE('',*,*,#1355,.T.);
#319=ORIENTED_EDGE('',*,*,#1360,.F.);
#320=ORIENTED_EDGE('',*,*,#1361,.F.);
#321=ORIENTED_EDGE('',*,*,#1305,.T.);
#322=ORIENTED_EDGE('',*,*,#1354,.T.);
#323=ORIENTED_EDGE('',*,*,#1362,.F.);
#324=ORIENTED_EDGE('',*,*,#1363,.F.);
#325=ORIENTED_EDGE('',*,*,#1360,.T.);
#326=ORIENTED_EDGE('',*,*,#1353,.T.);
#327=ORIENTED_EDGE('',*,*,#1364,.F.);
#328=ORIENTED_EDGE('',*,*,#1365,.F.);
#329=ORIENTED_EDGE('',*,*,#1362,.T.);
#330=ORIENTED_EDGE('',*,*,#1352,.T.);
#331=ORIENTED_EDGE('',*,*,#1366,.F.);
#332=ORIENTED_EDGE('',*,*,#1367,.F.);
#333=ORIENTED_EDGE('',*,*,#1364,.T.);
#334=ORIENTED_EDGE('',*,*,#1351,.T.);
#335=ORIENTED_EDGE('',*,*,#1368,.F.);
#336=ORIENTED_EDGE('',*,*,#1369,.F.);
#337=ORIENTED_EDGE('',*,*,#1366,.T.);
#338=ORIENTED_EDGE('',*,*,#1350,.T.);
#339=ORIENTED_EDGE('',*,*,#1370,.F.);
#340=ORIENTED_EDGE('',*,*,#1371,.F.);
#341=ORIENTED_EDGE('',*,*,#1368,.T.);
#342=ORIENTED_EDGE('',*,*,#1349,.T.);
#343=ORIENTED_EDGE('',*,*,#1372,.F.);
#344=ORIENTED_EDGE('',*,*,#1373,.F.);
#345=ORIENTED_EDGE('',*,*,#1370,.T.);
#346=ORIENTED_EDGE('',*,*,#1348,.T.);
#347=ORIENTED_EDGE('',*,*,#1374,.F.);
#348=ORIENTED_EDGE('',*,*,#1375,.F.);
#349=ORIENTED_EDGE('',*,*,#1372,.T.);
#350=ORIENTED_EDGE('',*,*,#1347,.T.);
#351=ORIENTED_EDGE('',*,*,#1330,.F.);
#352=ORIENTED_EDGE('',*,*,#1376,.F.);
#353=ORIENTED_EDGE('',*,*,#1374,.T.);
#354=ORIENTED_EDGE('',*,*,#1345,.T.);
#355=ORIENTED_EDGE('',*,*,#1377,.F.);
#356=ORIENTED_EDGE('',*,*,#1378,.F.);
#357=ORIENTED_EDGE('',*,*,#1326,.T.);
#358=ORIENTED_EDGE('',*,*,#1344,.T.);
#359=ORIENTED_EDGE('',*,*,#1379,.F.);
#360=ORIENTED_EDGE('',*,*,#1380,.F.);
#361=ORIENTED_EDGE('',*,*,#1377,.T.);
#362=ORIENTED_EDGE('',*,*,#1343,.T.);
#363=ORIENTED_EDGE('',*,*,#1381,.F.);
#364=ORIENTED_EDGE('',*,*,#1382,.F.);
#365=ORIENTED_EDGE('',*,*,#1379,.T.);
#366=ORIENTED_EDGE('',*,*,#1342,.T.);
#367=ORIENTED_EDGE('',*,*,#1383,.F.);
#368=ORIENTED_EDGE('',*,*,#1384,.F.);
#369=ORIENTED_EDGE('',*,*,#1381,.T.);
#370=ORIENTED_EDGE('',*,*,#1341,.T.);
#371=ORIENTED_EDGE('',*,*,#1385,.F.);
#372=ORIENTED_EDGE('',*,*,#1386,.F.);
#373=ORIENTED_EDGE('',*,*,#1383,.T.);
#374=ORIENTED_EDGE('',*,*,#1340,.T.);
#375=ORIENTED_EDGE('',*,*,#1387,.F.);
#376=ORIENTED_EDGE('',*,*,#1388,.F.);
#377=ORIENTED_EDGE('',*,*,#1385,.T.);
#378=ORIENTED_EDGE('',*,*,#1339,.T.);
#379=ORIENTED_EDGE('',*,*,#1389,.F.);
#380=ORIENTED_EDGE('',*,*,#1390,.F.);
#381=ORIENTED_EDGE('',*,*,#1387,.T.);
#382=ORIENTED_EDGE('',*,*,#1338,.T.);
#383=ORIENTED_EDGE('',*,*,#1391,.F.);
#384=ORIENTED_EDGE('',*,*,#1392,.F.);
#385=ORIENTED_EDGE('',*,*,#1389,.T.);
#386=ORIENTED_EDGE('',*,*,#1337,.T.);
#387=ORIENTED_EDGE('',*,*,#1301,.F.);
#388=ORIENTED_EDGE('',*,*,#1393,.F.);
#389=ORIENTED_EDGE('',*,*,#1391,.T.);
#390=ORIENTED_EDGE('',*,*,#1394,.F.);
#391=ORIENTED_EDGE('',*,*,#1395,.F.);
#392=ORIENTED_EDGE('',*,*,#1396,.T.);
#393=ORIENTED_EDGE('',*,*,#1397,.T.);
#394=ORIENTED_EDGE('',*,*,#1398,.F.);
#395=ORIENTED_EDGE('',*,*,#1397,.F.);
#396=ORIENTED_EDGE('',*,*,#1399,.T.);
#397=ORIENTED_EDGE('',*,*,#1400,.T.);
#398=ORIENTED_EDGE('',*,*,#1401,.F.);
#399=ORIENTED_EDGE('',*,*,#1400,.F.);
#400=ORIENTED_EDGE('',*,*,#1402,.T.);
#401=ORIENTED_EDGE('',*,*,#1403,.T.);
#402=ORIENTED_EDGE('',*,*,#1404,.F.);
#403=ORIENTED_EDGE('',*,*,#1403,.F.);
#404=ORIENTED_EDGE('',*,*,#1405,.T.);
#405=ORIENTED_EDGE('',*,*,#1395,.T.);
#406=ORIENTED_EDGE('',*,*,#1406,.T.);
#407=ORIENTED_EDGE('',*,*,#1361,.T.);
#408=ORIENTED_EDGE('',*,*,#1363,.T.);
#409=ORIENTED_EDGE('',*,*,#1365,.T.);
#410=ORIENTED_EDGE('',*,*,#1367,.T.);
#411=ORIENTED_EDGE('',*,*,#1369,.T.);
#412=ORIENTED_EDGE('',*,*,#1371,.T.);
#413=ORIENTED_EDGE('',*,*,#1373,.T.);
#414=ORIENTED_EDGE('',*,*,#1375,.T.);
#415=ORIENTED_EDGE('',*,*,#1376,.T.);
#416=ORIENTED_EDGE('',*,*,#1407,.T.);
#417=ORIENTED_EDGE('',*,*,#1378,.T.);
#418=ORIENTED_EDGE('',*,*,#1380,.T.);
#419=ORIENTED_EDGE('',*,*,#1382,.T.);
#420=ORIENTED_EDGE('',*,*,#1384,.T.);
#421=ORIENTED_EDGE('',*,*,#1386,.T.);
#422=ORIENTED_EDGE('',*,*,#1388,.T.);
#423=ORIENTED_EDGE('',*,*,#1390,.T.);
#424=ORIENTED_EDGE('',*,*,#1392,.T.);
#425=ORIENTED_EDGE('',*,*,#1393,.T.);
#426=ORIENTED_EDGE('',*,*,#1396,.F.);
#427=ORIENTED_EDGE('',*,*,#1405,.F.);
#428=ORIENTED_EDGE('',*,*,#1402,.F.);
#429=ORIENTED_EDGE('',*,*,#1399,.F.);
#430=ORIENTED_EDGE('',*,*,#1394,.T.);
#431=ORIENTED_EDGE('',*,*,#1398,.T.);
#432=ORIENTED_EDGE('',*,*,#1401,.T.);
#433=ORIENTED_EDGE('',*,*,#1404,.T.);
#434=ORIENTED_EDGE('',*,*,#1304,.T.);
#435=ORIENTED_EDGE('',*,*,#1284,.F.);
#436=ORIENTED_EDGE('',*,*,#1302,.F.);
#437=ORIENTED_EDGE('',*,*,#1336,.T.);
#438=ORIENTED_EDGE('',*,*,#1306,.F.);
#439=ORIENTED_EDGE('',*,*,#1406,.F.);
#440=ORIENTED_EDGE('',*,*,#1300,.T.);
#441=ORIENTED_EDGE('',*,*,#1297,.T.);
#442=ORIENTED_EDGE('',*,*,#1331,.T.);
#443=ORIENTED_EDGE('',*,*,#1346,.T.);
#444=ORIENTED_EDGE('',*,*,#1325,.F.);
#445=ORIENTED_EDGE('',*,*,#1314,.T.);
#446=ORIENTED_EDGE('',*,*,#1329,.F.);
#447=ORIENTED_EDGE('',*,*,#1318,.F.);
#448=ORIENTED_EDGE('',*,*,#1327,.T.);
#449=ORIENTED_EDGE('',*,*,#1407,.F.);
#450=ORIENTED_EDGE('',*,*,#1312,.T.);
#451=ORIENTED_EDGE('',*,*,#1309,.T.);
#452=ORIENTED_EDGE('',*,*,#1323,.T.);
#453=ORIENTED_EDGE('',*,*,#1320,.T.);
#454=ORIENTED_EDGE('',*,*,#1328,.T.);
#455=ORIENTED_EDGE('',*,*,#1311,.T.);
#456=ORIENTED_EDGE('',*,*,#1324,.F.);
#457=ORIENTED_EDGE('',*,*,#1316,.T.);
#458=ORIENTED_EDGE('',*,*,#1322,.T.);
#459=ORIENTED_EDGE('',*,*,#1307,.T.);
#460=ORIENTED_EDGE('',*,*,#1286,.T.);
#461=ORIENTED_EDGE('',*,*,#1303,.T.);
#462=ORIENTED_EDGE('',*,*,#1295,.T.);
#463=ORIENTED_EDGE('',*,*,#1292,.T.);
#464=ORIENTED_EDGE('',*,*,#1289,.T.);
#465=ORIENTED_EDGE('',*,*,#1282,.T.);
#466=ORIENTED_EDGE('',*,*,#1288,.T.);
#467=ORIENTED_EDGE('',*,*,#1291,.T.);
#468=ORIENTED_EDGE('',*,*,#1294,.T.);
#469=ORIENTED_EDGE('',*,*,#1299,.F.);
#470=ORIENTED_EDGE('',*,*,#1256,.T.);
#471=ORIENTED_EDGE('',*,*,#1408,.F.);
#472=ORIENTED_EDGE('',*,*,#1280,.T.);
#473=ORIENTED_EDGE('',*,*,#1277,.T.);
#474=ORIENTED_EDGE('',*,*,#1274,.T.);
#475=ORIENTED_EDGE('',*,*,#1272,.F.);
#476=ORIENTED_EDGE('',*,*,#1224,.T.);
#477=ORIENTED_EDGE('',*,*,#1359,.F.);
#478=ORIENTED_EDGE('',*,*,#1268,.T.);
#479=ORIENTED_EDGE('',*,*,#1265,.T.);
#480=ORIENTED_EDGE('',*,*,#1263,.F.);
#481=ORIENTED_EDGE('',*,*,#1259,.T.);
#482=ORIENTED_EDGE('',*,*,#1254,.T.);
#483=ORIENTED_EDGE('',*,*,#1258,.T.);
#484=ORIENTED_EDGE('',*,*,#1262,.F.);
#485=ORIENTED_EDGE('',*,*,#1264,.T.);
#486=ORIENTED_EDGE('',*,*,#1267,.T.);
#487=ORIENTED_EDGE('',*,*,#1358,.T.);
#488=ORIENTED_EDGE('',*,*,#1218,.T.);
#489=ORIENTED_EDGE('',*,*,#1271,.F.);
#490=ORIENTED_EDGE('',*,*,#1273,.T.);
#491=ORIENTED_EDGE('',*,*,#1276,.T.);
#492=ORIENTED_EDGE('',*,*,#1279,.T.);
#493=ORIENTED_EDGE('',*,*,#1409,.T.);
#494=ORIENTED_EDGE('',*,*,#1255,.F.);
#495=ORIENTED_EDGE('',*,*,#1409,.F.);
#496=ORIENTED_EDGE('',*,*,#1281,.F.);
#497=ORIENTED_EDGE('',*,*,#1408,.T.);
#498=ORIENTED_EDGE('',*,*,#1410,.T.);
#499=ORIENTED_EDGE('',*,*,#1252,.F.);
#500=ORIENTED_EDGE('',*,*,#1411,.F.);
#501=ORIENTED_EDGE('',*,*,#1250,.F.);
#502=ORIENTED_EDGE('',*,*,#1235,.T.);
#503=ORIENTED_EDGE('',*,*,#1239,.T.);
#504=ORIENTED_EDGE('',*,*,#1243,.F.);
#505=ORIENTED_EDGE('',*,*,#1245,.T.);
#506=ORIENTED_EDGE('',*,*,#1248,.T.);
#507=ORIENTED_EDGE('',*,*,#1411,.T.);
#508=ORIENTED_EDGE('',*,*,#1251,.T.);
#509=ORIENTED_EDGE('',*,*,#1226,.T.);
#510=ORIENTED_EDGE('',*,*,#1230,.T.);
#511=ORIENTED_EDGE('',*,*,#1233,.F.);
#512=ORIENTED_EDGE('',*,*,#1210,.T.);
#513=ORIENTED_EDGE('',*,*,#1357,.T.);
#514=ORIENTED_EDGE('',*,*,#1237,.T.);
#515=ORIENTED_EDGE('',*,*,#1356,.F.);
#516=ORIENTED_EDGE('',*,*,#1212,.T.);
#517=ORIENTED_EDGE('',*,*,#1234,.F.);
#518=ORIENTED_EDGE('',*,*,#1231,.T.);
#519=ORIENTED_EDGE('',*,*,#1228,.T.);
#520=ORIENTED_EDGE('',*,*,#1253,.T.);
#521=ORIENTED_EDGE('',*,*,#1410,.F.);
#522=ORIENTED_EDGE('',*,*,#1249,.T.);
#523=ORIENTED_EDGE('',*,*,#1246,.T.);
#524=ORIENTED_EDGE('',*,*,#1244,.F.);
#525=ORIENTED_EDGE('',*,*,#1240,.T.);
#526=ORIENTED_EDGE('',*,*,#1412,.T.);
#527=ORIENTED_EDGE('',*,*,#1413,.F.);
#528=ORIENTED_EDGE('',*,*,#1414,.F.);
#529=ORIENTED_EDGE('',*,*,#1415,.T.);
#530=ORIENTED_EDGE('',*,*,#1416,.T.);
#531=ORIENTED_EDGE('',*,*,#1417,.F.);
#532=ORIENTED_EDGE('',*,*,#1418,.F.);
#533=ORIENTED_EDGE('',*,*,#1413,.T.);
#534=ORIENTED_EDGE('',*,*,#1419,.T.);
#535=ORIENTED_EDGE('',*,*,#1420,.T.);
#536=ORIENTED_EDGE('',*,*,#1421,.T.);
#537=ORIENTED_EDGE('',*,*,#1422,.T.);
#538=ORIENTED_EDGE('',*,*,#1423,.T.);
#539=ORIENTED_EDGE('',*,*,#1424,.T.);
#540=ORIENTED_EDGE('',*,*,#1425,.T.);
#541=ORIENTED_EDGE('',*,*,#1426,.T.);
#542=ORIENTED_EDGE('',*,*,#1427,.T.);
#543=ORIENTED_EDGE('',*,*,#1428,.T.);
#544=ORIENTED_EDGE('',*,*,#1429,.T.);
#545=ORIENTED_EDGE('',*,*,#1430,.T.);
#546=ORIENTED_EDGE('',*,*,#1431,.T.);
#547=ORIENTED_EDGE('',*,*,#1432,.T.);
#548=ORIENTED_EDGE('',*,*,#1433,.T.);
#549=ORIENTED_EDGE('',*,*,#1434,.F.);
#550=ORIENTED_EDGE('',*,*,#1435,.F.);
#551=ORIENTED_EDGE('',*,*,#1417,.T.);
#552=ORIENTED_EDGE('',*,*,#1436,.T.);
#553=ORIENTED_EDGE('',*,*,#1415,.F.);
#554=ORIENTED_EDGE('',*,*,#1437,.F.);
#555=ORIENTED_EDGE('',*,*,#1434,.T.);
#556=ORIENTED_EDGE('',*,*,#1414,.T.);
#557=ORIENTED_EDGE('',*,*,#1418,.T.);
#558=ORIENTED_EDGE('',*,*,#1435,.T.);
#559=ORIENTED_EDGE('',*,*,#1437,.T.);
#560=ORIENTED_EDGE('',*,*,#1412,.F.);
#561=ORIENTED_EDGE('',*,*,#1436,.F.);
#562=ORIENTED_EDGE('',*,*,#1433,.F.);
#563=ORIENTED_EDGE('',*,*,#1416,.F.);
#564=ORIENTED_EDGE('',*,*,#1438,.F.);
#565=ORIENTED_EDGE('',*,*,#1439,.F.);
#566=ORIENTED_EDGE('',*,*,#1440,.T.);
#567=ORIENTED_EDGE('',*,*,#1420,.F.);
#568=ORIENTED_EDGE('',*,*,#1441,.F.);
#569=ORIENTED_EDGE('',*,*,#1442,.F.);
#570=ORIENTED_EDGE('',*,*,#1438,.T.);
#571=ORIENTED_EDGE('',*,*,#1419,.F.);
#572=ORIENTED_EDGE('',*,*,#1443,.F.);
#573=ORIENTED_EDGE('',*,*,#1444,.F.);
#574=ORIENTED_EDGE('',*,*,#1441,.T.);
#575=ORIENTED_EDGE('',*,*,#1432,.F.);
#576=ORIENTED_EDGE('',*,*,#1445,.F.);
#577=ORIENTED_EDGE('',*,*,#1446,.F.);
#578=ORIENTED_EDGE('',*,*,#1443,.T.);
#579=ORIENTED_EDGE('',*,*,#1431,.F.);
#580=ORIENTED_EDGE('',*,*,#1447,.F.);
#581=ORIENTED_EDGE('',*,*,#1448,.F.);
#582=ORIENTED_EDGE('',*,*,#1445,.T.);
#583=ORIENTED_EDGE('',*,*,#1430,.F.);
#584=ORIENTED_EDGE('',*,*,#1449,.F.);
#585=ORIENTED_EDGE('',*,*,#1450,.F.);
#586=ORIENTED_EDGE('',*,*,#1447,.T.);
#587=ORIENTED_EDGE('',*,*,#1429,.F.);
#588=ORIENTED_EDGE('',*,*,#1451,.F.);
#589=ORIENTED_EDGE('',*,*,#1452,.F.);
#590=ORIENTED_EDGE('',*,*,#1449,.T.);
#591=ORIENTED_EDGE('',*,*,#1428,.F.);
#592=ORIENTED_EDGE('',*,*,#1453,.F.);
#593=ORIENTED_EDGE('',*,*,#1454,.F.);
#594=ORIENTED_EDGE('',*,*,#1451,.T.);
#595=ORIENTED_EDGE('',*,*,#1427,.F.);
#596=ORIENTED_EDGE('',*,*,#1455,.F.);
#597=ORIENTED_EDGE('',*,*,#1456,.F.);
#598=ORIENTED_EDGE('',*,*,#1453,.T.);
#599=ORIENTED_EDGE('',*,*,#1426,.F.);
#600=ORIENTED_EDGE('',*,*,#1457,.F.);
#601=ORIENTED_EDGE('',*,*,#1458,.F.);
#602=ORIENTED_EDGE('',*,*,#1455,.T.);
#603=ORIENTED_EDGE('',*,*,#1425,.F.);
#604=ORIENTED_EDGE('',*,*,#1459,.F.);
#605=ORIENTED_EDGE('',*,*,#1460,.F.);
#606=ORIENTED_EDGE('',*,*,#1457,.T.);
#607=ORIENTED_EDGE('',*,*,#1424,.F.);
#608=ORIENTED_EDGE('',*,*,#1461,.F.);
#609=ORIENTED_EDGE('',*,*,#1462,.F.);
#610=ORIENTED_EDGE('',*,*,#1459,.T.);
#611=ORIENTED_EDGE('',*,*,#1423,.F.);
#612=ORIENTED_EDGE('',*,*,#1463,.F.);
#613=ORIENTED_EDGE('',*,*,#1464,.F.);
#614=ORIENTED_EDGE('',*,*,#1461,.T.);
#615=ORIENTED_EDGE('',*,*,#1422,.F.);
#616=ORIENTED_EDGE('',*,*,#1465,.T.);
#617=ORIENTED_EDGE('',*,*,#1466,.F.);
#618=ORIENTED_EDGE('',*,*,#1467,.T.);
#619=ORIENTED_EDGE('',*,*,#1468,.T.);
#620=ORIENTED_EDGE('',*,*,#1469,.T.);
#621=ORIENTED_EDGE('',*,*,#1470,.F.);
#622=ORIENTED_EDGE('',*,*,#1471,.T.);
#623=ORIENTED_EDGE('',*,*,#1466,.T.);
#624=ORIENTED_EDGE('',*,*,#1472,.T.);
#625=ORIENTED_EDGE('',*,*,#1473,.F.);
#626=ORIENTED_EDGE('',*,*,#1474,.T.);
#627=ORIENTED_EDGE('',*,*,#1470,.T.);
#628=ORIENTED_EDGE('',*,*,#1475,.T.);
#629=ORIENTED_EDGE('',*,*,#1468,.F.);
#630=ORIENTED_EDGE('',*,*,#1476,.T.);
#631=ORIENTED_EDGE('',*,*,#1473,.T.);
#632=ORIENTED_EDGE('',*,*,#1440,.F.);
#633=ORIENTED_EDGE('',*,*,#1477,.F.);
#634=ORIENTED_EDGE('',*,*,#1463,.T.);
#635=ORIENTED_EDGE('',*,*,#1421,.F.);
#636=ORIENTED_EDGE('',*,*,#1467,.F.);
#637=ORIENTED_EDGE('',*,*,#1471,.F.);
#638=ORIENTED_EDGE('',*,*,#1474,.F.);
#639=ORIENTED_EDGE('',*,*,#1476,.F.);
#640=ORIENTED_EDGE('',*,*,#1439,.T.);
#641=ORIENTED_EDGE('',*,*,#1442,.T.);
#642=ORIENTED_EDGE('',*,*,#1444,.T.);
#643=ORIENTED_EDGE('',*,*,#1446,.T.);
#644=ORIENTED_EDGE('',*,*,#1448,.T.);
#645=ORIENTED_EDGE('',*,*,#1450,.T.);
#646=ORIENTED_EDGE('',*,*,#1452,.T.);
#647=ORIENTED_EDGE('',*,*,#1454,.T.);
#648=ORIENTED_EDGE('',*,*,#1456,.T.);
#649=ORIENTED_EDGE('',*,*,#1458,.T.);
#650=ORIENTED_EDGE('',*,*,#1460,.T.);
#651=ORIENTED_EDGE('',*,*,#1462,.T.);
#652=ORIENTED_EDGE('',*,*,#1464,.T.);
#653=ORIENTED_EDGE('',*,*,#1477,.T.);
#654=ORIENTED_EDGE('',*,*,#1465,.F.);
#655=ORIENTED_EDGE('',*,*,#1475,.F.);
#656=ORIENTED_EDGE('',*,*,#1472,.F.);
#657=ORIENTED_EDGE('',*,*,#1469,.F.);
#658=ORIENTED_EDGE('',*,*,#1478,.F.);
#659=ORIENTED_EDGE('',*,*,#1479,.F.);
#660=ORIENTED_EDGE('',*,*,#1480,.T.);
#661=ORIENTED_EDGE('',*,*,#1481,.F.);
#662=ORIENTED_EDGE('',*,*,#1482,.F.);
#663=ORIENTED_EDGE('',*,*,#1483,.F.);
#664=ORIENTED_EDGE('',*,*,#1484,.T.);
#665=ORIENTED_EDGE('',*,*,#1485,.F.);
#666=ORIENTED_EDGE('',*,*,#1486,.F.);
#667=ORIENTED_EDGE('',*,*,#1487,.T.);
#668=ORIENTED_EDGE('',*,*,#1488,.T.);
#669=ORIENTED_EDGE('',*,*,#1489,.F.);
#670=ORIENTED_EDGE('',*,*,#1490,.F.);
#671=ORIENTED_EDGE('',*,*,#1491,.F.);
#672=ORIENTED_EDGE('',*,*,#1492,.T.);
#673=ORIENTED_EDGE('',*,*,#1493,.F.);
#674=ORIENTED_EDGE('',*,*,#1494,.F.);
#675=ORIENTED_EDGE('',*,*,#1495,.F.);
#676=ORIENTED_EDGE('',*,*,#1496,.T.);
#677=ORIENTED_EDGE('',*,*,#1497,.F.);
#678=ORIENTED_EDGE('',*,*,#1498,.F.);
#679=ORIENTED_EDGE('',*,*,#1499,.F.);
#680=ORIENTED_EDGE('',*,*,#1500,.T.);
#681=ORIENTED_EDGE('',*,*,#1501,.F.);
#682=ORIENTED_EDGE('',*,*,#1502,.T.);
#683=ORIENTED_EDGE('',*,*,#1503,.F.);
#684=ORIENTED_EDGE('',*,*,#1504,.T.);
#685=ORIENTED_EDGE('',*,*,#1505,.F.);
#686=ORIENTED_EDGE('',*,*,#1506,.T.);
#687=ORIENTED_EDGE('',*,*,#1507,.F.);
#688=ORIENTED_EDGE('',*,*,#1508,.T.);
#689=ORIENTED_EDGE('',*,*,#1509,.T.);
#690=ORIENTED_EDGE('',*,*,#1510,.F.);
#691=ORIENTED_EDGE('',*,*,#1511,.F.);
#692=ORIENTED_EDGE('',*,*,#1512,.F.);
#693=ORIENTED_EDGE('',*,*,#1513,.F.);
#694=ORIENTED_EDGE('',*,*,#1514,.F.);
#695=ORIENTED_EDGE('',*,*,#1515,.F.);
#696=ORIENTED_EDGE('',*,*,#1516,.F.);
#697=ORIENTED_EDGE('',*,*,#1517,.F.);
#698=ORIENTED_EDGE('',*,*,#1518,.F.);
#699=ORIENTED_EDGE('',*,*,#1519,.T.);
#700=ORIENTED_EDGE('',*,*,#1520,.F.);
#701=ORIENTED_EDGE('',*,*,#1521,.F.);
#702=ORIENTED_EDGE('',*,*,#1522,.F.);
#703=ORIENTED_EDGE('',*,*,#1523,.T.);
#704=ORIENTED_EDGE('',*,*,#1524,.F.);
#705=ORIENTED_EDGE('',*,*,#1525,.F.);
#706=ORIENTED_EDGE('',*,*,#1526,.F.);
#707=ORIENTED_EDGE('',*,*,#1521,.T.);
#708=ORIENTED_EDGE('',*,*,#1527,.F.);
#709=ORIENTED_EDGE('',*,*,#1528,.F.);
#710=ORIENTED_EDGE('',*,*,#1529,.F.);
#711=ORIENTED_EDGE('',*,*,#1525,.T.);
#712=ORIENTED_EDGE('',*,*,#1530,.F.);
#713=ORIENTED_EDGE('',*,*,#1531,.F.);
#714=ORIENTED_EDGE('',*,*,#1532,.F.);
#715=ORIENTED_EDGE('',*,*,#1528,.T.);
#716=ORIENTED_EDGE('',*,*,#1533,.F.);
#717=ORIENTED_EDGE('',*,*,#1534,.F.);
#718=ORIENTED_EDGE('',*,*,#1535,.F.);
#719=ORIENTED_EDGE('',*,*,#1531,.T.);
#720=ORIENTED_EDGE('',*,*,#1536,.F.);
#721=ORIENTED_EDGE('',*,*,#1537,.F.);
#722=ORIENTED_EDGE('',*,*,#1538,.F.);
#723=ORIENTED_EDGE('',*,*,#1534,.T.);
#724=ORIENTED_EDGE('',*,*,#1539,.F.);
#725=ORIENTED_EDGE('',*,*,#1540,.F.);
#726=ORIENTED_EDGE('',*,*,#1541,.F.);
#727=ORIENTED_EDGE('',*,*,#1537,.T.);
#728=ORIENTED_EDGE('',*,*,#1542,.F.);
#729=ORIENTED_EDGE('',*,*,#1543,.F.);
#730=ORIENTED_EDGE('',*,*,#1544,.F.);
#731=ORIENTED_EDGE('',*,*,#1545,.T.);
#732=ORIENTED_EDGE('',*,*,#1540,.T.);
#733=ORIENTED_EDGE('',*,*,#1546,.T.);
#734=ORIENTED_EDGE('',*,*,#1547,.F.);
#735=ORIENTED_EDGE('',*,*,#1548,.T.);
#736=ORIENTED_EDGE('',*,*,#1543,.T.);
#737=ORIENTED_EDGE('',*,*,#1549,.T.);
#738=ORIENTED_EDGE('',*,*,#1550,.F.);
#739=ORIENTED_EDGE('',*,*,#1544,.T.);
#740=ORIENTED_EDGE('',*,*,#1551,.F.);
#741=ORIENTED_EDGE('',*,*,#1552,.F.);
#742=ORIENTED_EDGE('',*,*,#1553,.F.);
#743=ORIENTED_EDGE('',*,*,#1547,.T.);
#744=ORIENTED_EDGE('',*,*,#1554,.F.);
#745=ORIENTED_EDGE('',*,*,#1555,.F.);
#746=ORIENTED_EDGE('',*,*,#1556,.F.);
#747=ORIENTED_EDGE('',*,*,#1557,.F.);
#748=ORIENTED_EDGE('',*,*,#1552,.T.);
#749=ORIENTED_EDGE('',*,*,#1558,.F.);
#750=ORIENTED_EDGE('',*,*,#1559,.F.);
#751=ORIENTED_EDGE('',*,*,#1560,.F.);
#752=ORIENTED_EDGE('',*,*,#1555,.T.);
#753=ORIENTED_EDGE('',*,*,#1561,.F.);
#754=ORIENTED_EDGE('',*,*,#1562,.F.);
#755=ORIENTED_EDGE('',*,*,#1563,.T.);
#756=ORIENTED_EDGE('',*,*,#1564,.F.);
#757=ORIENTED_EDGE('',*,*,#1565,.F.);
#758=ORIENTED_EDGE('',*,*,#1566,.F.);
#759=ORIENTED_EDGE('',*,*,#1567,.F.);
#760=ORIENTED_EDGE('',*,*,#1568,.T.);
#761=ORIENTED_EDGE('',*,*,#1569,.T.);
#762=ORIENTED_EDGE('',*,*,#1570,.F.);
#763=ORIENTED_EDGE('',*,*,#1571,.F.);
#764=ORIENTED_EDGE('',*,*,#1572,.F.);
#765=ORIENTED_EDGE('',*,*,#1573,.F.);
#766=ORIENTED_EDGE('',*,*,#1574,.F.);
#767=ORIENTED_EDGE('',*,*,#1575,.F.);
#768=ORIENTED_EDGE('',*,*,#1576,.F.);
#769=ORIENTED_EDGE('',*,*,#1577,.F.);
#770=ORIENTED_EDGE('',*,*,#1578,.F.);
#771=ORIENTED_EDGE('',*,*,#1576,.T.);
#772=ORIENTED_EDGE('',*,*,#1579,.F.);
#773=ORIENTED_EDGE('',*,*,#1580,.F.);
#774=ORIENTED_EDGE('',*,*,#1581,.F.);
#775=ORIENTED_EDGE('',*,*,#1572,.T.);
#776=ORIENTED_EDGE('',*,*,#1582,.F.);
#777=ORIENTED_EDGE('',*,*,#1583,.F.);
#778=ORIENTED_EDGE('',*,*,#1584,.F.);
#779=ORIENTED_EDGE('',*,*,#1585,.T.);
#780=ORIENTED_EDGE('',*,*,#1580,.T.);
#781=ORIENTED_EDGE('',*,*,#1586,.T.);
#782=ORIENTED_EDGE('',*,*,#1587,.F.);
#783=ORIENTED_EDGE('',*,*,#1588,.T.);
#784=ORIENTED_EDGE('',*,*,#1583,.T.);
#785=ORIENTED_EDGE('',*,*,#1589,.T.);
#786=ORIENTED_EDGE('',*,*,#1590,.F.);
#787=ORIENTED_EDGE('',*,*,#1584,.T.);
#788=ORIENTED_EDGE('',*,*,#1591,.F.);
#789=ORIENTED_EDGE('',*,*,#1592,.F.);
#790=ORIENTED_EDGE('',*,*,#1593,.F.);
#791=ORIENTED_EDGE('',*,*,#1587,.T.);
#792=ORIENTED_EDGE('',*,*,#1594,.F.);
#793=ORIENTED_EDGE('',*,*,#1595,.F.);
#794=ORIENTED_EDGE('',*,*,#1596,.F.);
#795=ORIENTED_EDGE('',*,*,#1592,.T.);
#796=ORIENTED_EDGE('',*,*,#1597,.F.);
#797=ORIENTED_EDGE('',*,*,#1598,.F.);
#798=ORIENTED_EDGE('',*,*,#1599,.F.);
#799=ORIENTED_EDGE('',*,*,#1595,.T.);
#800=ORIENTED_EDGE('',*,*,#1600,.F.);
#801=ORIENTED_EDGE('',*,*,#1601,.F.);
#802=ORIENTED_EDGE('',*,*,#1602,.F.);
#803=ORIENTED_EDGE('',*,*,#1598,.T.);
#804=ORIENTED_EDGE('',*,*,#1603,.F.);
#805=ORIENTED_EDGE('',*,*,#1604,.F.);
#806=ORIENTED_EDGE('',*,*,#1605,.F.);
#807=ORIENTED_EDGE('',*,*,#1601,.T.);
#808=ORIENTED_EDGE('',*,*,#1606,.F.);
#809=ORIENTED_EDGE('',*,*,#1607,.F.);
#810=ORIENTED_EDGE('',*,*,#1608,.F.);
#811=ORIENTED_EDGE('',*,*,#1604,.T.);
#812=ORIENTED_EDGE('',*,*,#1609,.F.);
#813=ORIENTED_EDGE('',*,*,#1610,.F.);
#814=ORIENTED_EDGE('',*,*,#1611,.F.);
#815=ORIENTED_EDGE('',*,*,#1607,.T.);
#816=ORIENTED_EDGE('',*,*,#1612,.F.);
#817=ORIENTED_EDGE('',*,*,#1613,.F.);
#818=ORIENTED_EDGE('',*,*,#1614,.F.);
#819=ORIENTED_EDGE('',*,*,#1610,.T.);
#820=ORIENTED_EDGE('',*,*,#1615,.F.);
#821=ORIENTED_EDGE('',*,*,#1616,.F.);
#822=ORIENTED_EDGE('',*,*,#1617,.F.);
#823=ORIENTED_EDGE('',*,*,#1613,.T.);
#824=ORIENTED_EDGE('',*,*,#1618,.F.);
#825=ORIENTED_EDGE('',*,*,#1619,.F.);
#826=ORIENTED_EDGE('',*,*,#1620,.F.);
#827=ORIENTED_EDGE('',*,*,#1616,.T.);
#828=ORIENTED_EDGE('',*,*,#1621,.F.);
#829=ORIENTED_EDGE('',*,*,#1622,.F.);
#830=ORIENTED_EDGE('',*,*,#1623,.F.);
#831=ORIENTED_EDGE('',*,*,#1619,.T.);
#832=ORIENTED_EDGE('',*,*,#1624,.F.);
#833=ORIENTED_EDGE('',*,*,#1625,.F.);
#834=ORIENTED_EDGE('',*,*,#1626,.F.);
#835=ORIENTED_EDGE('',*,*,#1622,.T.);
#836=ORIENTED_EDGE('',*,*,#1627,.F.);
#837=ORIENTED_EDGE('',*,*,#1480,.F.);
#838=ORIENTED_EDGE('',*,*,#1628,.F.);
#839=ORIENTED_EDGE('',*,*,#1625,.T.);
#840=ORIENTED_EDGE('',*,*,#1629,.F.);
#841=ORIENTED_EDGE('',*,*,#1484,.F.);
#842=ORIENTED_EDGE('',*,*,#1630,.F.);
#843=ORIENTED_EDGE('',*,*,#1516,.T.);
#844=ORIENTED_EDGE('',*,*,#1631,.F.);
#845=ORIENTED_EDGE('',*,*,#1632,.F.);
#846=ORIENTED_EDGE('',*,*,#1633,.F.);
#847=ORIENTED_EDGE('',*,*,#1512,.T.);
#848=ORIENTED_EDGE('',*,*,#1634,.F.);
#849=ORIENTED_EDGE('',*,*,#1635,.F.);
#850=ORIENTED_EDGE('',*,*,#1636,.F.);
#851=ORIENTED_EDGE('',*,*,#1632,.T.);
#852=ORIENTED_EDGE('',*,*,#1637,.F.);
#853=ORIENTED_EDGE('',*,*,#1638,.F.);
#854=ORIENTED_EDGE('',*,*,#1639,.F.);
#855=ORIENTED_EDGE('',*,*,#1635,.T.);
#856=ORIENTED_EDGE('',*,*,#1640,.F.);
#857=ORIENTED_EDGE('',*,*,#1641,.F.);
#858=ORIENTED_EDGE('',*,*,#1642,.F.);
#859=ORIENTED_EDGE('',*,*,#1638,.T.);
#860=ORIENTED_EDGE('',*,*,#1643,.F.);
#861=ORIENTED_EDGE('',*,*,#1519,.F.);
#862=ORIENTED_EDGE('',*,*,#1644,.F.);
#863=ORIENTED_EDGE('',*,*,#1641,.T.);
#864=ORIENTED_EDGE('',*,*,#1645,.F.);
#865=ORIENTED_EDGE('',*,*,#1523,.F.);
#866=ORIENTED_EDGE('',*,*,#1499,.T.);
#867=ORIENTED_EDGE('',*,*,#1646,.T.);
#868=ORIENTED_EDGE('',*,*,#1565,.T.);
#869=ORIENTED_EDGE('',*,*,#1647,.T.);
#870=ORIENTED_EDGE('',*,*,#1567,.T.);
#871=ORIENTED_EDGE('',*,*,#1648,.T.);
#872=ORIENTED_EDGE('',*,*,#1497,.T.);
#873=ORIENTED_EDGE('',*,*,#1649,.F.);
#874=ORIENTED_EDGE('',*,*,#1650,.T.);
#875=ORIENTED_EDGE('',*,*,#1651,.T.);
#876=ORIENTED_EDGE('',*,*,#1652,.T.);
#877=ORIENTED_EDGE('',*,*,#1653,.F.);
#878=ORIENTED_EDGE('',*,*,#1654,.F.);
#879=ORIENTED_EDGE('',*,*,#1509,.F.);
#880=ORIENTED_EDGE('',*,*,#1655,.T.);
#881=ORIENTED_EDGE('',*,*,#1656,.F.);
#882=ORIENTED_EDGE('',*,*,#1657,.F.);
#883=ORIENTED_EDGE('',*,*,#1658,.F.);
#884=ORIENTED_EDGE('',*,*,#1659,.T.);
#885=ORIENTED_EDGE('',*,*,#1487,.F.);
#886=ORIENTED_EDGE('',*,*,#1660,.F.);
#887=ORIENTED_EDGE('',*,*,#1569,.F.);
#888=ORIENTED_EDGE('',*,*,#1661,.F.);
#889=ORIENTED_EDGE('',*,*,#1563,.F.);
#890=ORIENTED_EDGE('',*,*,#1662,.F.);
#891=ORIENTED_EDGE('',*,*,#1494,.T.);
#892=ORIENTED_EDGE('',*,*,#1663,.F.);
#893=ORIENTED_EDGE('',*,*,#1664,.F.);
#894=ORIENTED_EDGE('',*,*,#1665,.F.);
#895=ORIENTED_EDGE('',*,*,#1490,.T.);
#896=ORIENTED_EDGE('',*,*,#1666,.F.);
#897=ORIENTED_EDGE('',*,*,#1667,.F.);
#898=ORIENTED_EDGE('',*,*,#1668,.F.);
#899=ORIENTED_EDGE('',*,*,#1664,.T.);
#900=ORIENTED_EDGE('',*,*,#1669,.F.);
#901=ORIENTED_EDGE('',*,*,#1670,.F.);
#902=ORIENTED_EDGE('',*,*,#1671,.F.);
#903=ORIENTED_EDGE('',*,*,#1667,.T.);
#904=ORIENTED_EDGE('',*,*,#1672,.F.);
#905=ORIENTED_EDGE('',*,*,#1673,.F.);
#906=ORIENTED_EDGE('',*,*,#1674,.T.);
#907=ORIENTED_EDGE('',*,*,#1670,.T.);
#908=ORIENTED_EDGE('',*,*,#1675,.T.);
#909=ORIENTED_EDGE('',*,*,#1676,.F.);
#910=ORIENTED_EDGE('',*,*,#1677,.T.);
#911=ORIENTED_EDGE('',*,*,#1673,.T.);
#912=ORIENTED_EDGE('',*,*,#1678,.T.);
#913=ORIENTED_EDGE('',*,*,#1679,.F.);
#914=ORIENTED_EDGE('',*,*,#1680,.F.);
#915=ORIENTED_EDGE('',*,*,#1676,.T.);
#916=ORIENTED_EDGE('',*,*,#1681,.F.);
#917=ORIENTED_EDGE('',*,*,#1682,.F.);
#918=ORIENTED_EDGE('',*,*,#1683,.F.);
#919=ORIENTED_EDGE('',*,*,#1679,.T.);
#920=ORIENTED_EDGE('',*,*,#1684,.F.);
#921=ORIENTED_EDGE('',*,*,#1685,.F.);
#922=ORIENTED_EDGE('',*,*,#1686,.F.);
#923=ORIENTED_EDGE('',*,*,#1682,.T.);
#924=ORIENTED_EDGE('',*,*,#1687,.F.);
#925=ORIENTED_EDGE('',*,*,#1688,.F.);
#926=ORIENTED_EDGE('',*,*,#1689,.F.);
#927=ORIENTED_EDGE('',*,*,#1685,.T.);
#928=ORIENTED_EDGE('',*,*,#1690,.F.);
#929=ORIENTED_EDGE('',*,*,#1691,.F.);
#930=ORIENTED_EDGE('',*,*,#1692,.F.);
#931=ORIENTED_EDGE('',*,*,#1688,.T.);
#932=ORIENTED_EDGE('',*,*,#1693,.F.);
#933=ORIENTED_EDGE('',*,*,#1694,.T.);
#934=ORIENTED_EDGE('',*,*,#1695,.F.);
#935=ORIENTED_EDGE('',*,*,#1691,.T.);
#936=ORIENTED_EDGE('',*,*,#1696,.F.);
#937=ORIENTED_EDGE('',*,*,#1697,.T.);
#938=ORIENTED_EDGE('',*,*,#1658,.T.);
#939=ORIENTED_EDGE('',*,*,#1698,.F.);
#940=ORIENTED_EDGE('',*,*,#1650,.F.);
#941=ORIENTED_EDGE('',*,*,#1699,.T.);
#942=ORIENTED_EDGE('',*,*,#1700,.F.);
#943=ORIENTED_EDGE('',*,*,#1701,.F.);
#944=ORIENTED_EDGE('',*,*,#1702,.F.);
#945=ORIENTED_EDGE('',*,*,#1703,.T.);
#946=ORIENTED_EDGE('',*,*,#1704,.F.);
#947=ORIENTED_EDGE('',*,*,#1705,.F.);
#948=ORIENTED_EDGE('',*,*,#1706,.F.);
#949=ORIENTED_EDGE('',*,*,#1707,.T.);
#950=ORIENTED_EDGE('',*,*,#1652,.F.);
#951=ORIENTED_EDGE('',*,*,#1708,.T.);
#952=ORIENTED_EDGE('',*,*,#1656,.T.);
#953=ORIENTED_EDGE('',*,*,#1709,.T.);
#954=ORIENTED_EDGE('',*,*,#1710,.F.);
#955=ORIENTED_EDGE('',*,*,#1705,.T.);
#956=ORIENTED_EDGE('',*,*,#1711,.F.);
#957=ORIENTED_EDGE('',*,*,#1712,.F.);
#958=ORIENTED_EDGE('',*,*,#1713,.F.);
#959=ORIENTED_EDGE('',*,*,#1701,.T.);
#960=ORIENTED_EDGE('',*,*,#1714,.F.);
#961=ORIENTED_EDGE('',*,*,#1715,.F.);
#962=ORIENTED_EDGE('',*,*,#1716,.F.);
#963=ORIENTED_EDGE('',*,*,#1712,.T.);
#964=ORIENTED_EDGE('',*,*,#1717,.F.);
#965=ORIENTED_EDGE('',*,*,#1718,.F.);
#966=ORIENTED_EDGE('',*,*,#1719,.F.);
#967=ORIENTED_EDGE('',*,*,#1715,.T.);
#968=ORIENTED_EDGE('',*,*,#1720,.F.);
#969=ORIENTED_EDGE('',*,*,#1721,.F.);
#970=ORIENTED_EDGE('',*,*,#1722,.T.);
#971=ORIENTED_EDGE('',*,*,#1718,.T.);
#972=ORIENTED_EDGE('',*,*,#1723,.T.);
#973=ORIENTED_EDGE('',*,*,#1724,.F.);
#974=ORIENTED_EDGE('',*,*,#1725,.T.);
#975=ORIENTED_EDGE('',*,*,#1721,.T.);
#976=ORIENTED_EDGE('',*,*,#1726,.T.);
#977=ORIENTED_EDGE('',*,*,#1727,.F.);
#978=ORIENTED_EDGE('',*,*,#1728,.F.);
#979=ORIENTED_EDGE('',*,*,#1724,.T.);
#980=ORIENTED_EDGE('',*,*,#1729,.F.);
#981=ORIENTED_EDGE('',*,*,#1730,.F.);
#982=ORIENTED_EDGE('',*,*,#1731,.F.);
#983=ORIENTED_EDGE('',*,*,#1727,.T.);
#984=ORIENTED_EDGE('',*,*,#1732,.F.);
#985=ORIENTED_EDGE('',*,*,#1733,.F.);
#986=ORIENTED_EDGE('',*,*,#1734,.F.);
#987=ORIENTED_EDGE('',*,*,#1730,.T.);
#988=ORIENTED_EDGE('',*,*,#1735,.F.);
#989=ORIENTED_EDGE('',*,*,#1502,.F.);
#990=ORIENTED_EDGE('',*,*,#1736,.F.);
#991=ORIENTED_EDGE('',*,*,#1733,.T.);
#992=ORIENTED_EDGE('',*,*,#1737,.F.);
#993=ORIENTED_EDGE('',*,*,#1506,.F.);
#994=ORIENTED_EDGE('',*,*,#1661,.T.);
#995=ORIENTED_EDGE('',*,*,#1568,.F.);
#996=ORIENTED_EDGE('',*,*,#1647,.F.);
#997=ORIENTED_EDGE('',*,*,#1564,.T.);
#998=ORIENTED_EDGE('',*,*,#1657,.T.);
#999=ORIENTED_EDGE('',*,*,#1708,.F.);
#1000=ORIENTED_EDGE('',*,*,#1651,.F.);
#1001=ORIENTED_EDGE('',*,*,#1698,.T.);
#1002=ORIENTED_EDGE('',*,*,#1659,.F.);
#1003=ORIENTED_EDGE('',*,*,#1697,.F.);
#1004=ORIENTED_EDGE('',*,*,#1738,.F.);
#1005=ORIENTED_EDGE('',*,*,#1488,.F.);
#1006=ORIENTED_EDGE('',*,*,#1489,.T.);
#1007=ORIENTED_EDGE('',*,*,#1738,.T.);
#1008=ORIENTED_EDGE('',*,*,#1696,.T.);
#1009=ORIENTED_EDGE('',*,*,#1690,.T.);
#1010=ORIENTED_EDGE('',*,*,#1684,.T.);
#1011=ORIENTED_EDGE('',*,*,#1678,.F.);
#1012=ORIENTED_EDGE('',*,*,#1672,.T.);
#1013=ORIENTED_EDGE('',*,*,#1666,.T.);
#1014=ORIENTED_EDGE('',*,*,#1655,.F.);
#1015=ORIENTED_EDGE('',*,*,#1508,.F.);
#1016=ORIENTED_EDGE('',*,*,#1739,.F.);
#1017=ORIENTED_EDGE('',*,*,#1709,.F.);
#1018=ORIENTED_EDGE('',*,*,#1700,.T.);
#1019=ORIENTED_EDGE('',*,*,#1739,.T.);
#1020=ORIENTED_EDGE('',*,*,#1507,.T.);
#1021=ORIENTED_EDGE('',*,*,#1737,.T.);
#1022=ORIENTED_EDGE('',*,*,#1732,.T.);
#1023=ORIENTED_EDGE('',*,*,#1726,.F.);
#1024=ORIENTED_EDGE('',*,*,#1720,.T.);
#1025=ORIENTED_EDGE('',*,*,#1714,.T.);
#1026=ORIENTED_EDGE('',*,*,#1740,.F.);
#1027=ORIENTED_EDGE('',*,*,#1699,.F.);
#1028=ORIENTED_EDGE('',*,*,#1649,.T.);
#1029=ORIENTED_EDGE('',*,*,#1496,.F.);
#1030=ORIENTED_EDGE('',*,*,#1495,.T.);
#1031=ORIENTED_EDGE('',*,*,#1662,.T.);
#1032=ORIENTED_EDGE('',*,*,#1668,.T.);
#1033=ORIENTED_EDGE('',*,*,#1674,.F.);
#1034=ORIENTED_EDGE('',*,*,#1680,.T.);
#1035=ORIENTED_EDGE('',*,*,#1686,.T.);
#1036=ORIENTED_EDGE('',*,*,#1692,.T.);
#1037=ORIENTED_EDGE('',*,*,#1740,.T.);
#1038=ORIENTED_EDGE('',*,*,#1741,.F.);
#1039=ORIENTED_EDGE('',*,*,#1500,.F.);
#1040=ORIENTED_EDGE('',*,*,#1653,.T.);
#1041=ORIENTED_EDGE('',*,*,#1707,.F.);
#1042=ORIENTED_EDGE('',*,*,#1706,.T.);
#1043=ORIENTED_EDGE('',*,*,#1710,.T.);
#1044=ORIENTED_EDGE('',*,*,#1716,.T.);
#1045=ORIENTED_EDGE('',*,*,#1722,.F.);
#1046=ORIENTED_EDGE('',*,*,#1728,.T.);
#1047=ORIENTED_EDGE('',*,*,#1734,.T.);
#1048=ORIENTED_EDGE('',*,*,#1501,.T.);
#1049=ORIENTED_EDGE('',*,*,#1741,.T.);
#1050=ORIENTED_EDGE('',*,*,#1742,.F.);
#1051=ORIENTED_EDGE('',*,*,#1504,.F.);
#1052=ORIENTED_EDGE('',*,*,#1743,.F.);
#1053=ORIENTED_EDGE('',*,*,#1703,.F.);
#1054=ORIENTED_EDGE('',*,*,#1702,.T.);
#1055=ORIENTED_EDGE('',*,*,#1713,.T.);
#1056=ORIENTED_EDGE('',*,*,#1719,.T.);
#1057=ORIENTED_EDGE('',*,*,#1725,.F.);
#1058=ORIENTED_EDGE('',*,*,#1731,.T.);
#1059=ORIENTED_EDGE('',*,*,#1736,.T.);
#1060=ORIENTED_EDGE('',*,*,#1505,.T.);
#1061=ORIENTED_EDGE('',*,*,#1742,.T.);
#1062=ORIENTED_EDGE('',*,*,#1704,.T.);
#1063=ORIENTED_EDGE('',*,*,#1743,.T.);
#1064=ORIENTED_EDGE('',*,*,#1503,.T.);
#1065=ORIENTED_EDGE('',*,*,#1735,.T.);
#1066=ORIENTED_EDGE('',*,*,#1729,.T.);
#1067=ORIENTED_EDGE('',*,*,#1723,.F.);
#1068=ORIENTED_EDGE('',*,*,#1717,.T.);
#1069=ORIENTED_EDGE('',*,*,#1711,.T.);
#1070=ORIENTED_EDGE('',*,*,#1493,.T.);
#1071=ORIENTED_EDGE('',*,*,#1744,.T.);
#1072=ORIENTED_EDGE('',*,*,#1693,.T.);
#1073=ORIENTED_EDGE('',*,*,#1687,.T.);
#1074=ORIENTED_EDGE('',*,*,#1681,.T.);
#1075=ORIENTED_EDGE('',*,*,#1675,.F.);
#1076=ORIENTED_EDGE('',*,*,#1669,.T.);
#1077=ORIENTED_EDGE('',*,*,#1663,.T.);
#1078=ORIENTED_EDGE('',*,*,#1491,.T.);
#1079=ORIENTED_EDGE('',*,*,#1665,.T.);
#1080=ORIENTED_EDGE('',*,*,#1671,.T.);
#1081=ORIENTED_EDGE('',*,*,#1677,.F.);
#1082=ORIENTED_EDGE('',*,*,#1683,.T.);
#1083=ORIENTED_EDGE('',*,*,#1689,.T.);
#1084=ORIENTED_EDGE('',*,*,#1695,.T.);
#1085=ORIENTED_EDGE('',*,*,#1745,.T.);
#1086=ORIENTED_EDGE('',*,*,#1745,.F.);
#1087=ORIENTED_EDGE('',*,*,#1694,.F.);
#1088=ORIENTED_EDGE('',*,*,#1744,.F.);
#1089=ORIENTED_EDGE('',*,*,#1492,.F.);
#1090=ORIENTED_EDGE('',*,*,#1486,.T.);
#1091=ORIENTED_EDGE('',*,*,#1746,.F.);
#1092=ORIENTED_EDGE('',*,*,#1570,.T.);
#1093=ORIENTED_EDGE('',*,*,#1660,.T.);
#1094=ORIENTED_EDGE('',*,*,#1485,.T.);
#1095=ORIENTED_EDGE('',*,*,#1629,.T.);
#1096=ORIENTED_EDGE('',*,*,#1624,.T.);
#1097=ORIENTED_EDGE('',*,*,#1618,.T.);
#1098=ORIENTED_EDGE('',*,*,#1612,.T.);
#1099=ORIENTED_EDGE('',*,*,#1606,.T.);
#1100=ORIENTED_EDGE('',*,*,#1600,.T.);
#1101=ORIENTED_EDGE('',*,*,#1594,.T.);
#1102=ORIENTED_EDGE('',*,*,#1589,.F.);
#1103=ORIENTED_EDGE('',*,*,#1582,.T.);
#1104=ORIENTED_EDGE('',*,*,#1571,.T.);
#1105=ORIENTED_EDGE('',*,*,#1746,.T.);
#1106=ORIENTED_EDGE('',*,*,#1510,.T.);
#1107=ORIENTED_EDGE('',*,*,#1654,.T.);
#1108=ORIENTED_EDGE('',*,*,#1562,.T.);
#1109=ORIENTED_EDGE('',*,*,#1747,.F.);
#1110=ORIENTED_EDGE('',*,*,#1561,.T.);
#1111=ORIENTED_EDGE('',*,*,#1554,.T.);
#1112=ORIENTED_EDGE('',*,*,#1549,.F.);
#1113=ORIENTED_EDGE('',*,*,#1542,.T.);
#1114=ORIENTED_EDGE('',*,*,#1536,.T.);
#1115=ORIENTED_EDGE('',*,*,#1530,.T.);
#1116=ORIENTED_EDGE('',*,*,#1524,.T.);
#1117=ORIENTED_EDGE('',*,*,#1645,.T.);
#1118=ORIENTED_EDGE('',*,*,#1640,.T.);
#1119=ORIENTED_EDGE('',*,*,#1634,.T.);
#1120=ORIENTED_EDGE('',*,*,#1511,.T.);
#1121=ORIENTED_EDGE('',*,*,#1747,.T.);
#1122=ORIENTED_EDGE('',*,*,#1478,.T.);
#1123=ORIENTED_EDGE('',*,*,#1648,.F.);
#1124=ORIENTED_EDGE('',*,*,#1566,.T.);
#1125=ORIENTED_EDGE('',*,*,#1748,.T.);
#1126=ORIENTED_EDGE('',*,*,#1479,.T.);
#1127=ORIENTED_EDGE('',*,*,#1748,.F.);
#1128=ORIENTED_EDGE('',*,*,#1577,.T.);
#1129=ORIENTED_EDGE('',*,*,#1578,.T.);
#1130=ORIENTED_EDGE('',*,*,#1585,.F.);
#1131=ORIENTED_EDGE('',*,*,#1590,.T.);
#1132=ORIENTED_EDGE('',*,*,#1596,.T.);
#1133=ORIENTED_EDGE('',*,*,#1602,.T.);
#1134=ORIENTED_EDGE('',*,*,#1608,.T.);
#1135=ORIENTED_EDGE('',*,*,#1614,.T.);
#1136=ORIENTED_EDGE('',*,*,#1620,.T.);
#1137=ORIENTED_EDGE('',*,*,#1626,.T.);
#1138=ORIENTED_EDGE('',*,*,#1498,.T.);
#1139=ORIENTED_EDGE('',*,*,#1749,.T.);
#1140=ORIENTED_EDGE('',*,*,#1556,.T.);
#1141=ORIENTED_EDGE('',*,*,#1646,.F.);
#1142=ORIENTED_EDGE('',*,*,#1557,.T.);
#1143=ORIENTED_EDGE('',*,*,#1749,.F.);
#1144=ORIENTED_EDGE('',*,*,#1517,.T.);
#1145=ORIENTED_EDGE('',*,*,#1630,.T.);
#1146=ORIENTED_EDGE('',*,*,#1636,.T.);
#1147=ORIENTED_EDGE('',*,*,#1642,.T.);
#1148=ORIENTED_EDGE('',*,*,#1518,.T.);
#1149=ORIENTED_EDGE('',*,*,#1526,.T.);
#1150=ORIENTED_EDGE('',*,*,#1532,.T.);
#1151=ORIENTED_EDGE('',*,*,#1538,.T.);
#1152=ORIENTED_EDGE('',*,*,#1545,.F.);
#1153=ORIENTED_EDGE('',*,*,#1550,.T.);
#1154=ORIENTED_EDGE('',*,*,#1560,.T.);
#1155=ORIENTED_EDGE('',*,*,#1750,.F.);
#1156=ORIENTED_EDGE('',*,*,#1513,.T.);
#1157=ORIENTED_EDGE('',*,*,#1633,.T.);
#1158=ORIENTED_EDGE('',*,*,#1639,.T.);
#1159=ORIENTED_EDGE('',*,*,#1644,.T.);
#1160=ORIENTED_EDGE('',*,*,#1522,.T.);
#1161=ORIENTED_EDGE('',*,*,#1529,.T.);
#1162=ORIENTED_EDGE('',*,*,#1535,.T.);
#1163=ORIENTED_EDGE('',*,*,#1541,.T.);
#1164=ORIENTED_EDGE('',*,*,#1548,.F.);
#1165=ORIENTED_EDGE('',*,*,#1553,.T.);
#1166=ORIENTED_EDGE('',*,*,#1558,.T.);
#1167=ORIENTED_EDGE('',*,*,#1551,.T.);
#1168=ORIENTED_EDGE('',*,*,#1546,.F.);
#1169=ORIENTED_EDGE('',*,*,#1539,.T.);
#1170=ORIENTED_EDGE('',*,*,#1533,.T.);
#1171=ORIENTED_EDGE('',*,*,#1527,.T.);
#1172=ORIENTED_EDGE('',*,*,#1520,.T.);
#1173=ORIENTED_EDGE('',*,*,#1643,.T.);
#1174=ORIENTED_EDGE('',*,*,#1637,.T.);
#1175=ORIENTED_EDGE('',*,*,#1631,.T.);
#1176=ORIENTED_EDGE('',*,*,#1515,.T.);
#1177=ORIENTED_EDGE('',*,*,#1751,.T.);
#1178=ORIENTED_EDGE('',*,*,#1514,.T.);
#1179=ORIENTED_EDGE('',*,*,#1750,.T.);
#1180=ORIENTED_EDGE('',*,*,#1559,.T.);
#1181=ORIENTED_EDGE('',*,*,#1751,.F.);
#1182=ORIENTED_EDGE('',*,*,#1482,.T.);
#1183=ORIENTED_EDGE('',*,*,#1752,.F.);
#1184=ORIENTED_EDGE('',*,*,#1574,.T.);
#1185=ORIENTED_EDGE('',*,*,#1753,.T.);
#1186=ORIENTED_EDGE('',*,*,#1481,.T.);
#1187=ORIENTED_EDGE('',*,*,#1627,.T.);
#1188=ORIENTED_EDGE('',*,*,#1621,.T.);
#1189=ORIENTED_EDGE('',*,*,#1615,.T.);
#1190=ORIENTED_EDGE('',*,*,#1609,.T.);
#1191=ORIENTED_EDGE('',*,*,#1603,.T.);
#1192=ORIENTED_EDGE('',*,*,#1597,.T.);
#1193=ORIENTED_EDGE('',*,*,#1591,.T.);
#1194=ORIENTED_EDGE('',*,*,#1586,.F.);
#1195=ORIENTED_EDGE('',*,*,#1579,.T.);
#1196=ORIENTED_EDGE('',*,*,#1575,.T.);
#1197=ORIENTED_EDGE('',*,*,#1752,.T.);
#1198=ORIENTED_EDGE('',*,*,#1483,.T.);
#1199=ORIENTED_EDGE('',*,*,#1753,.F.);
#1200=ORIENTED_EDGE('',*,*,#1573,.T.);
#1201=ORIENTED_EDGE('',*,*,#1581,.T.);
#1202=ORIENTED_EDGE('',*,*,#1588,.F.);
#1203=ORIENTED_EDGE('',*,*,#1593,.T.);
#1204=ORIENTED_EDGE('',*,*,#1599,.T.);
#1205=ORIENTED_EDGE('',*,*,#1605,.T.);
#1206=ORIENTED_EDGE('',*,*,#1611,.T.);
#1207=ORIENTED_EDGE('',*,*,#1617,.T.);
#1208=ORIENTED_EDGE('',*,*,#1623,.T.);
#1209=ORIENTED_EDGE('',*,*,#1628,.T.);
#1210=EDGE_CURVE('',#1754,#1755,#2114,.T.);
#1211=EDGE_CURVE('',#1754,#1756,#2115,.T.);
#1212=EDGE_CURVE('',#1757,#1756,#2116,.T.);
#1213=EDGE_CURVE('',#1757,#1758,#2117,.T.);
#1214=EDGE_CURVE('',#1759,#1758,#2118,.T.);
#1215=EDGE_CURVE('',#1760,#1759,#2119,.T.);
#1216=EDGE_CURVE('',#1760,#1761,#2120,.T.);
#1217=EDGE_CURVE('',#1761,#1755,#2121,.T.);
#1218=EDGE_CURVE('',#1762,#1763,#2122,.T.);
#1219=EDGE_CURVE('',#1762,#1764,#2123,.T.);
#1220=EDGE_CURVE('',#1765,#1764,#2124,.T.);
#1221=EDGE_CURVE('',#1766,#1765,#2125,.T.);
#1222=EDGE_CURVE('',#1766,#1767,#2126,.T.);
#1223=EDGE_CURVE('',#1767,#1768,#2127,.T.);
#1224=EDGE_CURVE('',#1769,#1768,#2128,.T.);
#1225=EDGE_CURVE('',#1763,#1769,#2129,.T.);
#1226=EDGE_CURVE('',#1770,#1771,#2130,.T.);
#1227=EDGE_CURVE('',#1770,#1772,#2131,.T.);
#1228=EDGE_CURVE('',#1773,#1772,#2132,.T.);
#1229=EDGE_CURVE('',#1771,#1773,#2133,.T.);
#1230=EDGE_CURVE('',#1771,#1774,#78,.T.);
#1231=EDGE_CURVE('',#1775,#1773,#79,.T.);
#1232=EDGE_CURVE('',#1774,#1775,#2134,.T.);
#1233=EDGE_CURVE('',#1754,#1774,#80,.T.);
#1234=EDGE_CURVE('',#1775,#1756,#81,.T.);
#1235=EDGE_CURVE('',#1776,#1777,#2135,.T.);
#1236=EDGE_CURVE('',#1776,#1778,#2136,.T.);
#1237=EDGE_CURVE('',#1779,#1778,#2137,.T.);
#1238=EDGE_CURVE('',#1777,#1779,#2138,.T.);
#1239=EDGE_CURVE('',#1777,#1780,#82,.T.);
#1240=EDGE_CURVE('',#1781,#1779,#83,.T.);
#1241=EDGE_CURVE('',#1780,#1781,#2139,.T.);
#1242=EDGE_CURVE('',#1782,#1783,#2140,.T.);
#1243=EDGE_CURVE('',#1782,#1780,#84,.T.);
#1244=EDGE_CURVE('',#1781,#1783,#85,.T.);
#1245=EDGE_CURVE('',#1782,#1784,#2141,.T.);
#1246=EDGE_CURVE('',#1785,#1783,#2142,.T.);
#1247=EDGE_CURVE('',#1784,#1785,#2143,.T.);
#1248=EDGE_CURVE('',#1784,#1786,#2144,.T.);
#1249=EDGE_CURVE('',#1787,#1785,#2145,.T.);
#1250=EDGE_CURVE('',#1787,#1786,#38,.F.);
#1251=EDGE_CURVE('',#1788,#1770,#2146,.T.);
#1252=EDGE_CURVE('',#1788,#1789,#39,.F.);
#1253=EDGE_CURVE('',#1772,#1789,#2147,.T.);
#1254=EDGE_CURVE('',#1790,#1791,#2148,.T.);
#1255=EDGE_CURVE('',#1790,#1792,#40,.F.);
#1256=EDGE_CURVE('',#1793,#1792,#2149,.T.);
#1257=EDGE_CURVE('',#1791,#1793,#2150,.T.);
#1258=EDGE_CURVE('',#1791,#1794,#2151,.T.);
#1259=EDGE_CURVE('',#1795,#1793,#2152,.T.);
#1260=EDGE_CURVE('',#1794,#1795,#2153,.T.);
#1261=EDGE_CURVE('',#1796,#1797,#2154,.T.);
#1262=EDGE_CURVE('',#1796,#1794,#86,.T.);
#1263=EDGE_CURVE('',#1795,#1797,#87,.T.);
#1264=EDGE_CURVE('',#1796,#1798,#88,.T.);
#1265=EDGE_CURVE('',#1799,#1797,#89,.T.);
#1266=EDGE_CURVE('',#1798,#1799,#2155,.T.);
#1267=EDGE_CURVE('',#1798,#1800,#2156,.T.);
#1268=EDGE_CURVE('',#1801,#1799,#2157,.T.);
#1269=EDGE_CURVE('',#1800,#1801,#2158,.T.);
#1270=EDGE_CURVE('',#1802,#1803,#2159,.T.);
#1271=EDGE_CURVE('',#1802,#1763,#90,.T.);
#1272=EDGE_CURVE('',#1769,#1803,#91,.T.);
#1273=EDGE_CURVE('',#1802,#1804,#92,.T.);
#1274=EDGE_CURVE('',#1805,#1803,#93,.T.);
#1275=EDGE_CURVE('',#1804,#1805,#2160,.T.);
#1276=EDGE_CURVE('',#1804,#1806,#2161,.T.);
#1277=EDGE_CURVE('',#1807,#1805,#2162,.T.);
#1278=EDGE_CURVE('',#1806,#1807,#2163,.T.);
#1279=EDGE_CURVE('',#1806,#1808,#2164,.T.);
#1280=EDGE_CURVE('',#1809,#1807,#2165,.T.);
#1281=EDGE_CURVE('',#1809,#1808,#41,.F.);
#1282=EDGE_CURVE('',#1810,#1811,#2166,.T.);
#1283=EDGE_CURVE('',#1812,#1810,#2167,.T.);
#1284=EDGE_CURVE('',#1812,#1813,#2168,.T.);
#1285=EDGE_CURVE('',#1813,#1814,#2169,.T.);
#1286=EDGE_CURVE('',#1815,#1814,#2170,.T.);
#1287=EDGE_CURVE('',#1811,#1815,#2171,.T.);
#1288=EDGE_CURVE('',#1811,#1816,#2172,.T.);
#1289=EDGE_CURVE('',#1817,#1815,#2173,.T.);
#1290=EDGE_CURVE('',#1816,#1817,#2174,.T.);
#1291=EDGE_CURVE('',#1816,#1818,#2175,.T.);
#1292=EDGE_CURVE('',#1819,#1817,#2176,.T.);
#1293=EDGE_CURVE('',#1818,#1819,#2177,.T.);
#1294=EDGE_CURVE('',#1818,#1820,#2178,.T.);
#1295=EDGE_CURVE('',#1821,#1819,#2179,.T.);
#1296=EDGE_CURVE('',#1821,#1822,#2180,.T.);
#1297=EDGE_CURVE('',#1823,#1822,#2181,.T.);
#1298=EDGE_CURVE('',#1820,#1823,#2182,.T.);
#1299=EDGE_CURVE('',#1810,#1820,#2183,.T.);
#1300=EDGE_CURVE('',#1824,#1823,#42,.T.);
#1301=EDGE_CURVE('',#1824,#1825,#2184,.T.);
#1302=EDGE_CURVE('',#1825,#1812,#43,.T.);
#1303=EDGE_CURVE('',#1814,#1821,#2185,.T.);
#1304=EDGE_CURVE('',#1826,#1813,#44,.T.);
#1305=EDGE_CURVE('',#1827,#1826,#2186,.T.);
#1306=EDGE_CURVE('',#1827,#1822,#45,.T.);
#1307=EDGE_CURVE('',#1828,#1829,#2187,.T.);
#1308=EDGE_CURVE('',#1828,#1830,#2188,.T.);
#1309=EDGE_CURVE('',#1831,#1830,#2189,.T.);
#1310=EDGE_CURVE('',#1829,#1831,#2190,.T.);
#1311=EDGE_CURVE('',#1829,#1832,#2191,.T.);
#1312=EDGE_CURVE('',#1833,#1831,#2192,.T.);
#1313=EDGE_CURVE('',#1833,#1834,#2193,.T.);
#1314=EDGE_CURVE('',#1835,#1834,#2194,.T.);
#1315=EDGE_CURVE('',#1832,#1835,#2195,.T.);
#1316=EDGE_CURVE('',#1836,#1837,#2196,.T.);
#1317=EDGE_CURVE('',#1838,#1836,#2197,.T.);
#1318=EDGE_CURVE('',#1838,#1839,#2198,.T.);
#1319=EDGE_CURVE('',#1839,#1840,#2199,.T.);
#1320=EDGE_CURVE('',#1841,#1840,#2200,.T.);
#1321=EDGE_CURVE('',#1837,#1841,#2201,.T.);
#1322=EDGE_CURVE('',#1837,#1828,#2202,.T.);
#1323=EDGE_CURVE('',#1830,#1841,#2203,.T.);
#1324=EDGE_CURVE('',#1836,#1832,#2204,.T.);
#1325=EDGE_CURVE('',#1835,#1842,#46,.T.);
#1326=EDGE_CURVE('',#1843,#1842,#2205,.T.);
#1327=EDGE_CURVE('',#1838,#1843,#47,.T.);
#1328=EDGE_CURVE('',#1840,#1833,#2206,.T.);
#1329=EDGE_CURVE('',#1839,#1844,#48,.T.);
#1330=EDGE_CURVE('',#1844,#1845,#2207,.T.);
#1331=EDGE_CURVE('',#1834,#1845,#49,.T.);
#1332=EDGE_CURVE('',#1764,#1761,#2208,.T.);
#1333=EDGE_CURVE('',#1765,#1760,#2209,.T.);
#1334=EDGE_CURVE('',#1758,#1767,#2210,.T.);
#1335=EDGE_CURVE('',#1759,#1766,#2211,.T.);
#1336=EDGE_CURVE('',#1825,#1826,#2212,.T.);
#1337=EDGE_CURVE('',#1846,#1825,#50,.T.);
#1338=EDGE_CURVE('',#1847,#1846,#2213,.T.);
#1339=EDGE_CURVE('',#1848,#1847,#2214,.T.);
#1340=EDGE_CURVE('',#1849,#1848,#2215,.T.);
#1341=EDGE_CURVE('',#1850,#1849,#2216,.T.);
#1342=EDGE_CURVE('',#1851,#1850,#2217,.T.);
#1343=EDGE_CURVE('',#1852,#1851,#2218,.T.);
#1344=EDGE_CURVE('',#1853,#1852,#2219,.T.);
#1345=EDGE_CURVE('',#1842,#1853,#51,.T.);
#1346=EDGE_CURVE('',#1845,#1842,#2220,.T.);
#1347=EDGE_CURVE('',#1854,#1845,#52,.T.);
#1348=EDGE_CURVE('',#1855,#1854,#2221,.T.);
#1349=EDGE_CURVE('',#1856,#1855,#2222,.T.);
#1350=EDGE_CURVE('',#1857,#1856,#53,.T.);
#1351=EDGE_CURVE('',#1858,#1857,#2223,.T.);
#1352=EDGE_CURVE('',#1859,#1858,#54,.T.);
#1353=EDGE_CURVE('',#1860,#1859,#2224,.T.);
#1354=EDGE_CURVE('',#1861,#1860,#2225,.T.);
#1355=EDGE_CURVE('',#1826,#1861,#55,.T.);
#1356=EDGE_CURVE('',#1757,#1778,#2226,.T.);
#1357=EDGE_CURVE('',#1755,#1776,#2227,.T.);
#1358=EDGE_CURVE('',#1800,#1762,#2228,.T.);
#1359=EDGE_CURVE('',#1801,#1768,#2229,.T.);
#1360=EDGE_CURVE('',#1862,#1861,#2230,.T.);
#1361=EDGE_CURVE('',#1827,#1862,#56,.T.);
#1362=EDGE_CURVE('',#1863,#1860,#2231,.T.);
#1363=EDGE_CURVE('',#1862,#1863,#2232,.T.);
#1364=EDGE_CURVE('',#1864,#1859,#2233,.T.);
#1365=EDGE_CURVE('',#1863,#1864,#2234,.T.);
#1366=EDGE_CURVE('',#1865,#1858,#2235,.T.);
#1367=EDGE_CURVE('',#1864,#1865,#57,.T.);
#1368=EDGE_CURVE('',#1866,#1857,#2236,.T.);
#1369=EDGE_CURVE('',#1865,#1866,#2237,.T.);
#1370=EDGE_CURVE('',#1867,#1856,#2238,.T.);
#1371=EDGE_CURVE('',#1866,#1867,#58,.T.);
#1372=EDGE_CURVE('',#1868,#1855,#2239,.T.);
#1373=EDGE_CURVE('',#1867,#1868,#2240,.T.);
#1374=EDGE_CURVE('',#1869,#1854,#2241,.T.);
#1375=EDGE_CURVE('',#1868,#1869,#2242,.T.);
#1376=EDGE_CURVE('',#1869,#1844,#59,.T.);
#1377=EDGE_CURVE('',#1870,#1853,#2243,.T.);
#1378=EDGE_CURVE('',#1843,#1870,#60,.T.);
#1379=EDGE_CURVE('',#1871,#1852,#2244,.T.);
#1380=EDGE_CURVE('',#1870,#1871,#2245,.T.);
#1381=EDGE_CURVE('',#1872,#1851,#2246,.T.);
#1382=EDGE_CURVE('',#1871,#1872,#2247,.T.);
#1383=EDGE_CURVE('',#1873,#1850,#2248,.T.);
#1384=EDGE_CURVE('',#1872,#1873,#2249,.T.);
#1385=EDGE_CURVE('',#1874,#1849,#2250,.T.);
#1386=EDGE_CURVE('',#1873,#1874,#2251,.T.);
#1387=EDGE_CURVE('',#1875,#1848,#2252,.T.);
#1388=EDGE_CURVE('',#1874,#1875,#2253,.T.);
#1389=EDGE_CURVE('',#1876,#1847,#2254,.T.);
#1390=EDGE_CURVE('',#1875,#1876,#2255,.T.);
#1391=EDGE_CURVE('',#1877,#1846,#2256,.T.);
#1392=EDGE_CURVE('',#1876,#1877,#2257,.T.);
#1393=EDGE_CURVE('',#1877,#1824,#61,.T.);
#1394=EDGE_CURVE('',#1878,#1879,#2258,.T.);
#1395=EDGE_CURVE('',#1880,#1878,#2259,.T.);
#1396=EDGE_CURVE('',#1880,#1881,#2260,.T.);
#1397=EDGE_CURVE('',#1881,#1879,#2261,.T.);
#1398=EDGE_CURVE('',#1879,#1882,#2262,.T.);
#1399=EDGE_CURVE('',#1881,#1883,#2263,.T.);
#1400=EDGE_CURVE('',#1883,#1882,#2264,.T.);
#1401=EDGE_CURVE('',#1882,#1884,#2265,.T.);
#1402=EDGE_CURVE('',#1883,#1885,#2266,.T.);
#1403=EDGE_CURVE('',#1885,#1884,#2267,.T.);
#1404=EDGE_CURVE('',#1884,#1878,#2268,.T.);
#1405=EDGE_CURVE('',#1885,#1880,#2269,.T.);
#1406=EDGE_CURVE('',#1824,#1827,#2270,.T.);
#1407=EDGE_CURVE('',#1844,#1843,#2271,.T.);
#1408=EDGE_CURVE('',#1809,#1792,#2272,.T.);
#1409=EDGE_CURVE('',#1808,#1790,#2273,.T.);
#1410=EDGE_CURVE('',#1787,#1789,#2274,.T.);
#1411=EDGE_CURVE('',#1786,#1788,#2275,.T.);
#1412=EDGE_CURVE('',#1886,#1887,#2276,.T.);
#1413=EDGE_CURVE('',#1888,#1887,#2277,.T.);
#1414=EDGE_CURVE('',#1889,#1888,#2278,.T.);
#1415=EDGE_CURVE('',#1889,#1886,#2279,.T.);
#1416=EDGE_CURVE('',#1887,#1890,#2280,.T.);
#1417=EDGE_CURVE('',#1891,#1890,#2281,.T.);
#1418=EDGE_CURVE('',#1888,#1891,#2282,.T.);
#1419=EDGE_CURVE('',#1892,#1893,#2283,.T.);
#1420=EDGE_CURVE('',#1893,#1894,#2284,.T.);
#1421=EDGE_CURVE('',#1894,#1895,#2285,.T.);
#1422=EDGE_CURVE('',#1895,#1896,#2286,.T.);
#1423=EDGE_CURVE('',#1896,#1897,#2287,.T.);
#1424=EDGE_CURVE('',#1897,#1898,#2288,.T.);
#1425=EDGE_CURVE('',#1898,#1899,#2289,.T.);
#1426=EDGE_CURVE('',#1899,#1900,#2290,.T.);
#1427=EDGE_CURVE('',#1900,#1901,#2291,.T.);
#1428=EDGE_CURVE('',#1901,#1902,#2292,.T.);
#1429=EDGE_CURVE('',#1902,#1903,#2293,.T.);
#1430=EDGE_CURVE('',#1903,#1904,#2294,.T.);
#1431=EDGE_CURVE('',#1904,#1905,#2295,.T.);
#1432=EDGE_CURVE('',#1905,#1892,#2296,.T.);
#1433=EDGE_CURVE('',#1890,#1906,#2297,.T.);
#1434=EDGE_CURVE('',#1907,#1906,#2298,.T.);
#1435=EDGE_CURVE('',#1891,#1907,#2299,.T.);
#1436=EDGE_CURVE('',#1906,#1886,#2300,.T.);
#1437=EDGE_CURVE('',#1907,#1889,#2301,.T.);
#1438=EDGE_CURVE('',#1908,#1893,#2302,.T.);
#1439=EDGE_CURVE('',#1909,#1908,#2303,.T.);
#1440=EDGE_CURVE('',#1909,#1894,#2304,.T.);
#1441=EDGE_CURVE('',#1910,#1892,#2305,.T.);
#1442=EDGE_CURVE('',#1908,#1910,#2306,.T.);
#1443=EDGE_CURVE('',#1911,#1905,#2307,.T.);
#1444=EDGE_CURVE('',#1910,#1911,#2308,.T.);
#1445=EDGE_CURVE('',#1912,#1904,#2309,.T.);
#1446=EDGE_CURVE('',#1911,#1912,#2310,.T.);
#1447=EDGE_CURVE('',#1913,#1903,#2311,.T.);
#1448=EDGE_CURVE('',#1912,#1913,#2312,.T.);
#1449=EDGE_CURVE('',#1914,#1902,#2313,.T.);
#1450=EDGE_CURVE('',#1913,#1914,#2314,.T.);
#1451=EDGE_CURVE('',#1915,#1901,#2315,.T.);
#1452=EDGE_CURVE('',#1914,#1915,#2316,.T.);
#1453=EDGE_CURVE('',#1916,#1900,#2317,.T.);
#1454=EDGE_CURVE('',#1915,#1916,#2318,.T.);
#1455=EDGE_CURVE('',#1917,#1899,#2319,.T.);
#1456=EDGE_CURVE('',#1916,#1917,#2320,.T.);
#1457=EDGE_CURVE('',#1918,#1898,#2321,.T.);
#1458=EDGE_CURVE('',#1917,#1918,#2322,.T.);
#1459=EDGE_CURVE('',#1919,#1897,#2323,.T.);
#1460=EDGE_CURVE('',#1918,#1919,#2324,.T.);
#1461=EDGE_CURVE('',#1920,#1896,#2325,.T.);
#1462=EDGE_CURVE('',#1919,#1920,#2326,.T.);
#1463=EDGE_CURVE('',#1921,#1895,#2327,.T.);
#1464=EDGE_CURVE('',#1920,#1921,#2328,.T.);
#1465=EDGE_CURVE('',#1922,#1923,#2329,.T.);
#1466=EDGE_CURVE('',#1924,#1923,#2330,.T.);
#1467=EDGE_CURVE('',#1924,#1925,#2331,.T.);
#1468=EDGE_CURVE('',#1925,#1922,#2332,.T.);
#1469=EDGE_CURVE('',#1923,#1926,#2333,.T.);
#1470=EDGE_CURVE('',#1927,#1926,#2334,.T.);
#1471=EDGE_CURVE('',#1927,#1924,#2335,.T.);
#1472=EDGE_CURVE('',#1926,#1928,#2336,.T.);
#1473=EDGE_CURVE('',#1929,#1928,#2337,.T.);
#1474=EDGE_CURVE('',#1929,#1927,#2338,.T.);
#1475=EDGE_CURVE('',#1928,#1922,#2339,.T.);
#1476=EDGE_CURVE('',#1925,#1929,#2340,.T.);
#1477=EDGE_CURVE('',#1921,#1909,#2341,.T.);
#1478=EDGE_CURVE('',#1930,#1931,#2342,.T.);
#1479=EDGE_CURVE('',#1932,#1930,#2343,.T.);
#1480=EDGE_CURVE('',#1932,#1933,#2344,.T.);
#1481=EDGE_CURVE('',#1934,#1933,#2345,.T.);
#1482=EDGE_CURVE('',#1935,#1934,#2346,.T.);
#1483=EDGE_CURVE('',#1936,#1935,#2347,.T.);
#1484=EDGE_CURVE('',#1936,#1937,#2348,.T.);
#1485=EDGE_CURVE('',#1938,#1937,#2349,.T.);
#1486=EDGE_CURVE('',#1939,#1938,#2350,.T.);
#1487=EDGE_CURVE('',#1939,#1940,#2351,.T.);
#1488=EDGE_CURVE('',#1940,#1941,#2352,.T.);
#1489=EDGE_CURVE('',#1942,#1941,#2353,.T.);
#1490=EDGE_CURVE('',#1943,#1942,#2354,.T.);
#1491=EDGE_CURVE('',#1944,#1943,#2355,.T.);
#1492=EDGE_CURVE('',#1944,#1945,#2356,.T.);
#1493=EDGE_CURVE('',#1946,#1945,#2357,.T.);
#1494=EDGE_CURVE('',#1947,#1946,#2358,.T.);
#1495=EDGE_CURVE('',#1948,#1947,#2359,.T.);
#1496=EDGE_CURVE('',#1948,#1949,#2360,.T.);
#1497=EDGE_CURVE('',#1931,#1949,#2361,.T.);
#1498=EDGE_CURVE('',#1950,#1951,#2362,.T.);
#1499=EDGE_CURVE('',#1952,#1950,#2363,.T.);
#1500=EDGE_CURVE('',#1952,#1953,#2364,.T.);
#1501=EDGE_CURVE('',#1954,#1953,#2365,.T.);
#1502=EDGE_CURVE('',#1954,#1955,#2366,.T.);
#1503=EDGE_CURVE('',#1956,#1955,#2367,.T.);
#1504=EDGE_CURVE('',#1956,#1957,#2368,.T.);
#1505=EDGE_CURVE('',#1958,#1957,#2369,.T.);
#1506=EDGE_CURVE('',#1958,#1959,#2370,.T.);
#1507=EDGE_CURVE('',#1960,#1959,#2371,.T.);
#1508=EDGE_CURVE('',#1960,#1961,#2372,.T.);
#1509=EDGE_CURVE('',#1961,#1962,#2373,.T.);
#1510=EDGE_CURVE('',#1963,#1962,#2374,.T.);
#1511=EDGE_CURVE('',#1964,#1963,#2375,.T.);
#1512=EDGE_CURVE('',#1965,#1964,#2376,.T.);
#1513=EDGE_CURVE('',#1966,#1965,#2377,.T.);
#1514=EDGE_CURVE('',#1967,#1966,#2378,.T.);
#1515=EDGE_CURVE('',#1968,#1967,#2379,.T.);
#1516=EDGE_CURVE('',#1969,#1968,#2380,.T.);
#1517=EDGE_CURVE('',#1951,#1969,#2381,.T.);
#1518=EDGE_CURVE('',#1970,#1971,#2382,.T.);
#1519=EDGE_CURVE('',#1970,#1972,#2383,.T.);
#1520=EDGE_CURVE('',#1973,#1972,#2384,.T.);
#1521=EDGE_CURVE('',#1971,#1973,#2385,.T.);
#1522=EDGE_CURVE('',#1974,#1975,#2386,.T.);
#1523=EDGE_CURVE('',#1974,#1976,#2387,.T.);
#1524=EDGE_CURVE('',#1977,#1976,#2388,.T.);
#1525=EDGE_CURVE('',#1975,#1977,#2389,.T.);
#1526=EDGE_CURVE('',#1971,#1978,#2390,.T.);
#1527=EDGE_CURVE('',#1979,#1973,#2391,.T.);
#1528=EDGE_CURVE('',#1978,#1979,#2392,.T.);
#1529=EDGE_CURVE('',#1975,#1980,#2393,.T.);
#1530=EDGE_CURVE('',#1981,#1977,#2394,.T.);
#1531=EDGE_CURVE('',#1980,#1981,#2395,.T.);
#1532=EDGE_CURVE('',#1978,#1982,#2396,.T.);
#1533=EDGE_CURVE('',#1983,#1979,#2397,.T.);
#1534=EDGE_CURVE('',#1982,#1983,#2398,.T.);
#1535=EDGE_CURVE('',#1980,#1984,#2399,.T.);
#1536=EDGE_CURVE('',#1985,#1981,#2400,.T.);
#1537=EDGE_CURVE('',#1984,#1985,#2401,.T.);
#1538=EDGE_CURVE('',#1982,#1986,#2402,.T.);
#1539=EDGE_CURVE('',#1987,#1983,#2403,.T.);
#1540=EDGE_CURVE('',#1986,#1987,#2404,.T.);
#1541=EDGE_CURVE('',#1984,#1988,#2405,.T.);
#1542=EDGE_CURVE('',#1989,#1985,#2406,.T.);
#1543=EDGE_CURVE('',#1988,#1989,#2407,.T.);
#1544=EDGE_CURVE('',#1990,#1991,#2408,.T.);
#1545=EDGE_CURVE('',#1990,#1986,#62,.T.);
#1546=EDGE_CURVE('',#1987,#1991,#63,.T.);
#1547=EDGE_CURVE('',#1992,#1993,#2409,.T.);
#1548=EDGE_CURVE('',#1992,#1988,#64,.T.);
#1549=EDGE_CURVE('',#1989,#1993,#65,.T.);
#1550=EDGE_CURVE('',#1990,#1994,#2410,.T.);
#1551=EDGE_CURVE('',#1995,#1991,#2411,.T.);
#1552=EDGE_CURVE('',#1994,#1995,#2412,.T.);
#1553=EDGE_CURVE('',#1992,#1996,#2413,.T.);
#1554=EDGE_CURVE('',#1997,#1993,#2414,.T.);
#1555=EDGE_CURVE('',#1996,#1997,#2415,.T.);
#1556=EDGE_CURVE('',#1998,#1999,#2416,.T.);
#1557=EDGE_CURVE('',#1994,#1998,#2417,.T.);
#1558=EDGE_CURVE('',#2000,#1995,#2418,.T.);
#1559=EDGE_CURVE('',#2001,#2000,#2419,.T.);
#1560=EDGE_CURVE('',#1996,#2001,#2420,.T.);
#1561=EDGE_CURVE('',#2002,#1997,#2421,.T.);
#1562=EDGE_CURVE('',#2003,#2002,#2422,.T.);
#1563=EDGE_CURVE('',#2003,#2004,#2423,.T.);
#1564=EDGE_CURVE('',#2005,#2004,#2424,.T.);
#1565=EDGE_CURVE('',#1999,#2005,#2425,.T.);
#1566=EDGE_CURVE('',#2006,#2007,#2426,.T.);
#1567=EDGE_CURVE('',#2008,#2006,#2427,.T.);
#1568=EDGE_CURVE('',#2008,#2009,#2428,.T.);
#1569=EDGE_CURVE('',#2009,#2010,#2429,.T.);
#1570=EDGE_CURVE('',#2011,#2010,#2430,.T.);
#1571=EDGE_CURVE('',#2012,#2011,#2431,.T.);
#1572=EDGE_CURVE('',#2013,#2012,#2432,.T.);
#1573=EDGE_CURVE('',#2014,#2013,#2433,.T.);
#1574=EDGE_CURVE('',#2015,#2014,#2434,.T.);
#1575=EDGE_CURVE('',#2016,#2015,#2435,.T.);
#1576=EDGE_CURVE('',#2017,#2016,#2436,.T.);
#1577=EDGE_CURVE('',#2007,#2017,#2437,.T.);
#1578=EDGE_CURVE('',#2017,#2018,#2438,.T.);
#1579=EDGE_CURVE('',#2019,#2016,#2439,.T.);
#1580=EDGE_CURVE('',#2018,#2019,#2440,.T.);
#1581=EDGE_CURVE('',#2013,#2020,#2441,.T.);
#1582=EDGE_CURVE('',#2021,#2012,#2442,.T.);
#1583=EDGE_CURVE('',#2020,#2021,#2443,.T.);
#1584=EDGE_CURVE('',#2022,#2023,#2444,.T.);
#1585=EDGE_CURVE('',#2022,#2018,#66,.T.);
#1586=EDGE_CURVE('',#2019,#2023,#67,.T.);
#1587=EDGE_CURVE('',#2024,#2025,#2445,.T.);
#1588=EDGE_CURVE('',#2024,#2020,#68,.T.);
#1589=EDGE_CURVE('',#2021,#2025,#69,.T.);
#1590=EDGE_CURVE('',#2022,#2026,#2446,.T.);
#1591=EDGE_CURVE('',#2027,#2023,#2447,.T.);
#1592=EDGE_CURVE('',#2026,#2027,#2448,.T.);
#1593=EDGE_CURVE('',#2024,#2028,#2449,.T.);
#1594=EDGE_CURVE('',#2029,#2025,#2450,.T.);
#1595=EDGE_CURVE('',#2028,#2029,#2451,.T.);
#1596=EDGE_CURVE('',#2026,#2030,#2452,.T.);
#1597=EDGE_CURVE('',#2031,#2027,#2453,.T.);
#1598=EDGE_CURVE('',#2030,#2031,#2454,.T.);
#1599=EDGE_CURVE('',#2028,#2032,#2455,.T.);
#1600=EDGE_CURVE('',#2033,#2029,#2456,.T.);
#1601=EDGE_CURVE('',#2032,#2033,#2457,.T.);
#1602=EDGE_CURVE('',#2030,#2034,#2458,.T.);
#1603=EDGE_CURVE('',#2035,#2031,#2459,.T.);
#1604=EDGE_CURVE('',#2034,#2035,#2460,.T.);
#1605=EDGE_CURVE('',#2032,#2036,#2461,.T.);
#1606=EDGE_CURVE('',#2037,#2033,#2462,.T.);
#1607=EDGE_CURVE('',#2036,#2037,#2463,.T.);
#1608=EDGE_CURVE('',#2034,#2038,#2464,.T.);
#1609=EDGE_CURVE('',#2039,#2035,#2465,.T.);
#1610=EDGE_CURVE('',#2038,#2039,#2466,.T.);
#1611=EDGE_CURVE('',#2036,#2040,#2467,.T.);
#1612=EDGE_CURVE('',#2041,#2037,#2468,.T.);
#1613=EDGE_CURVE('',#2040,#2041,#2469,.T.);
#1614=EDGE_CURVE('',#2038,#2042,#2470,.T.);
#1615=EDGE_CURVE('',#2043,#2039,#2471,.T.);
#1616=EDGE_CURVE('',#2042,#2043,#2472,.T.);
#1617=EDGE_CURVE('',#2040,#2044,#2473,.T.);
#1618=EDGE_CURVE('',#2045,#2041,#2474,.T.);
#1619=EDGE_CURVE('',#2044,#2045,#2475,.T.);
#1620=EDGE_CURVE('',#2042,#2046,#70,.T.);
#1621=EDGE_CURVE('',#2047,#2043,#71,.T.);
#1622=EDGE_CURVE('',#2046,#2047,#2476,.T.);
#1623=EDGE_CURVE('',#2044,#2048,#72,.T.);
#1624=EDGE_CURVE('',#2049,#2045,#73,.T.);
#1625=EDGE_CURVE('',#2048,#2049,#2477,.T.);
#1626=EDGE_CURVE('',#2046,#1932,#2478,.T.);
#1627=EDGE_CURVE('',#1933,#2047,#2479,.T.);
#1628=EDGE_CURVE('',#2048,#1936,#2480,.T.);
#1629=EDGE_CURVE('',#1937,#2049,#2481,.T.);
#1630=EDGE_CURVE('',#1969,#2050,#2482,.T.);
#1631=EDGE_CURVE('',#2051,#1968,#2483,.T.);
#1632=EDGE_CURVE('',#2050,#2051,#2484,.T.);
#1633=EDGE_CURVE('',#1965,#2052,#2485,.T.);
#1634=EDGE_CURVE('',#2053,#1964,#2486,.T.);
#1635=EDGE_CURVE('',#2052,#2053,#2487,.T.);
#1636=EDGE_CURVE('',#2050,#2054,#74,.T.);
#1637=EDGE_CURVE('',#2055,#2051,#75,.T.);
#1638=EDGE_CURVE('',#2054,#2055,#2488,.T.);
#1639=EDGE_CURVE('',#2052,#2056,#76,.T.);
#1640=EDGE_CURVE('',#2057,#2053,#77,.T.);
#1641=EDGE_CURVE('',#2056,#2057,#2489,.T.);
#1642=EDGE_CURVE('',#2054,#1970,#2490,.T.);
#1643=EDGE_CURVE('',#1972,#2055,#2491,.T.);
#1644=EDGE_CURVE('',#2056,#1974,#2492,.T.);
#1645=EDGE_CURVE('',#1976,#2057,#2493,.T.);
#1646=EDGE_CURVE('',#1950,#1999,#2494,.T.);
#1647=EDGE_CURVE('',#2005,#2008,#2495,.T.);
#1648=EDGE_CURVE('',#2006,#1931,#2496,.T.);
#1649=EDGE_CURVE('',#2058,#1949,#2497,.T.);
#1650=EDGE_CURVE('',#2058,#2059,#2498,.T.);
#1651=EDGE_CURVE('',#2059,#2060,#2499,.T.);
#1652=EDGE_CURVE('',#2060,#2061,#2500,.T.);
#1653=EDGE_CURVE('',#1952,#2061,#2501,.T.);
#1654=EDGE_CURVE('',#1962,#2003,#2502,.T.);
#1655=EDGE_CURVE('',#1961,#2062,#2503,.T.);
#1656=EDGE_CURVE('',#2063,#2062,#2504,.T.);
#1657=EDGE_CURVE('',#2064,#2063,#2505,.T.);
#1658=EDGE_CURVE('',#2065,#2064,#2506,.T.);
#1659=EDGE_CURVE('',#2065,#1940,#2507,.T.);
#1660=EDGE_CURVE('',#2010,#1939,#2508,.T.);
#1661=EDGE_CURVE('',#2004,#2009,#2509,.T.);
#1662=EDGE_CURVE('',#1947,#2066,#2510,.T.);
#1663=EDGE_CURVE('',#2067,#1946,#2511,.T.);
#1664=EDGE_CURVE('',#2066,#2067,#2512,.T.);
#1665=EDGE_CURVE('',#1943,#2068,#2513,.T.);
#1666=EDGE_CURVE('',#2069,#1942,#2514,.T.);
#1667=EDGE_CURVE('',#2068,#2069,#2515,.T.);
#1668=EDGE_CURVE('',#2066,#2070,#2516,.T.);
#1669=EDGE_CURVE('',#2071,#2067,#2517,.T.);
#1670=EDGE_CURVE('',#2070,#2071,#2518,.T.);
#1671=EDGE_CURVE('',#2068,#2072,#2519,.T.);
#1672=EDGE_CURVE('',#2073,#2069,#2520,.T.);
#1673=EDGE_CURVE('',#2072,#2073,#2521,.T.);
#1674=EDGE_CURVE('',#2074,#2070,#2522,.T.);
#1675=EDGE_CURVE('',#2071,#2075,#2523,.T.);
#1676=EDGE_CURVE('',#2074,#2075,#2524,.T.);
#1677=EDGE_CURVE('',#2076,#2072,#2525,.T.);
#1678=EDGE_CURVE('',#2073,#2077,#2526,.T.);
#1679=EDGE_CURVE('',#2076,#2077,#2527,.T.);
#1680=EDGE_CURVE('',#2074,#2078,#2528,.T.);
#1681=EDGE_CURVE('',#2079,#2075,#2529,.T.);
#1682=EDGE_CURVE('',#2078,#2079,#2530,.T.);
#1683=EDGE_CURVE('',#2076,#2080,#2531,.T.);
#1684=EDGE_CURVE('',#2081,#2077,#2532,.T.);
#1685=EDGE_CURVE('',#2080,#2081,#2533,.T.);
#1686=EDGE_CURVE('',#2078,#2082,#2534,.T.);
#1687=EDGE_CURVE('',#2083,#2079,#2535,.T.);
#1688=EDGE_CURVE('',#2082,#2083,#2536,.T.);
#1689=EDGE_CURVE('',#2080,#2084,#2537,.T.);
#1690=EDGE_CURVE('',#2085,#2081,#2538,.T.);
#1691=EDGE_CURVE('',#2084,#2085,#2539,.T.);
#1692=EDGE_CURVE('',#2082,#2086,#2540,.T.);
#1693=EDGE_CURVE('',#2087,#2083,#2541,.T.);
#1694=EDGE_CURVE('',#2087,#2088,#2542,.T.);
#1695=EDGE_CURVE('',#2084,#2088,#2543,.T.);
#1696=EDGE_CURVE('',#2089,#2085,#2544,.T.);
#1697=EDGE_CURVE('',#2089,#2065,#2545,.T.);
#1698=EDGE_CURVE('',#2059,#2064,#2546,.T.);
#1699=EDGE_CURVE('',#2058,#2086,#2547,.T.);
#1700=EDGE_CURVE('',#2090,#2091,#2548,.T.);
#1701=EDGE_CURVE('',#2092,#2090,#2549,.T.);
#1702=EDGE_CURVE('',#2093,#2092,#2550,.T.);
#1703=EDGE_CURVE('',#2093,#2094,#2551,.T.);
#1704=EDGE_CURVE('',#2095,#2094,#2552,.T.);
#1705=EDGE_CURVE('',#2096,#2095,#2553,.T.);
#1706=EDGE_CURVE('',#2097,#2096,#2554,.T.);
#1707=EDGE_CURVE('',#2097,#2061,#2555,.T.);
#1708=EDGE_CURVE('',#2060,#2063,#2556,.T.);
#1709=EDGE_CURVE('',#2062,#2091,#2557,.T.);
#1710=EDGE_CURVE('',#2096,#2098,#2558,.T.);
#1711=EDGE_CURVE('',#2099,#2095,#2559,.T.);
#1712=EDGE_CURVE('',#2098,#2099,#2560,.T.);
#1713=EDGE_CURVE('',#2092,#2100,#2561,.T.);
#1714=EDGE_CURVE('',#2101,#2090,#2562,.T.);
#1715=EDGE_CURVE('',#2100,#2101,#2563,.T.);
#1716=EDGE_CURVE('',#2098,#2102,#2564,.T.);
#1717=EDGE_CURVE('',#2103,#2099,#2565,.T.);
#1718=EDGE_CURVE('',#2102,#2103,#2566,.T.);
#1719=EDGE_CURVE('',#2100,#2104,#2567,.T.);
#1720=EDGE_CURVE('',#2105,#2101,#2568,.T.);
#1721=EDGE_CURVE('',#2104,#2105,#2569,.T.);
#1722=EDGE_CURVE('',#2106,#2102,#2570,.T.);
#1723=EDGE_CURVE('',#2103,#2107,#2571,.T.);
#1724=EDGE_CURVE('',#2106,#2107,#2572,.T.);
#1725=EDGE_CURVE('',#2108,#2104,#2573,.T.);
#1726=EDGE_CURVE('',#2105,#2109,#2574,.T.);
#1727=EDGE_CURVE('',#2108,#2109,#2575,.T.);
#1728=EDGE_CURVE('',#2106,#2110,#2576,.T.);
#1729=EDGE_CURVE('',#2111,#2107,#2577,.T.);
#1730=EDGE_CURVE('',#2110,#2111,#2578,.T.);
#1731=EDGE_CURVE('',#2108,#2112,#2579,.T.);
#1732=EDGE_CURVE('',#2113,#2109,#2580,.T.);
#1733=EDGE_CURVE('',#2112,#2113,#2581,.T.);
#1734=EDGE_CURVE('',#2110,#1954,#2582,.T.);
#1735=EDGE_CURVE('',#1955,#2111,#2583,.T.);
#1736=EDGE_CURVE('',#2112,#1958,#2584,.T.);
#1737=EDGE_CURVE('',#1959,#2113,#2585,.T.);
#1738=EDGE_CURVE('',#1941,#2089,#2586,.T.);
#1739=EDGE_CURVE('',#2091,#1960,#2587,.T.);
#1740=EDGE_CURVE('',#2086,#1948,#2588,.T.);
#1741=EDGE_CURVE('',#1953,#2097,#2589,.T.);
#1742=EDGE_CURVE('',#1957,#2093,#2590,.T.);
#1743=EDGE_CURVE('',#2094,#1956,#2591,.T.);
#1744=EDGE_CURVE('',#1945,#2087,#2592,.T.);
#1745=EDGE_CURVE('',#2088,#1944,#2593,.T.);
#1746=EDGE_CURVE('',#2011,#1938,#2594,.T.);
#1747=EDGE_CURVE('',#1963,#2002,#2595,.T.);
#1748=EDGE_CURVE('',#2007,#1930,#2596,.T.);
#1749=EDGE_CURVE('',#1951,#1998,#2597,.T.);
#1750=EDGE_CURVE('',#1966,#2001,#2598,.T.);
#1751=EDGE_CURVE('',#1967,#2000,#2599,.T.);
#1752=EDGE_CURVE('',#2015,#1934,#2600,.T.);
#1753=EDGE_CURVE('',#2014,#1935,#2601,.T.);
#1754=VERTEX_POINT('',#5135);
#1755=VERTEX_POINT('',#5136);
#1756=VERTEX_POINT('',#5138);
#1757=VERTEX_POINT('',#5140);
#1758=VERTEX_POINT('',#5142);
#1759=VERTEX_POINT('',#5144);
#1760=VERTEX_POINT('',#5146);
#1761=VERTEX_POINT('',#5148);
#1762=VERTEX_POINT('',#5152);
#1763=VERTEX_POINT('',#5153);
#1764=VERTEX_POINT('',#5155);
#1765=VERTEX_POINT('',#5157);
#1766=VERTEX_POINT('',#5159);
#1767=VERTEX_POINT('',#5161);
#1768=VERTEX_POINT('',#5163);
#1769=VERTEX_POINT('',#5165);
#1770=VERTEX_POINT('',#5169);
#1771=VERTEX_POINT('',#5170);
#1772=VERTEX_POINT('',#5172);
#1773=VERTEX_POINT('',#5174);
#1774=VERTEX_POINT('',#5178);
#1775=VERTEX_POINT('',#5180);
#1776=VERTEX_POINT('',#5187);
#1777=VERTEX_POINT('',#5188);
#1778=VERTEX_POINT('',#5190);
#1779=VERTEX_POINT('',#5192);
#1780=VERTEX_POINT('',#5196);
#1781=VERTEX_POINT('',#5198);
#1782=VERTEX_POINT('',#5202);
#1783=VERTEX_POINT('',#5203);
#1784=VERTEX_POINT('',#5208);
#1785=VERTEX_POINT('',#5210);
#1786=VERTEX_POINT('',#5214);
#1787=VERTEX_POINT('',#5216);
#1788=VERTEX_POINT('',#5220);
#1789=VERTEX_POINT('',#5222);
#1790=VERTEX_POINT('',#5226);
#1791=VERTEX_POINT('',#5227);
#1792=VERTEX_POINT('',#5229);
#1793=VERTEX_POINT('',#5231);
#1794=VERTEX_POINT('',#5235);
#1795=VERTEX_POINT('',#5237);
#1796=VERTEX_POINT('',#5241);
#1797=VERTEX_POINT('',#5242);
#1798=VERTEX_POINT('',#5247);
#1799=VERTEX_POINT('',#5249);
#1800=VERTEX_POINT('',#5253);
#1801=VERTEX_POINT('',#5255);
#1802=VERTEX_POINT('',#5259);
#1803=VERTEX_POINT('',#5260);
#1804=VERTEX_POINT('',#5265);
#1805=VERTEX_POINT('',#5267);
#1806=VERTEX_POINT('',#5271);
#1807=VERTEX_POINT('',#5273);
#1808=VERTEX_POINT('',#5277);
#1809=VERTEX_POINT('',#5279);
#1810=VERTEX_POINT('',#5283);
#1811=VERTEX_POINT('',#5284);
#1812=VERTEX_POINT('',#5286);
#1813=VERTEX_POINT('',#5288);
#1814=VERTEX_POINT('',#5290);
#1815=VERTEX_POINT('',#5292);
#1816=VERTEX_POINT('',#5296);
#1817=VERTEX_POINT('',#5298);
#1818=VERTEX_POINT('',#5302);
#1819=VERTEX_POINT('',#5304);
#1820=VERTEX_POINT('',#5308);
#1821=VERTEX_POINT('',#5310);
#1822=VERTEX_POINT('',#5312);
#1823=VERTEX_POINT('',#5314);
#1824=VERTEX_POINT('',#5319);
#1825=VERTEX_POINT('',#5321);
#1826=VERTEX_POINT('',#5326);
#1827=VERTEX_POINT('',#5328);
#1828=VERTEX_POINT('',#5332);
#1829=VERTEX_POINT('',#5333);
#1830=VERTEX_POINT('',#5335);
#1831=VERTEX_POINT('',#5337);
#1832=VERTEX_POINT('',#5341);
#1833=VERTEX_POINT('',#5343);
#1834=VERTEX_POINT('',#5345);
#1835=VERTEX_POINT('',#5347);
#1836=VERTEX_POINT('',#5351);
#1837=VERTEX_POINT('',#5352);
#1838=VERTEX_POINT('',#5354);
#1839=VERTEX_POINT('',#5356);
#1840=VERTEX_POINT('',#5358);
#1841=VERTEX_POINT('',#5360);
#1842=VERTEX_POINT('',#5368);
#1843=VERTEX_POINT('',#5370);
#1844=VERTEX_POINT('',#5375);
#1845=VERTEX_POINT('',#5377);
#1846=VERTEX_POINT('',#5388);
#1847=VERTEX_POINT('',#5390);
#1848=VERTEX_POINT('',#5392);
#1849=VERTEX_POINT('',#5394);
#1850=VERTEX_POINT('',#5396);
#1851=VERTEX_POINT('',#5398);
#1852=VERTEX_POINT('',#5400);
#1853=VERTEX_POINT('',#5402);
#1854=VERTEX_POINT('',#5406);
#1855=VERTEX_POINT('',#5408);
#1856=VERTEX_POINT('',#5410);
#1857=VERTEX_POINT('',#5412);
#1858=VERTEX_POINT('',#5414);
#1859=VERTEX_POINT('',#5416);
#1860=VERTEX_POINT('',#5418);
#1861=VERTEX_POINT('',#5420);
#1862=VERTEX_POINT('',#5429);
#1863=VERTEX_POINT('',#5433);
#1864=VERTEX_POINT('',#5437);
#1865=VERTEX_POINT('',#5441);
#1866=VERTEX_POINT('',#5445);
#1867=VERTEX_POINT('',#5449);
#1868=VERTEX_POINT('',#5453);
#1869=VERTEX_POINT('',#5457);
#1870=VERTEX_POINT('',#5463);
#1871=VERTEX_POINT('',#5467);
#1872=VERTEX_POINT('',#5471);
#1873=VERTEX_POINT('',#5475);
#1874=VERTEX_POINT('',#5479);
#1875=VERTEX_POINT('',#5483);
#1876=VERTEX_POINT('',#5487);
#1877=VERTEX_POINT('',#5491);
#1878=VERTEX_POINT('',#5497);
#1879=VERTEX_POINT('',#5498);
#1880=VERTEX_POINT('',#5500);
#1881=VERTEX_POINT('',#5502);
#1882=VERTEX_POINT('',#5506);
#1883=VERTEX_POINT('',#5508);
#1884=VERTEX_POINT('',#5512);
#1885=VERTEX_POINT('',#5514);
#1886=VERTEX_POINT('',#5544);
#1887=VERTEX_POINT('',#5545);
#1888=VERTEX_POINT('',#5547);
#1889=VERTEX_POINT('',#5549);
#1890=VERTEX_POINT('',#5553);
#1891=VERTEX_POINT('',#5555);
#1892=VERTEX_POINT('',#5559);
#1893=VERTEX_POINT('',#5560);
#1894=VERTEX_POINT('',#5562);
#1895=VERTEX_POINT('',#5564);
#1896=VERTEX_POINT('',#5566);
#1897=VERTEX_POINT('',#5568);
#1898=VERTEX_POINT('',#5570);
#1899=VERTEX_POINT('',#5572);
#1900=VERTEX_POINT('',#5574);
#1901=VERTEX_POINT('',#5576);
#1902=VERTEX_POINT('',#5578);
#1903=VERTEX_POINT('',#5580);
#1904=VERTEX_POINT('',#5582);
#1905=VERTEX_POINT('',#5584);
#1906=VERTEX_POINT('',#5587);
#1907=VERTEX_POINT('',#5589);
#1908=VERTEX_POINT('',#5598);
#1909=VERTEX_POINT('',#5600);
#1910=VERTEX_POINT('',#5604);
#1911=VERTEX_POINT('',#5608);
#1912=VERTEX_POINT('',#5612);
#1913=VERTEX_POINT('',#5616);
#1914=VERTEX_POINT('',#5620);
#1915=VERTEX_POINT('',#5624);
#1916=VERTEX_POINT('',#5628);
#1917=VERTEX_POINT('',#5632);
#1918=VERTEX_POINT('',#5636);
#1919=VERTEX_POINT('',#5640);
#1920=VERTEX_POINT('',#5644);
#1921=VERTEX_POINT('',#5648);
#1922=VERTEX_POINT('',#5652);
#1923=VERTEX_POINT('',#5653);
#1924=VERTEX_POINT('',#5655);
#1925=VERTEX_POINT('',#5657);
#1926=VERTEX_POINT('',#5661);
#1927=VERTEX_POINT('',#5663);
#1928=VERTEX_POINT('',#5667);
#1929=VERTEX_POINT('',#5669);
#1930=VERTEX_POINT('',#5681);
#1931=VERTEX_POINT('',#5682);
#1932=VERTEX_POINT('',#5684);
#1933=VERTEX_POINT('',#5686);
#1934=VERTEX_POINT('',#5688);
#1935=VERTEX_POINT('',#5690);
#1936=VERTEX_POINT('',#5692);
#1937=VERTEX_POINT('',#5694);
#1938=VERTEX_POINT('',#5696);
#1939=VERTEX_POINT('',#5698);
#1940=VERTEX_POINT('',#5700);
#1941=VERTEX_POINT('',#5702);
#1942=VERTEX_POINT('',#5704);
#1943=VERTEX_POINT('',#5706);
#1944=VERTEX_POINT('',#5708);
#1945=VERTEX_POINT('',#5710);
#1946=VERTEX_POINT('',#5712);
#1947=VERTEX_POINT('',#5714);
#1948=VERTEX_POINT('',#5716);
#1949=VERTEX_POINT('',#5718);
#1950=VERTEX_POINT('',#5722);
#1951=VERTEX_POINT('',#5723);
#1952=VERTEX_POINT('',#5725);
#1953=VERTEX_POINT('',#5727);
#1954=VERTEX_POINT('',#5729);
#1955=VERTEX_POINT('',#5731);
#1956=VERTEX_POINT('',#5733);
#1957=VERTEX_POINT('',#5735);
#1958=VERTEX_POINT('',#5737);
#1959=VERTEX_POINT('',#5739);
#1960=VERTEX_POINT('',#5741);
#1961=VERTEX_POINT('',#5743);
#1962=VERTEX_POINT('',#5745);
#1963=VERTEX_POINT('',#5747);
#1964=VERTEX_POINT('',#5749);
#1965=VERTEX_POINT('',#5751);
#1966=VERTEX_POINT('',#5753);
#1967=VERTEX_POINT('',#5755);
#1968=VERTEX_POINT('',#5757);
#1969=VERTEX_POINT('',#5759);
#1970=VERTEX_POINT('',#5763);
#1971=VERTEX_POINT('',#5764);
#1972=VERTEX_POINT('',#5766);
#1973=VERTEX_POINT('',#5768);
#1974=VERTEX_POINT('',#5772);
#1975=VERTEX_POINT('',#5773);
#1976=VERTEX_POINT('',#5775);
#1977=VERTEX_POINT('',#5777);
#1978=VERTEX_POINT('',#5781);
#1979=VERTEX_POINT('',#5783);
#1980=VERTEX_POINT('',#5787);
#1981=VERTEX_POINT('',#5789);
#1982=VERTEX_POINT('',#5793);
#1983=VERTEX_POINT('',#5795);
#1984=VERTEX_POINT('',#5799);
#1985=VERTEX_POINT('',#5801);
#1986=VERTEX_POINT('',#5805);
#1987=VERTEX_POINT('',#5807);
#1988=VERTEX_POINT('',#5811);
#1989=VERTEX_POINT('',#5813);
#1990=VERTEX_POINT('',#5817);
#1991=VERTEX_POINT('',#5818);
#1992=VERTEX_POINT('',#5823);
#1993=VERTEX_POINT('',#5824);
#1994=VERTEX_POINT('',#5829);
#1995=VERTEX_POINT('',#5831);
#1996=VERTEX_POINT('',#5835);
#1997=VERTEX_POINT('',#5837);
#1998=VERTEX_POINT('',#5841);
#1999=VERTEX_POINT('',#5842);
#2000=VERTEX_POINT('',#5845);
#2001=VERTEX_POINT('',#5847);
#2002=VERTEX_POINT('',#5850);
#2003=VERTEX_POINT('',#5852);
#2004=VERTEX_POINT('',#5854);
#2005=VERTEX_POINT('',#5856);
#2006=VERTEX_POINT('',#5860);
#2007=VERTEX_POINT('',#5861);
#2008=VERTEX_POINT('',#5863);
#2009=VERTEX_POINT('',#5865);
#2010=VERTEX_POINT('',#5867);
#2011=VERTEX_POINT('',#5869);
#2012=VERTEX_POINT('',#5871);
#2013=VERTEX_POINT('',#5873);
#2014=VERTEX_POINT('',#5875);
#2015=VERTEX_POINT('',#5877);
#2016=VERTEX_POINT('',#5879);
#2017=VERTEX_POINT('',#5881);
#2018=VERTEX_POINT('',#5885);
#2019=VERTEX_POINT('',#5887);
#2020=VERTEX_POINT('',#5891);
#2021=VERTEX_POINT('',#5893);
#2022=VERTEX_POINT('',#5897);
#2023=VERTEX_POINT('',#5898);
#2024=VERTEX_POINT('',#5903);
#2025=VERTEX_POINT('',#5904);
#2026=VERTEX_POINT('',#5909);
#2027=VERTEX_POINT('',#5911);
#2028=VERTEX_POINT('',#5915);
#2029=VERTEX_POINT('',#5917);
#2030=VERTEX_POINT('',#5921);
#2031=VERTEX_POINT('',#5923);
#2032=VERTEX_POINT('',#5927);
#2033=VERTEX_POINT('',#5929);
#2034=VERTEX_POINT('',#5933);
#2035=VERTEX_POINT('',#5935);
#2036=VERTEX_POINT('',#5939);
#2037=VERTEX_POINT('',#5941);
#2038=VERTEX_POINT('',#5945);
#2039=VERTEX_POINT('',#5947);
#2040=VERTEX_POINT('',#5951);
#2041=VERTEX_POINT('',#5953);
#2042=VERTEX_POINT('',#5957);
#2043=VERTEX_POINT('',#5959);
#2044=VERTEX_POINT('',#5963);
#2045=VERTEX_POINT('',#5965);
#2046=VERTEX_POINT('',#5969);
#2047=VERTEX_POINT('',#5971);
#2048=VERTEX_POINT('',#5975);
#2049=VERTEX_POINT('',#5977);
#2050=VERTEX_POINT('',#5987);
#2051=VERTEX_POINT('',#5989);
#2052=VERTEX_POINT('',#5993);
#2053=VERTEX_POINT('',#5995);
#2054=VERTEX_POINT('',#5999);
#2055=VERTEX_POINT('',#6001);
#2056=VERTEX_POINT('',#6005);
#2057=VERTEX_POINT('',#6007);
#2058=VERTEX_POINT('',#6020);
#2059=VERTEX_POINT('',#6022);
#2060=VERTEX_POINT('',#6024);
#2061=VERTEX_POINT('',#6026);
#2062=VERTEX_POINT('',#6031);
#2063=VERTEX_POINT('',#6033);
#2064=VERTEX_POINT('',#6035);
#2065=VERTEX_POINT('',#6037);
#2066=VERTEX_POINT('',#6043);
#2067=VERTEX_POINT('',#6045);
#2068=VERTEX_POINT('',#6049);
#2069=VERTEX_POINT('',#6051);
#2070=VERTEX_POINT('',#6055);
#2071=VERTEX_POINT('',#6057);
#2072=VERTEX_POINT('',#6061);
#2073=VERTEX_POINT('',#6063);
#2074=VERTEX_POINT('',#6067);
#2075=VERTEX_POINT('',#6069);
#2076=VERTEX_POINT('',#6073);
#2077=VERTEX_POINT('',#6075);
#2078=VERTEX_POINT('',#6079);
#2079=VERTEX_POINT('',#6081);
#2080=VERTEX_POINT('',#6085);
#2081=VERTEX_POINT('',#6087);
#2082=VERTEX_POINT('',#6091);
#2083=VERTEX_POINT('',#6093);
#2084=VERTEX_POINT('',#6097);
#2085=VERTEX_POINT('',#6099);
#2086=VERTEX_POINT('',#6103);
#2087=VERTEX_POINT('',#6105);
#2088=VERTEX_POINT('',#6107);
#2089=VERTEX_POINT('',#6110);
#2090=VERTEX_POINT('',#6116);
#2091=VERTEX_POINT('',#6117);
#2092=VERTEX_POINT('',#6119);
#2093=VERTEX_POINT('',#6121);
#2094=VERTEX_POINT('',#6123);
#2095=VERTEX_POINT('',#6125);
#2096=VERTEX_POINT('',#6127);
#2097=VERTEX_POINT('',#6129);
#2098=VERTEX_POINT('',#6135);
#2099=VERTEX_POINT('',#6137);
#2100=VERTEX_POINT('',#6141);
#2101=VERTEX_POINT('',#6143);
#2102=VERTEX_POINT('',#6147);
#2103=VERTEX_POINT('',#6149);
#2104=VERTEX_POINT('',#6153);
#2105=VERTEX_POINT('',#6155);
#2106=VERTEX_POINT('',#6159);
#2107=VERTEX_POINT('',#6161);
#2108=VERTEX_POINT('',#6165);
#2109=VERTEX_POINT('',#6167);
#2110=VERTEX_POINT('',#6171);
#2111=VERTEX_POINT('',#6173);
#2112=VERTEX_POINT('',#6177);
#2113=VERTEX_POINT('',#6179);
#2114=LINE('',#5134,#2602);
#2115=LINE('',#5137,#2603);
#2116=LINE('',#5139,#2604);
#2117=LINE('',#5141,#2605);
#2118=LINE('',#5143,#2606);
#2119=LINE('',#5145,#2607);
#2120=LINE('',#5147,#2608);
#2121=LINE('',#5149,#2609);
#2122=LINE('',#5151,#2610);
#2123=LINE('',#5154,#2611);
#2124=LINE('',#5156,#2612);
#2125=LINE('',#5158,#2613);
#2126=LINE('',#5160,#2614);
#2127=LINE('',#5162,#2615);
#2128=LINE('',#5164,#2616);
#2129=LINE('',#5166,#2617);
#2130=LINE('',#5168,#2618);
#2131=LINE('',#5171,#2619);
#2132=LINE('',#5173,#2620);
#2133=LINE('',#5175,#2621);
#2134=LINE('',#5181,#2622);
#2135=LINE('',#5186,#2623);
#2136=LINE('',#5189,#2624);
#2137=LINE('',#5191,#2625);
#2138=LINE('',#5193,#2626);
#2139=LINE('',#5199,#2627);
#2140=LINE('',#5201,#2628);
#2141=LINE('',#5207,#2629);
#2142=LINE('',#5209,#2630);
#2143=LINE('',#5211,#2631);
#2144=LINE('',#5213,#2632);
#2145=LINE('',#5215,#2633);
#2146=LINE('',#5219,#2634);
#2147=LINE('',#5223,#2635);
#2148=LINE('',#5225,#2636);
#2149=LINE('',#5230,#2637);
#2150=LINE('',#5232,#2638);
#2151=LINE('',#5234,#2639);
#2152=LINE('',#5236,#2640);
#2153=LINE('',#5238,#2641);
#2154=LINE('',#5240,#2642);
#2155=LINE('',#5250,#2643);
#2156=LINE('',#5252,#2644);
#2157=LINE('',#5254,#2645);
#2158=LINE('',#5256,#2646);
#2159=LINE('',#5258,#2647);
#2160=LINE('',#5268,#2648);
#2161=LINE('',#5270,#2649);
#2162=LINE('',#5272,#2650);
#2163=LINE('',#5274,#2651);
#2164=LINE('',#5276,#2652);
#2165=LINE('',#5278,#2653);
#2166=LINE('',#5282,#2654);
#2167=LINE('',#5285,#2655);
#2168=LINE('',#5287,#2656);
#2169=LINE('',#5289,#2657);
#2170=LINE('',#5291,#2658);
#2171=LINE('',#5293,#2659);
#2172=LINE('',#5295,#2660);
#2173=LINE('',#5297,#2661);
#2174=LINE('',#5299,#2662);
#2175=LINE('',#5301,#2663);
#2176=LINE('',#5303,#2664);
#2177=LINE('',#5305,#2665);
#2178=LINE('',#5307,#2666);
#2179=LINE('',#5309,#2667);
#2180=LINE('',#5311,#2668);
#2181=LINE('',#5313,#2669);
#2182=LINE('',#5315,#2670);
#2183=LINE('',#5317,#2671);
#2184=LINE('',#5320,#2672);
#2185=LINE('',#5324,#2673);
#2186=LINE('',#5327,#2674);
#2187=LINE('',#5331,#2675);
#2188=LINE('',#5334,#2676);
#2189=LINE('',#5336,#2677);
#2190=LINE('',#5338,#2678);
#2191=LINE('',#5340,#2679);
#2192=LINE('',#5342,#2680);
#2193=LINE('',#5344,#2681);
#2194=LINE('',#5346,#2682);
#2195=LINE('',#5348,#2683);
#2196=LINE('',#5350,#2684);
#2197=LINE('',#5353,#2685);
#2198=LINE('',#5355,#2686);
#2199=LINE('',#5357,#2687);
#2200=LINE('',#5359,#2688);
#2201=LINE('',#5361,#2689);
#2202=LINE('',#5363,#2690);
#2203=LINE('',#5364,#2691);
#2204=LINE('',#5366,#2692);
#2205=LINE('',#5369,#2693);
#2206=LINE('',#5373,#2694);
#2207=LINE('',#5376,#2695);
#2208=LINE('',#5380,#2696);
#2209=LINE('',#5381,#2697);
#2210=LINE('',#5383,#2698);
#2211=LINE('',#5384,#2699);
#2212=LINE('',#5386,#2700);
#2213=LINE('',#5389,#2701);
#2214=LINE('',#5391,#2702);
#2215=LINE('',#5393,#2703);
#2216=LINE('',#5395,#2704);
#2217=LINE('',#5397,#2705);
#2218=LINE('',#5399,#2706);
#2219=LINE('',#5401,#2707);
#2220=LINE('',#5404,#2708);
#2221=LINE('',#5407,#2709);
#2222=LINE('',#5409,#2710);
#2223=LINE('',#5413,#2711);
#2224=LINE('',#5417,#2712);
#2225=LINE('',#5419,#2713);
#2226=LINE('',#5423,#2714);
#2227=LINE('',#5424,#2715);
#2228=LINE('',#5425,#2716);
#2229=LINE('',#5426,#2717);
#2230=LINE('',#5428,#2718);
#2231=LINE('',#5432,#2719);
#2232=LINE('',#5434,#2720);
#2233=LINE('',#5436,#2721);
#2234=LINE('',#5438,#2722);
#2235=LINE('',#5440,#2723);
#2236=LINE('',#5444,#2724);
#2237=LINE('',#5446,#2725);
#2238=LINE('',#5448,#2726);
#2239=LINE('',#5452,#2727);
#2240=LINE('',#5454,#2728);
#2241=LINE('',#5456,#2729);
#2242=LINE('',#5458,#2730);
#2243=LINE('',#5462,#2731);
#2244=LINE('',#5466,#2732);
#2245=LINE('',#5468,#2733);
#2246=LINE('',#5470,#2734);
#2247=LINE('',#5472,#2735);
#2248=LINE('',#5474,#2736);
#2249=LINE('',#5476,#2737);
#2250=LINE('',#5478,#2738);
#2251=LINE('',#5480,#2739);
#2252=LINE('',#5482,#2740);
#2253=LINE('',#5484,#2741);
#2254=LINE('',#5486,#2742);
#2255=LINE('',#5488,#2743);
#2256=LINE('',#5490,#2744);
#2257=LINE('',#5492,#2745);
#2258=LINE('',#5496,#2746);
#2259=LINE('',#5499,#2747);
#2260=LINE('',#5501,#2748);
#2261=LINE('',#5503,#2749);
#2262=LINE('',#5505,#2750);
#2263=LINE('',#5507,#2751);
#2264=LINE('',#5509,#2752);
#2265=LINE('',#5511,#2753);
#2266=LINE('',#5513,#2754);
#2267=LINE('',#5515,#2755);
#2268=LINE('',#5517,#2756);
#2269=LINE('',#5518,#2757);
#2270=LINE('',#5520,#2758);
#2271=LINE('',#5521,#2759);
#2272=LINE('',#5532,#2760);
#2273=LINE('',#5534,#2761);
#2274=LINE('',#5537,#2762);
#2275=LINE('',#5538,#2763);
#2276=LINE('',#5543,#2764);
#2277=LINE('',#5546,#2765);
#2278=LINE('',#5548,#2766);
#2279=LINE('',#5550,#2767);
#2280=LINE('',#5552,#2768);
#2281=LINE('',#5554,#2769);
#2282=LINE('',#5556,#2770);
#2283=LINE('',#5558,#2771);
#2284=LINE('',#5561,#2772);
#2285=LINE('',#5563,#2773);
#2286=LINE('',#5565,#2774);
#2287=LINE('',#5567,#2775);
#2288=LINE('',#5569,#2776);
#2289=LINE('',#5571,#2777);
#2290=LINE('',#5573,#2778);
#2291=LINE('',#5575,#2779);
#2292=LINE('',#5577,#2780);
#2293=LINE('',#5579,#2781);
#2294=LINE('',#5581,#2782);
#2295=LINE('',#5583,#2783);
#2296=LINE('',#5585,#2784);
#2297=LINE('',#5586,#2785);
#2298=LINE('',#5588,#2786);
#2299=LINE('',#5590,#2787);
#2300=LINE('',#5592,#2788);
#2301=LINE('',#5593,#2789);
#2302=LINE('',#5597,#2790);
#2303=LINE('',#5599,#2791);
#2304=LINE('',#5601,#2792);
#2305=LINE('',#5603,#2793);
#2306=LINE('',#5605,#2794);
#2307=LINE('',#5607,#2795);
#2308=LINE('',#5609,#2796);
#2309=LINE('',#5611,#2797);
#2310=LINE('',#5613,#2798);
#2311=LINE('',#5615,#2799);
#2312=LINE('',#5617,#2800);
#2313=LINE('',#5619,#2801);
#2314=LINE('',#5621,#2802);
#2315=LINE('',#5623,#2803);
#2316=LINE('',#5625,#2804);
#2317=LINE('',#5627,#2805);
#2318=LINE('',#5629,#2806);
#2319=LINE('',#5631,#2807);
#2320=LINE('',#5633,#2808);
#2321=LINE('',#5635,#2809);
#2322=LINE('',#5637,#2810);
#2323=LINE('',#5639,#2811);
#2324=LINE('',#5641,#2812);
#2325=LINE('',#5643,#2813);
#2326=LINE('',#5645,#2814);
#2327=LINE('',#5647,#2815);
#2328=LINE('',#5649,#2816);
#2329=LINE('',#5651,#2817);
#2330=LINE('',#5654,#2818);
#2331=LINE('',#5656,#2819);
#2332=LINE('',#5658,#2820);
#2333=LINE('',#5660,#2821);
#2334=LINE('',#5662,#2822);
#2335=LINE('',#5664,#2823);
#2336=LINE('',#5666,#2824);
#2337=LINE('',#5668,#2825);
#2338=LINE('',#5670,#2826);
#2339=LINE('',#5672,#2827);
#2340=LINE('',#5673,#2828);
#2341=LINE('',#5675,#2829);
#2342=LINE('',#5680,#2830);
#2343=LINE('',#5683,#2831);
#2344=LINE('',#5685,#2832);
#2345=LINE('',#5687,#2833);
#2346=LINE('',#5689,#2834);
#2347=LINE('',#5691,#2835);
#2348=LINE('',#5693,#2836);
#2349=LINE('',#5695,#2837);
#2350=LINE('',#5697,#2838);
#2351=LINE('',#5699,#2839);
#2352=LINE('',#5701,#2840);
#2353=LINE('',#5703,#2841);
#2354=LINE('',#5705,#2842);
#2355=LINE('',#5707,#2843);
#2356=LINE('',#5709,#2844);
#2357=LINE('',#5711,#2845);
#2358=LINE('',#5713,#2846);
#2359=LINE('',#5715,#2847);
#2360=LINE('',#5717,#2848);
#2361=LINE('',#5719,#2849);
#2362=LINE('',#5721,#2850);
#2363=LINE('',#5724,#2851);
#2364=LINE('',#5726,#2852);
#2365=LINE('',#5728,#2853);
#2366=LINE('',#5730,#2854);
#2367=LINE('',#5732,#2855);
#2368=LINE('',#5734,#2856);
#2369=LINE('',#5736,#2857);
#2370=LINE('',#5738,#2858);
#2371=LINE('',#5740,#2859);
#2372=LINE('',#5742,#2860);
#2373=LINE('',#5744,#2861);
#2374=LINE('',#5746,#2862);
#2375=LINE('',#5748,#2863);
#2376=LINE('',#5750,#2864);
#2377=LINE('',#5752,#2865);
#2378=LINE('',#5754,#2866);
#2379=LINE('',#5756,#2867);
#2380=LINE('',#5758,#2868);
#2381=LINE('',#5760,#2869);
#2382=LINE('',#5762,#2870);
#2383=LINE('',#5765,#2871);
#2384=LINE('',#5767,#2872);
#2385=LINE('',#5769,#2873);
#2386=LINE('',#5771,#2874);
#2387=LINE('',#5774,#2875);
#2388=LINE('',#5776,#2876);
#2389=LINE('',#5778,#2877);
#2390=LINE('',#5780,#2878);
#2391=LINE('',#5782,#2879);
#2392=LINE('',#5784,#2880);
#2393=LINE('',#5786,#2881);
#2394=LINE('',#5788,#2882);
#2395=LINE('',#5790,#2883);
#2396=LINE('',#5792,#2884);
#2397=LINE('',#5794,#2885);
#2398=LINE('',#5796,#2886);
#2399=LINE('',#5798,#2887);
#2400=LINE('',#5800,#2888);
#2401=LINE('',#5802,#2889);
#2402=LINE('',#5804,#2890);
#2403=LINE('',#5806,#2891);
#2404=LINE('',#5808,#2892);
#2405=LINE('',#5810,#2893);
#2406=LINE('',#5812,#2894);
#2407=LINE('',#5814,#2895);
#2408=LINE('',#5816,#2896);
#2409=LINE('',#5822,#2897);
#2410=LINE('',#5828,#2898);
#2411=LINE('',#5830,#2899);
#2412=LINE('',#5832,#2900);
#2413=LINE('',#5834,#2901);
#2414=LINE('',#5836,#2902);
#2415=LINE('',#5838,#2903);
#2416=LINE('',#5840,#2904);
#2417=LINE('',#5843,#2905);
#2418=LINE('',#5844,#2906);
#2419=LINE('',#5846,#2907);
#2420=LINE('',#5848,#2908);
#2421=LINE('',#5849,#2909);
#2422=LINE('',#5851,#2910);
#2423=LINE('',#5853,#2911);
#2424=LINE('',#5855,#2912);
#2425=LINE('',#5857,#2913);
#2426=LINE('',#5859,#2914);
#2427=LINE('',#5862,#2915);
#2428=LINE('',#5864,#2916);
#2429=LINE('',#5866,#2917);
#2430=LINE('',#5868,#2918);
#2431=LINE('',#5870,#2919);
#2432=LINE('',#5872,#2920);
#2433=LINE('',#5874,#2921);
#2434=LINE('',#5876,#2922);
#2435=LINE('',#5878,#2923);
#2436=LINE('',#5880,#2924);
#2437=LINE('',#5882,#2925);
#2438=LINE('',#5884,#2926);
#2439=LINE('',#5886,#2927);
#2440=LINE('',#5888,#2928);
#2441=LINE('',#5890,#2929);
#2442=LINE('',#5892,#2930);
#2443=LINE('',#5894,#2931);
#2444=LINE('',#5896,#2932);
#2445=LINE('',#5902,#2933);
#2446=LINE('',#5908,#2934);
#2447=LINE('',#5910,#2935);
#2448=LINE('',#5912,#2936);
#2449=LINE('',#5914,#2937);
#2450=LINE('',#5916,#2938);
#2451=LINE('',#5918,#2939);
#2452=LINE('',#5920,#2940);
#2453=LINE('',#5922,#2941);
#2454=LINE('',#5924,#2942);
#2455=LINE('',#5926,#2943);
#2456=LINE('',#5928,#2944);
#2457=LINE('',#5930,#2945);
#2458=LINE('',#5932,#2946);
#2459=LINE('',#5934,#2947);
#2460=LINE('',#5936,#2948);
#2461=LINE('',#5938,#2949);
#2462=LINE('',#5940,#2950);
#2463=LINE('',#5942,#2951);
#2464=LINE('',#5944,#2952);
#2465=LINE('',#5946,#2953);
#2466=LINE('',#5948,#2954);
#2467=LINE('',#5950,#2955);
#2468=LINE('',#5952,#2956);
#2469=LINE('',#5954,#2957);
#2470=LINE('',#5956,#2958);
#2471=LINE('',#5958,#2959);
#2472=LINE('',#5960,#2960);
#2473=LINE('',#5962,#2961);
#2474=LINE('',#5964,#2962);
#2475=LINE('',#5966,#2963);
#2476=LINE('',#5972,#2964);
#2477=LINE('',#5978,#2965);
#2478=LINE('',#5980,#2966);
#2479=LINE('',#5981,#2967);
#2480=LINE('',#5983,#2968);
#2481=LINE('',#5984,#2969);
#2482=LINE('',#5986,#2970);
#2483=LINE('',#5988,#2971);
#2484=LINE('',#5990,#2972);
#2485=LINE('',#5992,#2973);
#2486=LINE('',#5994,#2974);
#2487=LINE('',#5996,#2975);
#2488=LINE('',#6002,#2976);
#2489=LINE('',#6008,#2977);
#2490=LINE('',#6010,#2978);
#2491=LINE('',#6011,#2979);
#2492=LINE('',#6013,#2980);
#2493=LINE('',#6014,#2981);
#2494=LINE('',#6016,#2982);
#2495=LINE('',#6017,#2983);
#2496=LINE('',#6018,#2984);
#2497=LINE('',#6019,#2985);
#2498=LINE('',#6021,#2986);
#2499=LINE('',#6023,#2987);
#2500=LINE('',#6025,#2988);
#2501=LINE('',#6027,#2989);
#2502=LINE('',#6029,#2990);
#2503=LINE('',#6030,#2991);
#2504=LINE('',#6032,#2992);
#2505=LINE('',#6034,#2993);
#2506=LINE('',#6036,#2994);
#2507=LINE('',#6038,#2995);
#2508=LINE('',#6039,#2996);
#2509=LINE('',#6040,#2997);
#2510=LINE('',#6042,#2998);
#2511=LINE('',#6044,#2999);
#2512=LINE('',#6046,#3000);
#2513=LINE('',#6048,#3001);
#2514=LINE('',#6050,#3002);
#2515=LINE('',#6052,#3003);
#2516=LINE('',#6054,#3004);
#2517=LINE('',#6056,#3005);
#2518=LINE('',#6058,#3006);
#2519=LINE('',#6060,#3007);
#2520=LINE('',#6062,#3008);
#2521=LINE('',#6064,#3009);
#2522=LINE('',#6066,#3010);
#2523=LINE('',#6068,#3011);
#2524=LINE('',#6070,#3012);
#2525=LINE('',#6072,#3013);
#2526=LINE('',#6074,#3014);
#2527=LINE('',#6076,#3015);
#2528=LINE('',#6078,#3016);
#2529=LINE('',#6080,#3017);
#2530=LINE('',#6082,#3018);
#2531=LINE('',#6084,#3019);
#2532=LINE('',#6086,#3020);
#2533=LINE('',#6088,#3021);
#2534=LINE('',#6090,#3022);
#2535=LINE('',#6092,#3023);
#2536=LINE('',#6094,#3024);
#2537=LINE('',#6096,#3025);
#2538=LINE('',#6098,#3026);
#2539=LINE('',#6100,#3027);
#2540=LINE('',#6102,#3028);
#2541=LINE('',#6104,#3029);
#2542=LINE('',#6106,#3030);
#2543=LINE('',#6108,#3031);
#2544=LINE('',#6109,#3032);
#2545=LINE('',#6111,#3033);
#2546=LINE('',#6112,#3034);
#2547=LINE('',#6113,#3035);
#2548=LINE('',#6115,#3036);
#2549=LINE('',#6118,#3037);
#2550=LINE('',#6120,#3038);
#2551=LINE('',#6122,#3039);
#2552=LINE('',#6124,#3040);
#2553=LINE('',#6126,#3041);
#2554=LINE('',#6128,#3042);
#2555=LINE('',#6130,#3043);
#2556=LINE('',#6131,#3044);
#2557=LINE('',#6132,#3045);
#2558=LINE('',#6134,#3046);
#2559=LINE('',#6136,#3047);
#2560=LINE('',#6138,#3048);
#2561=LINE('',#6140,#3049);
#2562=LINE('',#6142,#3050);
#2563=LINE('',#6144,#3051);
#2564=LINE('',#6146,#3052);
#2565=LINE('',#6148,#3053);
#2566=LINE('',#6150,#3054);
#2567=LINE('',#6152,#3055);
#2568=LINE('',#6154,#3056);
#2569=LINE('',#6156,#3057);
#2570=LINE('',#6158,#3058);
#2571=LINE('',#6160,#3059);
#2572=LINE('',#6162,#3060);
#2573=LINE('',#6164,#3061);
#2574=LINE('',#6166,#3062);
#2575=LINE('',#6168,#3063);
#2576=LINE('',#6170,#3064);
#2577=LINE('',#6172,#3065);
#2578=LINE('',#6174,#3066);
#2579=LINE('',#6176,#3067);
#2580=LINE('',#6178,#3068);
#2581=LINE('',#6180,#3069);
#2582=LINE('',#6182,#3070);
#2583=LINE('',#6183,#3071);
#2584=LINE('',#6185,#3072);
#2585=LINE('',#6186,#3073);
#2586=LINE('',#6190,#3074);
#2587=LINE('',#6193,#3075);
#2588=LINE('',#6196,#3076);
#2589=LINE('',#6199,#3077);
#2590=LINE('',#6202,#3078);
#2591=LINE('',#6203,#3079);
#2592=LINE('',#6207,#3080);
#2593=LINE('',#6209,#3081);
#2594=LINE('',#6212,#3082);
#2595=LINE('',#6215,#3083);
#2596=LINE('',#6218,#3084);
#2597=LINE('',#6221,#3085);
#2598=LINE('',#6224,#3086);
#2599=LINE('',#6226,#3087);
#2600=LINE('',#6229,#3088);
#2601=LINE('',#6230,#3089);
#2602=VECTOR('',#4140,1000.);
#2603=VECTOR('',#4141,1000.);
#2604=VECTOR('',#4142,1000.);
#2605=VECTOR('',#4143,1000.);
#2606=VECTOR('',#4144,1000.);
#2607=VECTOR('',#4145,1000.);
#2608=VECTOR('',#4146,1000.);
#2609=VECTOR('',#4147,1000.);
#2610=VECTOR('',#4150,1000.);
#2611=VECTOR('',#4151,1000.);
#2612=VECTOR('',#4152,1000.);
#2613=VECTOR('',#4153,1000.);
#2614=VECTOR('',#4154,1000.);
#2615=VECTOR('',#4155,1000.);
#2616=VECTOR('',#4156,1000.);
#2617=VECTOR('',#4157,1000.);
#2618=VECTOR('',#4160,1000.);
#2619=VECTOR('',#4161,1000.);
#2620=VECTOR('',#4162,1000.);
#2621=VECTOR('',#4163,1000.);
#2622=VECTOR('',#4170,1000.);
#2623=VECTOR('',#4179,1000.);
#2624=VECTOR('',#4180,1000.);
#2625=VECTOR('',#4181,1000.);
#2626=VECTOR('',#4182,1000.);
#2627=VECTOR('',#4189,1000.);
#2628=VECTOR('',#4192,1000.);
#2629=VECTOR('',#4199,1000.);
#2630=VECTOR('',#4200,1000.);
#2631=VECTOR('',#4201,1000.);
#2632=VECTOR('',#4204,1000.);
#2633=VECTOR('',#4205,1000.);
#2634=VECTOR('',#4210,1000.);
#2635=VECTOR('',#4213,1000.);
#2636=VECTOR('',#4216,1000.);
#2637=VECTOR('',#4219,1000.);
#2638=VECTOR('',#4220,1000.);
#2639=VECTOR('',#4223,1000.);
#2640=VECTOR('',#4224,1000.);
#2641=VECTOR('',#4225,1000.);
#2642=VECTOR('',#4228,1000.);
#2643=VECTOR('',#4239,1000.);
#2644=VECTOR('',#4242,1000.);
#2645=VECTOR('',#4243,1000.);
#2646=VECTOR('',#4244,1000.);
#2647=VECTOR('',#4247,1000.);
#2648=VECTOR('',#4258,1000.);
#2649=VECTOR('',#4261,1000.);
#2650=VECTOR('',#4262,1000.);
#2651=VECTOR('',#4263,1000.);
#2652=VECTOR('',#4266,1000.);
#2653=VECTOR('',#4267,1000.);
#2654=VECTOR('',#4272,1000.);
#2655=VECTOR('',#4273,1000.);
#2656=VECTOR('',#4274,1000.);
#2657=VECTOR('',#4275,1000.);
#2658=VECTOR('',#4276,1000.);
#2659=VECTOR('',#4277,1000.);
#2660=VECTOR('',#4280,1000.);
#2661=VECTOR('',#4281,1000.);
#2662=VECTOR('',#4282,1000.);
#2663=VECTOR('',#4285,1000.);
#2664=VECTOR('',#4286,1000.);
#2665=VECTOR('',#4287,1000.);
#2666=VECTOR('',#4290,1000.);
#2667=VECTOR('',#4291,1000.);
#2668=VECTOR('',#4292,1000.);
#2669=VECTOR('',#4293,1000.);
#2670=VECTOR('',#4294,1000.);
#2671=VECTOR('',#4297,1000.);
#2672=VECTOR('',#4300,1000.);
#2673=VECTOR('',#4305,1000.);
#2674=VECTOR('',#4308,1000.);
#2675=VECTOR('',#4313,1000.);
#2676=VECTOR('',#4314,1000.);
#2677=VECTOR('',#4315,1000.);
#2678=VECTOR('',#4316,1000.);
#2679=VECTOR('',#4319,1000.);
#2680=VECTOR('',#4320,1000.);
#2681=VECTOR('',#4321,1000.);
#2682=VECTOR('',#4322,1000.);
#2683=VECTOR('',#4323,1000.);
#2684=VECTOR('',#4326,1000.);
#2685=VECTOR('',#4327,1000.);
#2686=VECTOR('',#4328,1000.);
#2687=VECTOR('',#4329,1000.);
#2688=VECTOR('',#4330,1000.);
#2689=VECTOR('',#4331,1000.);
#2690=VECTOR('',#4334,1000.);
#2691=VECTOR('',#4335,1000.);
#2692=VECTOR('',#4338,1000.);
#2693=VECTOR('',#4341,1000.);
#2694=VECTOR('',#4346,1000.);
#2695=VECTOR('',#4349,1000.);
#2696=VECTOR('',#4354,1000.);
#2697=VECTOR('',#4355,1000.);
#2698=VECTOR('',#4358,1000.);
#2699=VECTOR('',#4359,1000.);
#2700=VECTOR('',#4362,1000.);
#2701=VECTOR('',#4365,1000.);
#2702=VECTOR('',#4366,1000.);
#2703=VECTOR('',#4367,1000.);
#2704=VECTOR('',#4368,1000.);
#2705=VECTOR('',#4369,1000.);
#2706=VECTOR('',#4370,1000.);
#2707=VECTOR('',#4371,1000.);
#2708=VECTOR('',#4374,1000.);
#2709=VECTOR('',#4377,1000.);
#2710=VECTOR('',#4378,1000.);
#2711=VECTOR('',#4381,1000.);
#2712=VECTOR('',#4384,1000.);
#2713=VECTOR('',#4385,1000.);
#2714=VECTOR('',#4390,1000.);
#2715=VECTOR('',#4391,1000.);
#2716=VECTOR('',#4392,1000.);
#2717=VECTOR('',#4393,1000.);
#2718=VECTOR('',#4396,1000.);
#2719=VECTOR('',#4401,1000.);
#2720=VECTOR('',#4402,1000.);
#2721=VECTOR('',#4405,1000.);
#2722=VECTOR('',#4406,1000.);
#2723=VECTOR('',#4409,1000.);
#2724=VECTOR('',#4414,1000.);
#2725=VECTOR('',#4415,1000.);
#2726=VECTOR('',#4418,1000.);
#2727=VECTOR('',#4423,1000.);
#2728=VECTOR('',#4424,1000.);
#2729=VECTOR('',#4427,1000.);
#2730=VECTOR('',#4428,1000.);
#2731=VECTOR('',#4435,1000.);
#2732=VECTOR('',#4440,1000.);
#2733=VECTOR('',#4441,1000.);
#2734=VECTOR('',#4444,1000.);
#2735=VECTOR('',#4445,1000.);
#2736=VECTOR('',#4448,1000.);
#2737=VECTOR('',#4449,1000.);
#2738=VECTOR('',#4452,1000.);
#2739=VECTOR('',#4453,1000.);
#2740=VECTOR('',#4456,1000.);
#2741=VECTOR('',#4457,1000.);
#2742=VECTOR('',#4460,1000.);
#2743=VECTOR('',#4461,1000.);
#2744=VECTOR('',#4464,1000.);
#2745=VECTOR('',#4465,1000.);
#2746=VECTOR('',#4472,1000.);
#2747=VECTOR('',#4473,1000.);
#2748=VECTOR('',#4474,1000.);
#2749=VECTOR('',#4475,1000.);
#2750=VECTOR('',#4478,1000.);
#2751=VECTOR('',#4479,1000.);
#2752=VECTOR('',#4480,1000.);
#2753=VECTOR('',#4483,1000.);
#2754=VECTOR('',#4484,1000.);
#2755=VECTOR('',#4485,1000.);
#2756=VECTOR('',#4488,1000.);
#2757=VECTOR('',#4489,1000.);
#2758=VECTOR('',#4492,1000.);
#2759=VECTOR('',#4493,1000.);
#2760=VECTOR('',#4514,1000.);
#2761=VECTOR('',#4517,1000.);
#2762=VECTOR('',#4522,1000.);
#2763=VECTOR('',#4523,1000.);
#2764=VECTOR('',#4532,1000.);
#2765=VECTOR('',#4533,1000.);
#2766=VECTOR('',#4534,1000.);
#2767=VECTOR('',#4535,1000.);
#2768=VECTOR('',#4538,1000.);
#2769=VECTOR('',#4539,1000.);
#2770=VECTOR('',#4540,1000.);
#2771=VECTOR('',#4543,1000.);
#2772=VECTOR('',#4544,1000.);
#2773=VECTOR('',#4545,1000.);
#2774=VECTOR('',#4546,1000.);
#2775=VECTOR('',#4547,1000.);
#2776=VECTOR('',#4548,1000.);
#2777=VECTOR('',#4549,1000.);
#2778=VECTOR('',#4550,1000.);
#2779=VECTOR('',#4551,1000.);
#2780=VECTOR('',#4552,1000.);
#2781=VECTOR('',#4553,1000.);
#2782=VECTOR('',#4554,1000.);
#2783=VECTOR('',#4555,1000.);
#2784=VECTOR('',#4556,1000.);
#2785=VECTOR('',#4557,1000.);
#2786=VECTOR('',#4558,1000.);
#2787=VECTOR('',#4559,1000.);
#2788=VECTOR('',#4562,1000.);
#2789=VECTOR('',#4563,1000.);
#2790=VECTOR('',#4570,1000.);
#2791=VECTOR('',#4571,1000.);
#2792=VECTOR('',#4572,1000.);
#2793=VECTOR('',#4575,1000.);
#2794=VECTOR('',#4576,1000.);
#2795=VECTOR('',#4579,1000.);
#2796=VECTOR('',#4580,1000.);
#2797=VECTOR('',#4583,1000.);
#2798=VECTOR('',#4584,1000.);
#2799=VECTOR('',#4587,1000.);
#2800=VECTOR('',#4588,1000.);
#2801=VECTOR('',#4591,1000.);
#2802=VECTOR('',#4592,1000.);
#2803=VECTOR('',#4595,1000.);
#2804=VECTOR('',#4596,1000.);
#2805=VECTOR('',#4599,1000.);
#2806=VECTOR('',#4600,1000.);
#2807=VECTOR('',#4603,1000.);
#2808=VECTOR('',#4604,1000.);
#2809=VECTOR('',#4607,1000.);
#2810=VECTOR('',#4608,1000.);
#2811=VECTOR('',#4611,1000.);
#2812=VECTOR('',#4612,1000.);
#2813=VECTOR('',#4615,1000.);
#2814=VECTOR('',#4616,1000.);
#2815=VECTOR('',#4619,1000.);
#2816=VECTOR('',#4620,1000.);
#2817=VECTOR('',#4623,1000.);
#2818=VECTOR('',#4624,1000.);
#2819=VECTOR('',#4625,1000.);
#2820=VECTOR('',#4626,1000.);
#2821=VECTOR('',#4629,1000.);
#2822=VECTOR('',#4630,1000.);
#2823=VECTOR('',#4631,1000.);
#2824=VECTOR('',#4634,1000.);
#2825=VECTOR('',#4635,1000.);
#2826=VECTOR('',#4636,1000.);
#2827=VECTOR('',#4639,1000.);
#2828=VECTOR('',#4640,1000.);
#2829=VECTOR('',#4643,1000.);
#2830=VECTOR('',#4652,1000.);
#2831=VECTOR('',#4653,1000.);
#2832=VECTOR('',#4654,1000.);
#2833=VECTOR('',#4655,1000.);
#2834=VECTOR('',#4656,1000.);
#2835=VECTOR('',#4657,1000.);
#2836=VECTOR('',#4658,1000.);
#2837=VECTOR('',#4659,1000.);
#2838=VECTOR('',#4660,1000.);
#2839=VECTOR('',#4661,1000.);
#2840=VECTOR('',#4662,1000.);
#2841=VECTOR('',#4663,1000.);
#2842=VECTOR('',#4664,1000.);
#2843=VECTOR('',#4665,1000.);
#2844=VECTOR('',#4666,1000.);
#2845=VECTOR('',#4667,1000.);
#2846=VECTOR('',#4668,1000.);
#2847=VECTOR('',#4669,1000.);
#2848=VECTOR('',#4670,1000.);
#2849=VECTOR('',#4671,1000.);
#2850=VECTOR('',#4674,1000.);
#2851=VECTOR('',#4675,1000.);
#2852=VECTOR('',#4676,1000.);
#2853=VECTOR('',#4677,1000.);
#2854=VECTOR('',#4678,1000.);
#2855=VECTOR('',#4679,1000.);
#2856=VECTOR('',#4680,1000.);
#2857=VECTOR('',#4681,1000.);
#2858=VECTOR('',#4682,1000.);
#2859=VECTOR('',#4683,1000.);
#2860=VECTOR('',#4684,1000.);
#2861=VECTOR('',#4685,1000.);
#2862=VECTOR('',#4686,1000.);
#2863=VECTOR('',#4687,1000.);
#2864=VECTOR('',#4688,1000.);
#2865=VECTOR('',#4689,1000.);
#2866=VECTOR('',#4690,1000.);
#2867=VECTOR('',#4691,1000.);
#2868=VECTOR('',#4692,1000.);
#2869=VECTOR('',#4693,1000.);
#2870=VECTOR('',#4696,1000.);
#2871=VECTOR('',#4697,1000.);
#2872=VECTOR('',#4698,1000.);
#2873=VECTOR('',#4699,1000.);
#2874=VECTOR('',#4702,1000.);
#2875=VECTOR('',#4703,1000.);
#2876=VECTOR('',#4704,1000.);
#2877=VECTOR('',#4705,1000.);
#2878=VECTOR('',#4708,1000.);
#2879=VECTOR('',#4709,1000.);
#2880=VECTOR('',#4710,1000.);
#2881=VECTOR('',#4713,1000.);
#2882=VECTOR('',#4714,1000.);
#2883=VECTOR('',#4715,1000.);
#2884=VECTOR('',#4718,1000.);
#2885=VECTOR('',#4719,1000.);
#2886=VECTOR('',#4720,1000.);
#2887=VECTOR('',#4723,1000.);
#2888=VECTOR('',#4724,1000.);
#2889=VECTOR('',#4725,1000.);
#2890=VECTOR('',#4728,1000.);
#2891=VECTOR('',#4729,1000.);
#2892=VECTOR('',#4730,1000.);
#2893=VECTOR('',#4733,1000.);
#2894=VECTOR('',#4734,1000.);
#2895=VECTOR('',#4735,1000.);
#2896=VECTOR('',#4738,1000.);
#2897=VECTOR('',#4745,1000.);
#2898=VECTOR('',#4752,1000.);
#2899=VECTOR('',#4753,1000.);
#2900=VECTOR('',#4754,1000.);
#2901=VECTOR('',#4757,1000.);
#2902=VECTOR('',#4758,1000.);
#2903=VECTOR('',#4759,1000.);
#2904=VECTOR('',#4762,1000.);
#2905=VECTOR('',#4763,1000.);
#2906=VECTOR('',#4764,1000.);
#2907=VECTOR('',#4765,1000.);
#2908=VECTOR('',#4766,1000.);
#2909=VECTOR('',#4767,1000.);
#2910=VECTOR('',#4768,1000.);
#2911=VECTOR('',#4769,1000.);
#2912=VECTOR('',#4770,1000.);
#2913=VECTOR('',#4771,1000.);
#2914=VECTOR('',#4774,1000.);
#2915=VECTOR('',#4775,1000.);
#2916=VECTOR('',#4776,1000.);
#2917=VECTOR('',#4777,1000.);
#2918=VECTOR('',#4778,1000.);
#2919=VECTOR('',#4779,1000.);
#2920=VECTOR('',#4780,1000.);
#2921=VECTOR('',#4781,1000.);
#2922=VECTOR('',#4782,1000.);
#2923=VECTOR('',#4783,1000.);
#2924=VECTOR('',#4784,1000.);
#2925=VECTOR('',#4785,1000.);
#2926=VECTOR('',#4788,1000.);
#2927=VECTOR('',#4789,1000.);
#2928=VECTOR('',#4790,1000.);
#2929=VECTOR('',#4793,1000.);
#2930=VECTOR('',#4794,1000.);
#2931=VECTOR('',#4795,1000.);
#2932=VECTOR('',#4798,1000.);
#2933=VECTOR('',#4805,1000.);
#2934=VECTOR('',#4812,1000.);
#2935=VECTOR('',#4813,1000.);
#2936=VECTOR('',#4814,1000.);
#2937=VECTOR('',#4817,1000.);
#2938=VECTOR('',#4818,1000.);
#2939=VECTOR('',#4819,1000.);
#2940=VECTOR('',#4822,1000.);
#2941=VECTOR('',#4823,1000.);
#2942=VECTOR('',#4824,1000.);
#2943=VECTOR('',#4827,1000.);
#2944=VECTOR('',#4828,1000.);
#2945=VECTOR('',#4829,1000.);
#2946=VECTOR('',#4832,1000.);
#2947=VECTOR('',#4833,1000.);
#2948=VECTOR('',#4834,1000.);
#2949=VECTOR('',#4837,1000.);
#2950=VECTOR('',#4838,1000.);
#2951=VECTOR('',#4839,1000.);
#2952=VECTOR('',#4842,1000.);
#2953=VECTOR('',#4843,1000.);
#2954=VECTOR('',#4844,1000.);
#2955=VECTOR('',#4847,1000.);
#2956=VECTOR('',#4848,1000.);
#2957=VECTOR('',#4849,1000.);
#2958=VECTOR('',#4852,1000.);
#2959=VECTOR('',#4853,1000.);
#2960=VECTOR('',#4854,1000.);
#2961=VECTOR('',#4857,1000.);
#2962=VECTOR('',#4858,1000.);
#2963=VECTOR('',#4859,1000.);
#2964=VECTOR('',#4866,1000.);
#2965=VECTOR('',#4873,1000.);
#2966=VECTOR('',#4876,1000.);
#2967=VECTOR('',#4877,1000.);
#2968=VECTOR('',#4880,1000.);
#2969=VECTOR('',#4881,1000.);
#2970=VECTOR('',#4884,1000.);
#2971=VECTOR('',#4885,1000.);
#2972=VECTOR('',#4886,1000.);
#2973=VECTOR('',#4889,1000.);
#2974=VECTOR('',#4890,1000.);
#2975=VECTOR('',#4891,1000.);
#2976=VECTOR('',#4898,1000.);
#2977=VECTOR('',#4905,1000.);
#2978=VECTOR('',#4908,1000.);
#2979=VECTOR('',#4909,1000.);
#2980=VECTOR('',#4912,1000.);
#2981=VECTOR('',#4913,1000.);
#2982=VECTOR('',#4916,1000.);
#2983=VECTOR('',#4917,1000.);
#2984=VECTOR('',#4918,1000.);
#2985=VECTOR('',#4919,1000.);
#2986=VECTOR('',#4920,1000.);
#2987=VECTOR('',#4921,1000.);
#2988=VECTOR('',#4922,1000.);
#2989=VECTOR('',#4923,1000.);
#2990=VECTOR('',#4926,1000.);
#2991=VECTOR('',#4927,1000.);
#2992=VECTOR('',#4928,1000.);
#2993=VECTOR('',#4929,1000.);
#2994=VECTOR('',#4930,1000.);
#2995=VECTOR('',#4931,1000.);
#2996=VECTOR('',#4932,1000.);
#2997=VECTOR('',#4933,1000.);
#2998=VECTOR('',#4936,1000.);
#2999=VECTOR('',#4937,1000.);
#3000=VECTOR('',#4938,1000.);
#3001=VECTOR('',#4941,1000.);
#3002=VECTOR('',#4942,1000.);
#3003=VECTOR('',#4943,1000.);
#3004=VECTOR('',#4946,1000.);
#3005=VECTOR('',#4947,1000.);
#3006=VECTOR('',#4948,1000.);
#3007=VECTOR('',#4951,1000.);
#3008=VECTOR('',#4952,1000.);
#3009=VECTOR('',#4953,1000.);
#3010=VECTOR('',#4956,1000.);
#3011=VECTOR('',#4957,1000.);
#3012=VECTOR('',#4958,1000.);
#3013=VECTOR('',#4961,1000.);
#3014=VECTOR('',#4962,1000.);
#3015=VECTOR('',#4963,1000.);
#3016=VECTOR('',#4966,1000.);
#3017=VECTOR('',#4967,1000.);
#3018=VECTOR('',#4968,1000.);
#3019=VECTOR('',#4971,1000.);
#3020=VECTOR('',#4972,1000.);
#3021=VECTOR('',#4973,1000.);
#3022=VECTOR('',#4976,1000.);
#3023=VECTOR('',#4977,1000.);
#3024=VECTOR('',#4978,1000.);
#3025=VECTOR('',#4981,1000.);
#3026=VECTOR('',#4982,1000.);
#3027=VECTOR('',#4983,1000.);
#3028=VECTOR('',#4986,1000.);
#3029=VECTOR('',#4987,1000.);
#3030=VECTOR('',#4988,1000.);
#3031=VECTOR('',#4989,1000.);
#3032=VECTOR('',#4990,1000.);
#3033=VECTOR('',#4991,1000.);
#3034=VECTOR('',#4992,1000.);
#3035=VECTOR('',#4993,1000.);
#3036=VECTOR('',#4996,1000.);
#3037=VECTOR('',#4997,1000.);
#3038=VECTOR('',#4998,1000.);
#3039=VECTOR('',#4999,1000.);
#3040=VECTOR('',#5000,1000.);
#3041=VECTOR('',#5001,1000.);
#3042=VECTOR('',#5002,1000.);
#3043=VECTOR('',#5003,1000.);
#3044=VECTOR('',#5004,1000.);
#3045=VECTOR('',#5005,1000.);
#3046=VECTOR('',#5008,1000.);
#3047=VECTOR('',#5009,1000.);
#3048=VECTOR('',#5010,1000.);
#3049=VECTOR('',#5013,1000.);
#3050=VECTOR('',#5014,1000.);
#3051=VECTOR('',#5015,1000.);
#3052=VECTOR('',#5018,1000.);
#3053=VECTOR('',#5019,1000.);
#3054=VECTOR('',#5020,1000.);
#3055=VECTOR('',#5023,1000.);
#3056=VECTOR('',#5024,1000.);
#3057=VECTOR('',#5025,1000.);
#3058=VECTOR('',#5028,1000.);
#3059=VECTOR('',#5029,1000.);
#3060=VECTOR('',#5030,1000.);
#3061=VECTOR('',#5033,1000.);
#3062=VECTOR('',#5034,1000.);
#3063=VECTOR('',#5035,1000.);
#3064=VECTOR('',#5038,1000.);
#3065=VECTOR('',#5039,1000.);
#3066=VECTOR('',#5040,1000.);
#3067=VECTOR('',#5043,1000.);
#3068=VECTOR('',#5044,1000.);
#3069=VECTOR('',#5045,1000.);
#3070=VECTOR('',#5048,1000.);
#3071=VECTOR('',#5049,1000.);
#3072=VECTOR('',#5052,1000.);
#3073=VECTOR('',#5053,1000.);
#3074=VECTOR('',#5060,1000.);
#3075=VECTOR('',#5065,1000.);
#3076=VECTOR('',#5070,1000.);
#3077=VECTOR('',#5075,1000.);
#3078=VECTOR('',#5080,1000.);
#3079=VECTOR('',#5081,1000.);
#3080=VECTOR('',#5088,1000.);
#3081=VECTOR('',#5091,1000.);
#3082=VECTOR('',#5096,1000.);
#3083=VECTOR('',#5101,1000.);
#3084=VECTOR('',#5106,1000.);
#3085=VECTOR('',#5111,1000.);
#3086=VECTOR('',#5116,1000.);
#3087=VECTOR('',#5119,1000.);
#3088=VECTOR('',#5124,1000.);
#3089=VECTOR('',#5125,1000.);
#3090=EDGE_LOOP('',(#122,#123,#124,#125,#126,#127,#128,#129));
#3091=EDGE_LOOP('',(#130,#131,#132,#133,#134,#135,#136,#137));
#3092=EDGE_LOOP('',(#138,#139,#140,#141));
#3093=EDGE_LOOP('',(#142,#143,#144,#145));
#3094=EDGE_LOOP('',(#146,#147,#148,#149));
#3095=EDGE_LOOP('',(#150,#151,#152,#153));
#3096=EDGE_LOOP('',(#154,#155,#156,#157));
#3097=EDGE_LOOP('',(#158,#159,#160,#161));
#3098=EDGE_LOOP('',(#162,#163,#164,#165));
#3099=EDGE_LOOP('',(#166,#167,#168,#169));
#3100=EDGE_LOOP('',(#170,#171,#172,#173));
#3101=EDGE_LOOP('',(#174,#175,#176,#177));
#3102=EDGE_LOOP('',(#178,#179,#180,#181));
#3103=EDGE_LOOP('',(#182,#183,#184,#185));
#3104=EDGE_LOOP('',(#186,#187,#188,#189));
#3105=EDGE_LOOP('',(#190,#191,#192,#193));
#3106=EDGE_LOOP('',(#194,#195,#196,#197));
#3107=EDGE_LOOP('',(#198,#199,#200,#201));
#3108=EDGE_LOOP('',(#202,#203,#204,#205));
#3109=EDGE_LOOP('',(#206,#207,#208,#209));
#3110=EDGE_LOOP('',(#210,#211,#212,#213,#214,#215));
#3111=EDGE_LOOP('',(#216,#217,#218,#219));
#3112=EDGE_LOOP('',(#220,#221,#222,#223));
#3113=EDGE_LOOP('',(#224,#225,#226,#227,#228,#229));
#3114=EDGE_LOOP('',(#230,#231,#232,#233,#234,#235));
#3115=EDGE_LOOP('',(#236,#237,#238,#239,#240,#241));
#3116=EDGE_LOOP('',(#242,#243,#244,#245));
#3117=EDGE_LOOP('',(#246,#247,#248,#249,#250,#251));
#3118=EDGE_LOOP('',(#252,#253,#254,#255,#256,#257));
#3119=EDGE_LOOP('',(#258,#259,#260,#261));
#3120=EDGE_LOOP('',(#262,#263,#264,#265,#266,#267));
#3121=EDGE_LOOP('',(#268,#269,#270,#271,#272,#273));
#3122=EDGE_LOOP('',(#274,#275,#276,#277));
#3123=EDGE_LOOP('',(#278,#279,#280,#281));
#3124=EDGE_LOOP('',(#282,#283,#284,#285,#286,#287,#288,#289,#290,#291,#292,
#293,#294,#295,#296,#297,#298,#299,#300,#301));
#3125=EDGE_LOOP('',(#302,#303,#304,#305));
#3126=EDGE_LOOP('',(#306,#307,#308,#309,#310,#311,#312,#313,#314,#315,#316,
#317));
#3127=EDGE_LOOP('',(#318,#319,#320,#321));
#3128=EDGE_LOOP('',(#322,#323,#324,#325));
#3129=EDGE_LOOP('',(#326,#327,#328,#329));
#3130=EDGE_LOOP('',(#330,#331,#332,#333));
#3131=EDGE_LOOP('',(#334,#335,#336,#337));
#3132=EDGE_LOOP('',(#338,#339,#340,#341));
#3133=EDGE_LOOP('',(#342,#343,#344,#345));
#3134=EDGE_LOOP('',(#346,#347,#348,#349));
#3135=EDGE_LOOP('',(#350,#351,#352,#353));
#3136=EDGE_LOOP('',(#354,#355,#356,#357));
#3137=EDGE_LOOP('',(#358,#359,#360,#361));
#3138=EDGE_LOOP('',(#362,#363,#364,#365));
#3139=EDGE_LOOP('',(#366,#367,#368,#369));
#3140=EDGE_LOOP('',(#370,#371,#372,#373));
#3141=EDGE_LOOP('',(#374,#375,#376,#377));
#3142=EDGE_LOOP('',(#378,#379,#380,#381));
#3143=EDGE_LOOP('',(#382,#383,#384,#385));
#3144=EDGE_LOOP('',(#386,#387,#388,#389));
#3145=EDGE_LOOP('',(#390,#391,#392,#393));
#3146=EDGE_LOOP('',(#394,#395,#396,#397));
#3147=EDGE_LOOP('',(#398,#399,#400,#401));
#3148=EDGE_LOOP('',(#402,#403,#404,#405));
#3149=EDGE_LOOP('',(#406,#407,#408,#409,#410,#411,#412,#413,#414,#415,#416,
#417,#418,#419,#420,#421,#422,#423,#424,#425));
#3150=EDGE_LOOP('',(#426,#427,#428,#429));
#3151=EDGE_LOOP('',(#430,#431,#432,#433));
#3152=EDGE_LOOP('',(#434,#435,#436,#437));
#3153=EDGE_LOOP('',(#438,#439,#440,#441));
#3154=EDGE_LOOP('',(#442,#443,#444,#445));
#3155=EDGE_LOOP('',(#446,#447,#448,#449));
#3156=EDGE_LOOP('',(#450,#451,#452,#453,#454));
#3157=EDGE_LOOP('',(#455,#456,#457,#458,#459));
#3158=EDGE_LOOP('',(#460,#461,#462,#463,#464));
#3159=EDGE_LOOP('',(#465,#466,#467,#468,#469));
#3160=EDGE_LOOP('',(#470,#471,#472,#473,#474,#475,#476,#477,#478,#479,#480,
#481));
#3161=EDGE_LOOP('',(#482,#483,#484,#485,#486,#487,#488,#489,#490,#491,#492,
#493));
#3162=EDGE_LOOP('',(#494,#495,#496,#497));
#3163=EDGE_LOOP('',(#498,#499,#500,#501));
#3164=EDGE_LOOP('',(#502,#503,#504,#505,#506,#507,#508,#509,#510,#511,#512,
#513));
#3165=EDGE_LOOP('',(#514,#515,#516,#517,#518,#519,#520,#521,#522,#523,#524,
#525));
#3166=EDGE_LOOP('',(#526,#527,#528,#529));
#3167=EDGE_LOOP('',(#530,#531,#532,#533));
#3168=EDGE_LOOP('',(#534,#535,#536,#537,#538,#539,#540,#541,#542,#543,#544,
#545,#546,#547));
#3169=EDGE_LOOP('',(#548,#549,#550,#551));
#3170=EDGE_LOOP('',(#552,#553,#554,#555));
#3171=EDGE_LOOP('',(#556,#557,#558,#559));
#3172=EDGE_LOOP('',(#560,#561,#562,#563));
#3173=EDGE_LOOP('',(#564,#565,#566,#567));
#3174=EDGE_LOOP('',(#568,#569,#570,#571));
#3175=EDGE_LOOP('',(#572,#573,#574,#575));
#3176=EDGE_LOOP('',(#576,#577,#578,#579));
#3177=EDGE_LOOP('',(#580,#581,#582,#583));
#3178=EDGE_LOOP('',(#584,#585,#586,#587));
#3179=EDGE_LOOP('',(#588,#589,#590,#591));
#3180=EDGE_LOOP('',(#592,#593,#594,#595));
#3181=EDGE_LOOP('',(#596,#597,#598,#599));
#3182=EDGE_LOOP('',(#600,#601,#602,#603));
#3183=EDGE_LOOP('',(#604,#605,#606,#607));
#3184=EDGE_LOOP('',(#608,#609,#610,#611));
#3185=EDGE_LOOP('',(#612,#613,#614,#615));
#3186=EDGE_LOOP('',(#616,#617,#618,#619));
#3187=EDGE_LOOP('',(#620,#621,#622,#623));
#3188=EDGE_LOOP('',(#624,#625,#626,#627));
#3189=EDGE_LOOP('',(#628,#629,#630,#631));
#3190=EDGE_LOOP('',(#632,#633,#634,#635));
#3191=EDGE_LOOP('',(#636,#637,#638,#639));
#3192=EDGE_LOOP('',(#640,#641,#642,#643,#644,#645,#646,#647,#648,#649,#650,
#651,#652,#653));
#3193=EDGE_LOOP('',(#654,#655,#656,#657));
#3194=EDGE_LOOP('',(#658,#659,#660,#661,#662,#663,#664,#665,#666,#667,#668,
#669,#670,#671,#672,#673,#674,#675,#676,#677));
#3195=EDGE_LOOP('',(#678,#679,#680,#681,#682,#683,#684,#685,#686,#687,#688,
#689,#690,#691,#692,#693,#694,#695,#696,#697));
#3196=EDGE_LOOP('',(#698,#699,#700,#701));
#3197=EDGE_LOOP('',(#702,#703,#704,#705));
#3198=EDGE_LOOP('',(#706,#707,#708,#709));
#3199=EDGE_LOOP('',(#710,#711,#712,#713));
#3200=EDGE_LOOP('',(#714,#715,#716,#717));
#3201=EDGE_LOOP('',(#718,#719,#720,#721));
#3202=EDGE_LOOP('',(#722,#723,#724,#725));
#3203=EDGE_LOOP('',(#726,#727,#728,#729));
#3204=EDGE_LOOP('',(#730,#731,#732,#733));
#3205=EDGE_LOOP('',(#734,#735,#736,#737));
#3206=EDGE_LOOP('',(#738,#739,#740,#741));
#3207=EDGE_LOOP('',(#742,#743,#744,#745));
#3208=EDGE_LOOP('',(#746,#747,#748,#749,#750,#751,#752,#753,#754,#755,#756,
#757));
#3209=EDGE_LOOP('',(#758,#759,#760,#761,#762,#763,#764,#765,#766,#767,#768,
#769));
#3210=EDGE_LOOP('',(#770,#771,#772,#773));
#3211=EDGE_LOOP('',(#774,#775,#776,#777));
#3212=EDGE_LOOP('',(#778,#779,#780,#781));
#3213=EDGE_LOOP('',(#782,#783,#784,#785));
#3214=EDGE_LOOP('',(#786,#787,#788,#789));
#3215=EDGE_LOOP('',(#790,#791,#792,#793));
#3216=EDGE_LOOP('',(#794,#795,#796,#797));
#3217=EDGE_LOOP('',(#798,#799,#800,#801));
#3218=EDGE_LOOP('',(#802,#803,#804,#805));
#3219=EDGE_LOOP('',(#806,#807,#808,#809));
#3220=EDGE_LOOP('',(#810,#811,#812,#813));
#3221=EDGE_LOOP('',(#814,#815,#816,#817));
#3222=EDGE_LOOP('',(#818,#819,#820,#821));
#3223=EDGE_LOOP('',(#822,#823,#824,#825));
#3224=EDGE_LOOP('',(#826,#827,#828,#829));
#3225=EDGE_LOOP('',(#830,#831,#832,#833));
#3226=EDGE_LOOP('',(#834,#835,#836,#837));
#3227=EDGE_LOOP('',(#838,#839,#840,#841));
#3228=EDGE_LOOP('',(#842,#843,#844,#845));
#3229=EDGE_LOOP('',(#846,#847,#848,#849));
#3230=EDGE_LOOP('',(#850,#851,#852,#853));
#3231=EDGE_LOOP('',(#854,#855,#856,#857));
#3232=EDGE_LOOP('',(#858,#859,#860,#861));
#3233=EDGE_LOOP('',(#862,#863,#864,#865));
#3234=EDGE_LOOP('',(#866,#867,#868,#869,#870,#871,#872,#873,#874,#875,#876,
#877));
#3235=EDGE_LOOP('',(#878,#879,#880,#881,#882,#883,#884,#885,#886,#887,#888,
#889));
#3236=EDGE_LOOP('',(#890,#891,#892,#893));
#3237=EDGE_LOOP('',(#894,#895,#896,#897));
#3238=EDGE_LOOP('',(#898,#899,#900,#901));
#3239=EDGE_LOOP('',(#902,#903,#904,#905));
#3240=EDGE_LOOP('',(#906,#907,#908,#909));
#3241=EDGE_LOOP('',(#910,#911,#912,#913));
#3242=EDGE_LOOP('',(#914,#915,#916,#917));
#3243=EDGE_LOOP('',(#918,#919,#920,#921));
#3244=EDGE_LOOP('',(#922,#923,#924,#925));
#3245=EDGE_LOOP('',(#926,#927,#928,#929));
#3246=EDGE_LOOP('',(#930,#931,#932,#933,#934,#935,#936,#937,#938,#939,#940,
#941));
#3247=EDGE_LOOP('',(#942,#943,#944,#945,#946,#947,#948,#949,#950,#951,#952,
#953));
#3248=EDGE_LOOP('',(#954,#955,#956,#957));
#3249=EDGE_LOOP('',(#958,#959,#960,#961));
#3250=EDGE_LOOP('',(#962,#963,#964,#965));
#3251=EDGE_LOOP('',(#966,#967,#968,#969));
#3252=EDGE_LOOP('',(#970,#971,#972,#973));
#3253=EDGE_LOOP('',(#974,#975,#976,#977));
#3254=EDGE_LOOP('',(#978,#979,#980,#981));
#3255=EDGE_LOOP('',(#982,#983,#984,#985));
#3256=EDGE_LOOP('',(#986,#987,#988,#989));
#3257=EDGE_LOOP('',(#990,#991,#992,#993));
#3258=EDGE_LOOP('',(#994,#995,#996,#997));
#3259=EDGE_LOOP('',(#998,#999,#1000,#1001));
#3260=EDGE_LOOP('',(#1002,#1003,#1004,#1005));
#3261=EDGE_LOOP('',(#1006,#1007,#1008,#1009,#1010,#1011,#1012,#1013));
#3262=EDGE_LOOP('',(#1014,#1015,#1016,#1017));
#3263=EDGE_LOOP('',(#1018,#1019,#1020,#1021,#1022,#1023,#1024,#1025));
#3264=EDGE_LOOP('',(#1026,#1027,#1028,#1029));
#3265=EDGE_LOOP('',(#1030,#1031,#1032,#1033,#1034,#1035,#1036,#1037));
#3266=EDGE_LOOP('',(#1038,#1039,#1040,#1041));
#3267=EDGE_LOOP('',(#1042,#1043,#1044,#1045,#1046,#1047,#1048,#1049));
#3268=EDGE_LOOP('',(#1050,#1051,#1052,#1053));
#3269=EDGE_LOOP('',(#1054,#1055,#1056,#1057,#1058,#1059,#1060,#1061));
#3270=EDGE_LOOP('',(#1062,#1063,#1064,#1065,#1066,#1067,#1068,#1069));
#3271=EDGE_LOOP('',(#1070,#1071,#1072,#1073,#1074,#1075,#1076,#1077));
#3272=EDGE_LOOP('',(#1078,#1079,#1080,#1081,#1082,#1083,#1084,#1085));
#3273=EDGE_LOOP('',(#1086,#1087,#1088,#1089));
#3274=EDGE_LOOP('',(#1090,#1091,#1092,#1093));
#3275=EDGE_LOOP('',(#1094,#1095,#1096,#1097,#1098,#1099,#1100,#1101,#1102,
#1103,#1104,#1105));
#3276=EDGE_LOOP('',(#1106,#1107,#1108,#1109));
#3277=EDGE_LOOP('',(#1110,#1111,#1112,#1113,#1114,#1115,#1116,#1117,#1118,
#1119,#1120,#1121));
#3278=EDGE_LOOP('',(#1122,#1123,#1124,#1125));
#3279=EDGE_LOOP('',(#1126,#1127,#1128,#1129,#1130,#1131,#1132,#1133,#1134,
#1135,#1136,#1137));
#3280=EDGE_LOOP('',(#1138,#1139,#1140,#1141));
#3281=EDGE_LOOP('',(#1142,#1143,#1144,#1145,#1146,#1147,#1148,#1149,#1150,
#1151,#1152,#1153));
#3282=EDGE_LOOP('',(#1154,#1155,#1156,#1157,#1158,#1159,#1160,#1161,#1162,
#1163,#1164,#1165));
#3283=EDGE_LOOP('',(#1166,#1167,#1168,#1169,#1170,#1171,#1172,#1173,#1174,
#1175,#1176,#1177));
#3284=EDGE_LOOP('',(#1178,#1179,#1180,#1181));
#3285=EDGE_LOOP('',(#1182,#1183,#1184,#1185));
#3286=EDGE_LOOP('',(#1186,#1187,#1188,#1189,#1190,#1191,#1192,#1193,#1194,
#1195,#1196,#1197));
#3287=EDGE_LOOP('',(#1198,#1199,#1200,#1201,#1202,#1203,#1204,#1205,#1206,
#1207,#1208,#1209));
#3288=FACE_BOUND('',#3090,.T.);
#3289=FACE_BOUND('',#3091,.T.);
#3290=FACE_BOUND('',#3092,.T.);
#3291=FACE_BOUND('',#3093,.T.);
#3292=FACE_BOUND('',#3094,.T.);
#3293=FACE_BOUND('',#3095,.T.);
#3294=FACE_BOUND('',#3096,.T.);
#3295=FACE_BOUND('',#3097,.T.);
#3296=FACE_BOUND('',#3098,.T.);
#3297=FACE_BOUND('',#3099,.T.);
#3298=FACE_BOUND('',#3100,.T.);
#3299=FACE_BOUND('',#3101,.T.);
#3300=FACE_BOUND('',#3102,.T.);
#3301=FACE_BOUND('',#3103,.T.);
#3302=FACE_BOUND('',#3104,.T.);
#3303=FACE_BOUND('',#3105,.T.);
#3304=FACE_BOUND('',#3106,.T.);
#3305=FACE_BOUND('',#3107,.T.);
#3306=FACE_BOUND('',#3108,.T.);
#3307=FACE_BOUND('',#3109,.T.);
#3308=FACE_BOUND('',#3110,.T.);
#3309=FACE_BOUND('',#3111,.T.);
#3310=FACE_BOUND('',#3112,.T.);
#3311=FACE_BOUND('',#3113,.T.);
#3312=FACE_BOUND('',#3114,.T.);
#3313=FACE_BOUND('',#3115,.T.);
#3314=FACE_BOUND('',#3116,.T.);
#3315=FACE_BOUND('',#3117,.T.);
#3316=FACE_BOUND('',#3118,.T.);
#3317=FACE_BOUND('',#3119,.T.);
#3318=FACE_BOUND('',#3120,.T.);
#3319=FACE_BOUND('',#3121,.T.);
#3320=FACE_BOUND('',#3122,.T.);
#3321=FACE_BOUND('',#3123,.T.);
#3322=FACE_BOUND('',#3124,.T.);
#3323=FACE_BOUND('',#3125,.T.);
#3324=FACE_BOUND('',#3126,.T.);
#3325=FACE_BOUND('',#3127,.T.);
#3326=FACE_BOUND('',#3128,.T.);
#3327=FACE_BOUND('',#3129,.T.);
#3328=FACE_BOUND('',#3130,.T.);
#3329=FACE_BOUND('',#3131,.T.);
#3330=FACE_BOUND('',#3132,.T.);
#3331=FACE_BOUND('',#3133,.T.);
#3332=FACE_BOUND('',#3134,.T.);
#3333=FACE_BOUND('',#3135,.T.);
#3334=FACE_BOUND('',#3136,.T.);
#3335=FACE_BOUND('',#3137,.T.);
#3336=FACE_BOUND('',#3138,.T.);
#3337=FACE_BOUND('',#3139,.T.);
#3338=FACE_BOUND('',#3140,.T.);
#3339=FACE_BOUND('',#3141,.T.);
#3340=FACE_BOUND('',#3142,.T.);
#3341=FACE_BOUND('',#3143,.T.);
#3342=FACE_BOUND('',#3144,.T.);
#3343=FACE_BOUND('',#3145,.T.);
#3344=FACE_BOUND('',#3146,.T.);
#3345=FACE_BOUND('',#3147,.T.);
#3346=FACE_BOUND('',#3148,.T.);
#3347=FACE_BOUND('',#3149,.T.);
#3348=FACE_BOUND('',#3150,.T.);
#3349=FACE_BOUND('',#3151,.T.);
#3350=FACE_BOUND('',#3152,.T.);
#3351=FACE_BOUND('',#3153,.T.);
#3352=FACE_BOUND('',#3154,.T.);
#3353=FACE_BOUND('',#3155,.T.);
#3354=FACE_BOUND('',#3156,.T.);
#3355=FACE_BOUND('',#3157,.T.);
#3356=FACE_BOUND('',#3158,.T.);
#3357=FACE_BOUND('',#3159,.T.);
#3358=FACE_BOUND('',#3160,.T.);
#3359=FACE_BOUND('',#3161,.T.);
#3360=FACE_BOUND('',#3162,.T.);
#3361=FACE_BOUND('',#3163,.T.);
#3362=FACE_BOUND('',#3164,.T.);
#3363=FACE_BOUND('',#3165,.T.);
#3364=FACE_BOUND('',#3166,.T.);
#3365=FACE_BOUND('',#3167,.T.);
#3366=FACE_BOUND('',#3168,.T.);
#3367=FACE_BOUND('',#3169,.T.);
#3368=FACE_BOUND('',#3170,.T.);
#3369=FACE_BOUND('',#3171,.T.);
#3370=FACE_BOUND('',#3172,.T.);
#3371=FACE_BOUND('',#3173,.T.);
#3372=FACE_BOUND('',#3174,.T.);
#3373=FACE_BOUND('',#3175,.T.);
#3374=FACE_BOUND('',#3176,.T.);
#3375=FACE_BOUND('',#3177,.T.);
#3376=FACE_BOUND('',#3178,.T.);
#3377=FACE_BOUND('',#3179,.T.);
#3378=FACE_BOUND('',#3180,.T.);
#3379=FACE_BOUND('',#3181,.T.);
#3380=FACE_BOUND('',#3182,.T.);
#3381=FACE_BOUND('',#3183,.T.);
#3382=FACE_BOUND('',#3184,.T.);
#3383=FACE_BOUND('',#3185,.T.);
#3384=FACE_BOUND('',#3186,.T.);
#3385=FACE_BOUND('',#3187,.T.);
#3386=FACE_BOUND('',#3188,.T.);
#3387=FACE_BOUND('',#3189,.T.);
#3388=FACE_BOUND('',#3190,.T.);
#3389=FACE_BOUND('',#3191,.T.);
#3390=FACE_BOUND('',#3192,.T.);
#3391=FACE_BOUND('',#3193,.T.);
#3392=FACE_BOUND('',#3194,.T.);
#3393=FACE_BOUND('',#3195,.T.);
#3394=FACE_BOUND('',#3196,.T.);
#3395=FACE_BOUND('',#3197,.T.);
#3396=FACE_BOUND('',#3198,.T.);
#3397=FACE_BOUND('',#3199,.T.);
#3398=FACE_BOUND('',#3200,.T.);
#3399=FACE_BOUND('',#3201,.T.);
#3400=FACE_BOUND('',#3202,.T.);
#3401=FACE_BOUND('',#3203,.T.);
#3402=FACE_BOUND('',#3204,.T.);
#3403=FACE_BOUND('',#3205,.T.);
#3404=FACE_BOUND('',#3206,.T.);
#3405=FACE_BOUND('',#3207,.T.);
#3406=FACE_BOUND('',#3208,.T.);
#3407=FACE_BOUND('',#3209,.T.);
#3408=FACE_BOUND('',#3210,.T.);
#3409=FACE_BOUND('',#3211,.T.);
#3410=FACE_BOUND('',#3212,.T.);
#3411=FACE_BOUND('',#3213,.T.);
#3412=FACE_BOUND('',#3214,.T.);
#3413=FACE_BOUND('',#3215,.T.);
#3414=FACE_BOUND('',#3216,.T.);
#3415=FACE_BOUND('',#3217,.T.);
#3416=FACE_BOUND('',#3218,.T.);
#3417=FACE_BOUND('',#3219,.T.);
#3418=FACE_BOUND('',#3220,.T.);
#3419=FACE_BOUND('',#3221,.T.);
#3420=FACE_BOUND('',#3222,.T.);
#3421=FACE_BOUND('',#3223,.T.);
#3422=FACE_BOUND('',#3224,.T.);
#3423=FACE_BOUND('',#3225,.T.);
#3424=FACE_BOUND('',#3226,.T.);
#3425=FACE_BOUND('',#3227,.T.);
#3426=FACE_BOUND('',#3228,.T.);
#3427=FACE_BOUND('',#3229,.T.);
#3428=FACE_BOUND('',#3230,.T.);
#3429=FACE_BOUND('',#3231,.T.);
#3430=FACE_BOUND('',#3232,.T.);
#3431=FACE_BOUND('',#3233,.T.);
#3432=FACE_BOUND('',#3234,.T.);
#3433=FACE_BOUND('',#3235,.T.);
#3434=FACE_BOUND('',#3236,.T.);
#3435=FACE_BOUND('',#3237,.T.);
#3436=FACE_BOUND('',#3238,.T.);
#3437=FACE_BOUND('',#3239,.T.);
#3438=FACE_BOUND('',#3240,.T.);
#3439=FACE_BOUND('',#3241,.T.);
#3440=FACE_BOUND('',#3242,.T.);
#3441=FACE_BOUND('',#3243,.T.);
#3442=FACE_BOUND('',#3244,.T.);
#3443=FACE_BOUND('',#3245,.T.);
#3444=FACE_BOUND('',#3246,.T.);
#3445=FACE_BOUND('',#3247,.T.);
#3446=FACE_BOUND('',#3248,.T.);
#3447=FACE_BOUND('',#3249,.T.);
#3448=FACE_BOUND('',#3250,.T.);
#3449=FACE_BOUND('',#3251,.T.);
#3450=FACE_BOUND('',#3252,.T.);
#3451=FACE_BOUND('',#3253,.T.);
#3452=FACE_BOUND('',#3254,.T.);
#3453=FACE_BOUND('',#3255,.T.);
#3454=FACE_BOUND('',#3256,.T.);
#3455=FACE_BOUND('',#3257,.T.);
#3456=FACE_BOUND('',#3258,.T.);
#3457=FACE_BOUND('',#3259,.T.);
#3458=FACE_BOUND('',#3260,.T.);
#3459=FACE_BOUND('',#3261,.T.);
#3460=FACE_BOUND('',#3262,.T.);
#3461=FACE_BOUND('',#3263,.T.);
#3462=FACE_BOUND('',#3264,.T.);
#3463=FACE_BOUND('',#3265,.T.);
#3464=FACE_BOUND('',#3266,.T.);
#3465=FACE_BOUND('',#3267,.T.);
#3466=FACE_BOUND('',#3268,.T.);
#3467=FACE_BOUND('',#3269,.T.);
#3468=FACE_BOUND('',#3270,.T.);
#3469=FACE_BOUND('',#3271,.T.);
#3470=FACE_BOUND('',#3272,.T.);
#3471=FACE_BOUND('',#3273,.T.);
#3472=FACE_BOUND('',#3274,.T.);
#3473=FACE_BOUND('',#3275,.T.);
#3474=FACE_BOUND('',#3276,.T.);
#3475=FACE_BOUND('',#3277,.T.);
#3476=FACE_BOUND('',#3278,.T.);
#3477=FACE_BOUND('',#3279,.T.);
#3478=FACE_BOUND('',#3280,.T.);
#3479=FACE_BOUND('',#3281,.T.);
#3480=FACE_BOUND('',#3282,.T.);
#3481=FACE_BOUND('',#3283,.T.);
#3482=FACE_BOUND('',#3284,.T.);
#3483=FACE_BOUND('',#3285,.T.);
#3484=FACE_BOUND('',#3286,.T.);
#3485=FACE_BOUND('',#3287,.T.);
#3486=PLANE('',#3883);
#3487=PLANE('',#3884);
#3488=PLANE('',#3885);
#3489=PLANE('',#3892);
#3490=PLANE('',#3899);
#3491=PLANE('',#3900);
#3492=PLANE('',#3902);
#3493=PLANE('',#3904);
#3494=PLANE('',#3906);
#3495=PLANE('',#3913);
#3496=PLANE('',#3920);
#3497=PLANE('',#3921);
#3498=PLANE('',#3923);
#3499=PLANE('',#3924);
#3500=PLANE('',#3925);
#3501=PLANE('',#3926);
#3502=PLANE('',#3927);
#3503=PLANE('',#3930);
#3504=PLANE('',#3933);
#3505=PLANE('',#3934);
#3506=PLANE('',#3935);
#3507=PLANE('',#3936);
#3508=PLANE('',#3937);
#3509=PLANE('',#3940);
#3510=PLANE('',#3943);
#3511=PLANE('',#3944);
#3512=PLANE('',#3945);
#3513=PLANE('',#3952);
#3514=PLANE('',#3955);
#3515=PLANE('',#3956);
#3516=PLANE('',#3959);
#3517=PLANE('',#3962);
#3518=PLANE('',#3963);
#3519=PLANE('',#3968);
#3520=PLANE('',#3969);
#3521=PLANE('',#3970);
#3522=PLANE('',#3971);
#3523=PLANE('',#3972);
#3524=PLANE('',#3973);
#3525=PLANE('',#3974);
#3526=PLANE('',#3977);
#3527=PLANE('',#3978);
#3528=PLANE('',#3979);
#3529=PLANE('',#3980);
#3530=PLANE('',#3981);
#3531=PLANE('',#3982);
#3532=PLANE('',#3987);
#3533=PLANE('',#3988);
#3534=PLANE('',#3989);
#3535=PLANE('',#3990);
#3536=PLANE('',#3991);
#3537=PLANE('',#3992);
#3538=PLANE('',#3995);
#3539=PLANE('',#3996);
#3540=PLANE('',#3998);
#3541=PLANE('',#3999);
#3542=PLANE('',#4000);
#3543=PLANE('',#4001);
#3544=PLANE('',#4002);
#3545=PLANE('',#4003);
#3546=PLANE('',#4004);
#3547=PLANE('',#4005);
#3548=PLANE('',#4006);
#3549=PLANE('',#4007);
#3550=PLANE('',#4008);
#3551=PLANE('',#4009);
#3552=PLANE('',#4010);
#3553=PLANE('',#4011);
#3554=PLANE('',#4012);
#3555=PLANE('',#4013);
#3556=PLANE('',#4014);
#3557=PLANE('',#4015);
#3558=PLANE('',#4016);
#3559=PLANE('',#4017);
#3560=PLANE('',#4018);
#3561=PLANE('',#4019);
#3562=PLANE('',#4020);
#3563=PLANE('',#4021);
#3564=PLANE('',#4022);
#3565=PLANE('',#4023);
#3566=PLANE('',#4025);
#3567=PLANE('',#4026);
#3568=PLANE('',#4027);
#3569=PLANE('',#4028);
#3570=PLANE('',#4029);
#3571=PLANE('',#4030);
#3572=PLANE('',#4031);
#3573=PLANE('',#4032);
#3574=PLANE('',#4033);
#3575=PLANE('',#4034);
#3576=PLANE('',#4041);
#3577=PLANE('',#4042);
#3578=PLANE('',#4043);
#3579=PLANE('',#4044);
#3580=PLANE('',#4045);
#3581=PLANE('',#4046);
#3582=PLANE('',#4053);
#3583=PLANE('',#4054);
#3584=PLANE('',#4055);
#3585=PLANE('',#4056);
#3586=PLANE('',#4057);
#3587=PLANE('',#4058);
#3588=PLANE('',#4059);
#3589=PLANE('',#4060);
#3590=PLANE('',#4061);
#3591=PLANE('',#4062);
#3592=PLANE('',#4069);
#3593=PLANE('',#4070);
#3594=PLANE('',#4071);
#3595=PLANE('',#4072);
#3596=PLANE('',#4079);
#3597=PLANE('',#4080);
#3598=PLANE('',#4081);
#3599=PLANE('',#4082);
#3600=PLANE('',#4083);
#3601=PLANE('',#4084);
#3602=PLANE('',#4085);
#3603=PLANE('',#4086);
#3604=PLANE('',#4087);
#3605=PLANE('',#4088);
#3606=PLANE('',#4089);
#3607=PLANE('',#4090);
#3608=PLANE('',#4091);
#3609=PLANE('',#4092);
#3610=PLANE('',#4093);
#3611=PLANE('',#4094);
#3612=PLANE('',#4095);
#3613=PLANE('',#4096);
#3614=PLANE('',#4097);
#3615=PLANE('',#4098);
#3616=PLANE('',#4099);
#3617=PLANE('',#4100);
#3618=PLANE('',#4101);
#3619=PLANE('',#4102);
#3620=PLANE('',#4103);
#3621=PLANE('',#4104);
#3622=PLANE('',#4105);
#3623=PLANE('',#4106);
#3624=PLANE('',#4107);
#3625=PLANE('',#4108);
#3626=PLANE('',#4109);
#3627=PLANE('',#4110);
#3628=PLANE('',#4111);
#3629=PLANE('',#4112);
#3630=PLANE('',#4113);
#3631=PLANE('',#4114);
#3632=PLANE('',#4115);
#3633=PLANE('',#4116);
#3634=PLANE('',#4117);
#3635=PLANE('',#4118);
#3636=PLANE('',#4119);
#3637=PLANE('',#4120);
#3638=PLANE('',#4121);
#3639=PLANE('',#4122);
#3640=PLANE('',#4123);
#3641=PLANE('',#4124);
#3642=PLANE('',#4125);
#3643=PLANE('',#4126);
#3644=PLANE('',#4127);
#3645=PLANE('',#4128);
#3646=PLANE('',#4129);
#3647=PLANE('',#4130);
#3648=PLANE('',#4131);
#3649=PLANE('',#4132);
#3650=PLANE('',#4133);
#3651=PLANE('',#4134);
#3652=ADVANCED_FACE('',(#3288),#3486,.F.);
#3653=ADVANCED_FACE('',(#3289),#3487,.F.);
#3654=ADVANCED_FACE('',(#3290),#3488,.F.);
#3655=ADVANCED_FACE('',(#3291),#94,.T.);
#3656=ADVANCED_FACE('',(#3292),#95,.F.);
#3657=ADVANCED_FACE('',(#3293),#3489,.F.);
#3658=ADVANCED_FACE('',(#3294),#96,.T.);
#3659=ADVANCED_FACE('',(#3295),#97,.F.);
#3660=ADVANCED_FACE('',(#3296),#3490,.F.);
#3661=ADVANCED_FACE('',(#3297),#3491,.F.);
#3662=ADVANCED_FACE('',(#3298),#3492,.F.);
#3663=ADVANCED_FACE('',(#3299),#3493,.F.);
#3664=ADVANCED_FACE('',(#3300),#3494,.F.);
#3665=ADVANCED_FACE('',(#3301),#98,.F.);
#3666=ADVANCED_FACE('',(#3302),#99,.T.);
#3667=ADVANCED_FACE('',(#3303),#3495,.F.);
#3668=ADVANCED_FACE('',(#3304),#100,.F.);
#3669=ADVANCED_FACE('',(#3305),#101,.T.);
#3670=ADVANCED_FACE('',(#3306),#3496,.F.);
#3671=ADVANCED_FACE('',(#3307),#3497,.F.);
#3672=ADVANCED_FACE('',(#3308),#3498,.F.);
#3673=ADVANCED_FACE('',(#3309),#3499,.F.);
#3674=ADVANCED_FACE('',(#3310),#3500,.F.);
#3675=ADVANCED_FACE('',(#3311),#3501,.F.);
#3676=ADVANCED_FACE('',(#3312),#3502,.T.);
#3677=ADVANCED_FACE('',(#3313),#3503,.F.);
#3678=ADVANCED_FACE('',(#3314),#3504,.F.);
#3679=ADVANCED_FACE('',(#3315),#3505,.F.);
#3680=ADVANCED_FACE('',(#3316),#3506,.F.);
#3681=ADVANCED_FACE('',(#3317),#3507,.F.);
#3682=ADVANCED_FACE('',(#3318),#3508,.T.);
#3683=ADVANCED_FACE('',(#3319),#3509,.F.);
#3684=ADVANCED_FACE('',(#3320),#3510,.F.);
#3685=ADVANCED_FACE('',(#3321),#3511,.F.);
#3686=ADVANCED_FACE('',(#3322,#3323),#3512,.T.);
#3687=ADVANCED_FACE('',(#3324),#3513,.F.);
#3688=ADVANCED_FACE('',(#3325),#102,.F.);
#3689=ADVANCED_FACE('',(#3326),#3514,.F.);
#3690=ADVANCED_FACE('',(#3327),#3515,.F.);
#3691=ADVANCED_FACE('',(#3328),#103,.F.);
#3692=ADVANCED_FACE('',(#3329),#3516,.F.);
#3693=ADVANCED_FACE('',(#3330),#104,.F.);
#3694=ADVANCED_FACE('',(#3331),#3517,.F.);
#3695=ADVANCED_FACE('',(#3332),#3518,.F.);
#3696=ADVANCED_FACE('',(#3333),#105,.F.);
#3697=ADVANCED_FACE('',(#3334),#106,.F.);
#3698=ADVANCED_FACE('',(#3335),#3519,.F.);
#3699=ADVANCED_FACE('',(#3336),#3520,.F.);
#3700=ADVANCED_FACE('',(#3337),#3521,.F.);
#3701=ADVANCED_FACE('',(#3338),#3522,.F.);
#3702=ADVANCED_FACE('',(#3339),#3523,.F.);
#3703=ADVANCED_FACE('',(#3340),#3524,.F.);
#3704=ADVANCED_FACE('',(#3341),#3525,.F.);
#3705=ADVANCED_FACE('',(#3342),#107,.F.);
#3706=ADVANCED_FACE('',(#3343),#3526,.T.);
#3707=ADVANCED_FACE('',(#3344),#3527,.T.);
#3708=ADVANCED_FACE('',(#3345),#3528,.T.);
#3709=ADVANCED_FACE('',(#3346),#3529,.T.);
#3710=ADVANCED_FACE('',(#3347,#3348),#3530,.F.);
#3711=ADVANCED_FACE('',(#3349),#3531,.T.);
#3712=ADVANCED_FACE('',(#3350),#108,.T.);
#3713=ADVANCED_FACE('',(#3351),#109,.F.);
#3714=ADVANCED_FACE('',(#3352),#110,.T.);
#3715=ADVANCED_FACE('',(#3353),#111,.F.);
#3716=ADVANCED_FACE('',(#3354),#3532,.T.);
#3717=ADVANCED_FACE('',(#3355),#3533,.T.);
#3718=ADVANCED_FACE('',(#3356),#3534,.T.);
#3719=ADVANCED_FACE('',(#3357),#3535,.T.);
#3720=ADVANCED_FACE('',(#3358),#3536,.T.);
#3721=ADVANCED_FACE('',(#3359),#3537,.T.);
#3722=ADVANCED_FACE('',(#3360),#112,.T.);
#3723=ADVANCED_FACE('',(#3361),#113,.T.);
#3724=ADVANCED_FACE('',(#3362),#3538,.T.);
#3725=ADVANCED_FACE('',(#3363),#3539,.T.);
#3726=ADVANCED_FACE('',(#3364),#3540,.F.);
#3727=ADVANCED_FACE('',(#3365),#3541,.F.);
#3728=ADVANCED_FACE('',(#3366,#3367),#3542,.F.);
#3729=ADVANCED_FACE('',(#3368),#3543,.F.);
#3730=ADVANCED_FACE('',(#3369),#3544,.T.);
#3731=ADVANCED_FACE('',(#3370),#3545,.F.);
#3732=ADVANCED_FACE('',(#3371),#3546,.F.);
#3733=ADVANCED_FACE('',(#3372),#3547,.F.);
#3734=ADVANCED_FACE('',(#3373),#3548,.F.);
#3735=ADVANCED_FACE('',(#3374),#3549,.F.);
#3736=ADVANCED_FACE('',(#3375),#3550,.F.);
#3737=ADVANCED_FACE('',(#3376),#3551,.F.);
#3738=ADVANCED_FACE('',(#3377),#3552,.F.);
#3739=ADVANCED_FACE('',(#3378),#3553,.F.);
#3740=ADVANCED_FACE('',(#3379),#3554,.F.);
#3741=ADVANCED_FACE('',(#3380),#3555,.F.);
#3742=ADVANCED_FACE('',(#3381),#3556,.F.);
#3743=ADVANCED_FACE('',(#3382),#3557,.F.);
#3744=ADVANCED_FACE('',(#3383),#3558,.F.);
#3745=ADVANCED_FACE('',(#3384),#3559,.T.);
#3746=ADVANCED_FACE('',(#3385),#3560,.T.);
#3747=ADVANCED_FACE('',(#3386),#3561,.T.);
#3748=ADVANCED_FACE('',(#3387),#3562,.T.);
#3749=ADVANCED_FACE('',(#3388),#3563,.F.);
#3750=ADVANCED_FACE('',(#3389,#3390),#3564,.T.);
#3751=ADVANCED_FACE('',(#3391),#3565,.F.);
#3752=ADVANCED_FACE('',(#3392),#3566,.F.);
#3753=ADVANCED_FACE('',(#3393),#3567,.F.);
#3754=ADVANCED_FACE('',(#3394),#3568,.F.);
#3755=ADVANCED_FACE('',(#3395),#3569,.F.);
#3756=ADVANCED_FACE('',(#3396),#3570,.F.);
#3757=ADVANCED_FACE('',(#3397),#3571,.F.);
#3758=ADVANCED_FACE('',(#3398),#3572,.F.);
#3759=ADVANCED_FACE('',(#3399),#3573,.F.);
#3760=ADVANCED_FACE('',(#3400),#3574,.F.);
#3761=ADVANCED_FACE('',(#3401),#3575,.F.);
#3762=ADVANCED_FACE('',(#3402),#114,.F.);
#3763=ADVANCED_FACE('',(#3403),#115,.F.);
#3764=ADVANCED_FACE('',(#3404),#3576,.F.);
#3765=ADVANCED_FACE('',(#3405),#3577,.F.);
#3766=ADVANCED_FACE('',(#3406),#3578,.F.);
#3767=ADVANCED_FACE('',(#3407),#3579,.F.);
#3768=ADVANCED_FACE('',(#3408),#3580,.F.);
#3769=ADVANCED_FACE('',(#3409),#3581,.F.);
#3770=ADVANCED_FACE('',(#3410),#116,.F.);
#3771=ADVANCED_FACE('',(#3411),#117,.F.);
#3772=ADVANCED_FACE('',(#3412),#3582,.F.);
#3773=ADVANCED_FACE('',(#3413),#3583,.F.);
#3774=ADVANCED_FACE('',(#3414),#3584,.F.);
#3775=ADVANCED_FACE('',(#3415),#3585,.F.);
#3776=ADVANCED_FACE('',(#3416),#3586,.F.);
#3777=ADVANCED_FACE('',(#3417),#3587,.F.);
#3778=ADVANCED_FACE('',(#3418),#3588,.F.);
#3779=ADVANCED_FACE('',(#3419),#3589,.F.);
#3780=ADVANCED_FACE('',(#3420),#3590,.F.);
#3781=ADVANCED_FACE('',(#3421),#3591,.F.);
#3782=ADVANCED_FACE('',(#3422),#118,.T.);
#3783=ADVANCED_FACE('',(#3423),#119,.T.);
#3784=ADVANCED_FACE('',(#3424),#3592,.F.);
#3785=ADVANCED_FACE('',(#3425),#3593,.F.);
#3786=ADVANCED_FACE('',(#3426),#3594,.F.);
#3787=ADVANCED_FACE('',(#3427),#3595,.F.);
#3788=ADVANCED_FACE('',(#3428),#120,.T.);
#3789=ADVANCED_FACE('',(#3429),#121,.T.);
#3790=ADVANCED_FACE('',(#3430),#3596,.F.);
#3791=ADVANCED_FACE('',(#3431),#3597,.F.);
#3792=ADVANCED_FACE('',(#3432),#3598,.T.);
#3793=ADVANCED_FACE('',(#3433),#3599,.F.);
#3794=ADVANCED_FACE('',(#3434),#3600,.F.);
#3795=ADVANCED_FACE('',(#3435),#3601,.F.);
#3796=ADVANCED_FACE('',(#3436),#3602,.F.);
#3797=ADVANCED_FACE('',(#3437),#3603,.F.);
#3798=ADVANCED_FACE('',(#3438),#3604,.F.);
#3799=ADVANCED_FACE('',(#3439),#3605,.F.);
#3800=ADVANCED_FACE('',(#3440),#3606,.F.);
#3801=ADVANCED_FACE('',(#3441),#3607,.F.);
#3802=ADVANCED_FACE('',(#3442),#3608,.F.);
#3803=ADVANCED_FACE('',(#3443),#3609,.F.);
#3804=ADVANCED_FACE('',(#3444),#3610,.F.);
#3805=ADVANCED_FACE('',(#3445),#3611,.F.);
#3806=ADVANCED_FACE('',(#3446),#3612,.F.);
#3807=ADVANCED_FACE('',(#3447),#3613,.F.);
#3808=ADVANCED_FACE('',(#3448),#3614,.F.);
#3809=ADVANCED_FACE('',(#3449),#3615,.F.);
#3810=ADVANCED_FACE('',(#3450),#3616,.F.);
#3811=ADVANCED_FACE('',(#3451),#3617,.F.);
#3812=ADVANCED_FACE('',(#3452),#3618,.F.);
#3813=ADVANCED_FACE('',(#3453),#3619,.F.);
#3814=ADVANCED_FACE('',(#3454),#3620,.F.);
#3815=ADVANCED_FACE('',(#3455),#3621,.F.);
#3816=ADVANCED_FACE('',(#3456),#3622,.F.);
#3817=ADVANCED_FACE('',(#3457),#3623,.F.);
#3818=ADVANCED_FACE('',(#3458),#3624,.F.);
#3819=ADVANCED_FACE('',(#3459),#3625,.T.);
#3820=ADVANCED_FACE('',(#3460),#3626,.F.);
#3821=ADVANCED_FACE('',(#3461),#3627,.T.);
#3822=ADVANCED_FACE('',(#3462),#3628,.F.);
#3823=ADVANCED_FACE('',(#3463),#3629,.T.);
#3824=ADVANCED_FACE('',(#3464),#3630,.F.);
#3825=ADVANCED_FACE('',(#3465),#3631,.T.);
#3826=ADVANCED_FACE('',(#3466),#3632,.F.);
#3827=ADVANCED_FACE('',(#3467),#3633,.T.);
#3828=ADVANCED_FACE('',(#3468),#3634,.T.);
#3829=ADVANCED_FACE('',(#3469),#3635,.T.);
#3830=ADVANCED_FACE('',(#3470),#3636,.T.);
#3831=ADVANCED_FACE('',(#3471),#3637,.F.);
#3832=ADVANCED_FACE('',(#3472),#3638,.T.);
#3833=ADVANCED_FACE('',(#3473),#3639,.T.);
#3834=ADVANCED_FACE('',(#3474),#3640,.T.);
#3835=ADVANCED_FACE('',(#3475),#3641,.T.);
#3836=ADVANCED_FACE('',(#3476),#3642,.T.);
#3837=ADVANCED_FACE('',(#3477),#3643,.T.);
#3838=ADVANCED_FACE('',(#3478),#3644,.T.);
#3839=ADVANCED_FACE('',(#3479),#3645,.T.);
#3840=ADVANCED_FACE('',(#3480),#3646,.T.);
#3841=ADVANCED_FACE('',(#3481),#3647,.T.);
#3842=ADVANCED_FACE('',(#3482),#3648,.T.);
#3843=ADVANCED_FACE('',(#3483),#3649,.T.);
#3844=ADVANCED_FACE('',(#3484),#3650,.T.);
#3845=ADVANCED_FACE('',(#3485),#3651,.T.);
#3846=CLOSED_SHELL('',(#3652,#3653,#3654,#3655,#3656,#3657,#3658,#3659,
#3660,#3661,#3662,#3663,#3664,#3665,#3666,#3667,#3668,#3669,#3670,#3671,
#3672,#3673,#3674,#3675,#3676,#3677,#3678,#3679,#3680,#3681,#3682,#3683,
#3684,#3685,#3686,#3687,#3688,#3689,#3690,#3691,#3692,#3693,#3694,#3695,
#3696,#3697,#3698,#3699,#3700,#3701,#3702,#3703,#3704,#3705,#3706,#3707,
#3708,#3709,#3710,#3711,#3712,#3713,#3714,#3715,#3716,#3717,#3718,#3719,
#3720,#3721,#3722,#3723,#3724,#3725));
#3847=CLOSED_SHELL('',(#3726,#3727,#3728,#3729,#3730,#3731,#3732,#3733,
#3734,#3735,#3736,#3737,#3738,#3739,#3740,#3741,#3742,#3743,#3744,#3745,
#3746,#3747,#3748,#3749,#3750,#3751));
#3848=CLOSED_SHELL('',(#3752,#3753,#3754,#3755,#3756,#3757,#3758,#3759,
#3760,#3761,#3762,#3763,#3764,#3765,#3766,#3767,#3768,#3769,#3770,#3771,
#3772,#3773,#3774,#3775,#3776,#3777,#3778,#3779,#3780,#3781,#3782,#3783,
#3784,#3785,#3786,#3787,#3788,#3789,#3790,#3791,#3792,#3793,#3794,#3795,
#3796,#3797,#3798,#3799,#3800,#3801,#3802,#3803,#3804,#3805,#3806,#3807,
#3808,#3809,#3810,#3811,#3812,#3813,#3814,#3815,#3816,#3817,#3818,#3819,
#3820,#3821,#3822,#3823,#3824,#3825,#3826,#3827,#3828,#3829,#3830,#3831,
#3832,#3833,#3834,#3835,#3836,#3837,#3838,#3839,#3840,#3841,#3842,#3843,
#3844,#3845));
#3849=STYLED_ITEM('',(#3852),#3871);
#3850=STYLED_ITEM('',(#3853),#3872);
#3851=STYLED_ITEM('',(#3854),#3873);
#3852=PRESENTATION_STYLE_ASSIGNMENT((#3855));
#3853=PRESENTATION_STYLE_ASSIGNMENT((#3856));
#3854=PRESENTATION_STYLE_ASSIGNMENT((#3857));
#3855=SURFACE_STYLE_USAGE(.BOTH.,#3858);
#3856=SURFACE_STYLE_USAGE(.BOTH.,#3859);
#3857=SURFACE_STYLE_USAGE(.BOTH.,#3860);
#3858=SURFACE_SIDE_STYLE('',(#3861));
#3859=SURFACE_SIDE_STYLE('',(#3862));
#3860=SURFACE_SIDE_STYLE('',(#3863));
#3861=SURFACE_STYLE_FILL_AREA(#3864);
#3862=SURFACE_STYLE_FILL_AREA(#3865);
#3863=SURFACE_STYLE_FILL_AREA(#3866);
#3864=FILL_AREA_STYLE('',(#3867));
#3865=FILL_AREA_STYLE('',(#3868));
#3866=FILL_AREA_STYLE('',(#3869));
#3867=FILL_AREA_STYLE_COLOUR('',#3870);
#3868=FILL_AREA_STYLE_COLOUR('',#18);
#3869=FILL_AREA_STYLE_COLOUR('',#19);
#3870=COLOUR_RGB('',0.689999997615814,0.689999997615814,0.689999997615814);
#3871=MANIFOLD_SOLID_BREP('USB-B-S-VT_S',#3846);
#3872=MANIFOLD_SOLID_BREP('USB-B-S-W-VT_B',#3847);
#3873=MANIFOLD_SOLID_BREP('USB-B-S-VT_P',#3848);
#3874=SHAPE_DEFINITION_REPRESENTATION(#6246,#3878);
#3875=SHAPE_DEFINITION_REPRESENTATION(#6247,#3879);
#3876=SHAPE_DEFINITION_REPRESENTATION(#6249,#3880);
#3877=SHAPE_DEFINITION_REPRESENTATION(#6251,#3881);
#3878=SHAPE_REPRESENTATION('USB-B-S-F-W-VT',(#3882,#3997,#4024,#4135),#6235);
#3879=SHAPE_REPRESENTATION('USB-B-S-VT_S',(#3882),#6236);
#3880=SHAPE_REPRESENTATION('USB-B-S-W-VT_B',(#3882),#6237);
#3881=SHAPE_REPRESENTATION('USB-B-S-VT_P',(#3882),#6238);
#3882=AXIS2_PLACEMENT_3D('',#5132,#4136,#4137);
#3883=AXIS2_PLACEMENT_3D('',#5133,#4138,#4139);
#3884=AXIS2_PLACEMENT_3D('',#5150,#4148,#4149);
#3885=AXIS2_PLACEMENT_3D('',#5167,#4158,#4159);
#3886=AXIS2_PLACEMENT_3D('',#5176,#4164,#4165);
#3887=AXIS2_PLACEMENT_3D('',#5177,#4166,#4167);
#3888=AXIS2_PLACEMENT_3D('',#5179,#4168,#4169);
#3889=AXIS2_PLACEMENT_3D('',#5182,#4171,#4172);
#3890=AXIS2_PLACEMENT_3D('',#5183,#4173,#4174);
#3891=AXIS2_PLACEMENT_3D('',#5184,#4175,#4176);
#3892=AXIS2_PLACEMENT_3D('',#5185,#4177,#4178);
#3893=AXIS2_PLACEMENT_3D('',#5194,#4183,#4184);
#3894=AXIS2_PLACEMENT_3D('',#5195,#4185,#4186);
#3895=AXIS2_PLACEMENT_3D('',#5197,#4187,#4188);
#3896=AXIS2_PLACEMENT_3D('',#5200,#4190,#4191);
#3897=AXIS2_PLACEMENT_3D('',#5204,#4193,#4194);
#3898=AXIS2_PLACEMENT_3D('',#5205,#4195,#4196);
#3899=AXIS2_PLACEMENT_3D('',#5206,#4197,#4198);
#3900=AXIS2_PLACEMENT_3D('',#5212,#4202,#4203);
#3901=AXIS2_PLACEMENT_3D('',#5217,#4206,#4207);
#3902=AXIS2_PLACEMENT_3D('',#5218,#4208,#4209);
#3903=AXIS2_PLACEMENT_3D('',#5221,#4211,#4212);
#3904=AXIS2_PLACEMENT_3D('',#5224,#4214,#4215);
#3905=AXIS2_PLACEMENT_3D('',#5228,#4217,#4218);
#3906=AXIS2_PLACEMENT_3D('',#5233,#4221,#4222);
#3907=AXIS2_PLACEMENT_3D('',#5239,#4226,#4227);
#3908=AXIS2_PLACEMENT_3D('',#5243,#4229,#4230);
#3909=AXIS2_PLACEMENT_3D('',#5244,#4231,#4232);
#3910=AXIS2_PLACEMENT_3D('',#5245,#4233,#4234);
#3911=AXIS2_PLACEMENT_3D('',#5246,#4235,#4236);
#3912=AXIS2_PLACEMENT_3D('',#5248,#4237,#4238);
#3913=AXIS2_PLACEMENT_3D('',#5251,#4240,#4241);
#3914=AXIS2_PLACEMENT_3D('',#5257,#4245,#4246);
#3915=AXIS2_PLACEMENT_3D('',#5261,#4248,#4249);
#3916=AXIS2_PLACEMENT_3D('',#5262,#4250,#4251);
#3917=AXIS2_PLACEMENT_3D('',#5263,#4252,#4253);
#3918=AXIS2_PLACEMENT_3D('',#5264,#4254,#4255);
#3919=AXIS2_PLACEMENT_3D('',#5266,#4256,#4257);
#3920=AXIS2_PLACEMENT_3D('',#5269,#4259,#4260);
#3921=AXIS2_PLACEMENT_3D('',#5275,#4264,#4265);
#3922=AXIS2_PLACEMENT_3D('',#5280,#4268,#4269);
#3923=AXIS2_PLACEMENT_3D('',#5281,#4270,#4271);
#3924=AXIS2_PLACEMENT_3D('',#5294,#4278,#4279);
#3925=AXIS2_PLACEMENT_3D('',#5300,#4283,#4284);
#3926=AXIS2_PLACEMENT_3D('',#5306,#4288,#4289);
#3927=AXIS2_PLACEMENT_3D('',#5316,#4295,#4296);
#3928=AXIS2_PLACEMENT_3D('',#5318,#4298,#4299);
#3929=AXIS2_PLACEMENT_3D('',#5322,#4301,#4302);
#3930=AXIS2_PLACEMENT_3D('',#5323,#4303,#4304);
#3931=AXIS2_PLACEMENT_3D('',#5325,#4306,#4307);
#3932=AXIS2_PLACEMENT_3D('',#5329,#4309,#4310);
#3933=AXIS2_PLACEMENT_3D('',#5330,#4311,#4312);
#3934=AXIS2_PLACEMENT_3D('',#5339,#4317,#4318);
#3935=AXIS2_PLACEMENT_3D('',#5349,#4324,#4325);
#3936=AXIS2_PLACEMENT_3D('',#5362,#4332,#4333);
#3937=AXIS2_PLACEMENT_3D('',#5365,#4336,#4337);
#3938=AXIS2_PLACEMENT_3D('',#5367,#4339,#4340);
#3939=AXIS2_PLACEMENT_3D('',#5371,#4342,#4343);
#3940=AXIS2_PLACEMENT_3D('',#5372,#4344,#4345);
#3941=AXIS2_PLACEMENT_3D('',#5374,#4347,#4348);
#3942=AXIS2_PLACEMENT_3D('',#5378,#4350,#4351);
#3943=AXIS2_PLACEMENT_3D('',#5379,#4352,#4353);
#3944=AXIS2_PLACEMENT_3D('',#5382,#4356,#4357);
#3945=AXIS2_PLACEMENT_3D('',#5385,#4360,#4361);
#3946=AXIS2_PLACEMENT_3D('',#5387,#4363,#4364);
#3947=AXIS2_PLACEMENT_3D('',#5403,#4372,#4373);
#3948=AXIS2_PLACEMENT_3D('',#5405,#4375,#4376);
#3949=AXIS2_PLACEMENT_3D('',#5411,#4379,#4380);
#3950=AXIS2_PLACEMENT_3D('',#5415,#4382,#4383);
#3951=AXIS2_PLACEMENT_3D('',#5421,#4386,#4387);
#3952=AXIS2_PLACEMENT_3D('',#5422,#4388,#4389);
#3953=AXIS2_PLACEMENT_3D('',#5427,#4394,#4395);
#3954=AXIS2_PLACEMENT_3D('',#5430,#4397,#4398);
#3955=AXIS2_PLACEMENT_3D('',#5431,#4399,#4400);
#3956=AXIS2_PLACEMENT_3D('',#5435,#4403,#4404);
#3957=AXIS2_PLACEMENT_3D('',#5439,#4407,#4408);
#3958=AXIS2_PLACEMENT_3D('',#5442,#4410,#4411);
#3959=AXIS2_PLACEMENT_3D('',#5443,#4412,#4413);
#3960=AXIS2_PLACEMENT_3D('',#5447,#4416,#4417);
#3961=AXIS2_PLACEMENT_3D('',#5450,#4419,#4420);
#3962=AXIS2_PLACEMENT_3D('',#5451,#4421,#4422);
#3963=AXIS2_PLACEMENT_3D('',#5455,#4425,#4426);
#3964=AXIS2_PLACEMENT_3D('',#5459,#4429,#4430);
#3965=AXIS2_PLACEMENT_3D('',#5460,#4431,#4432);
#3966=AXIS2_PLACEMENT_3D('',#5461,#4433,#4434);
#3967=AXIS2_PLACEMENT_3D('',#5464,#4436,#4437);
#3968=AXIS2_PLACEMENT_3D('',#5465,#4438,#4439);
#3969=AXIS2_PLACEMENT_3D('',#5469,#4442,#4443);
#3970=AXIS2_PLACEMENT_3D('',#5473,#4446,#4447);
#3971=AXIS2_PLACEMENT_3D('',#5477,#4450,#4451);
#3972=AXIS2_PLACEMENT_3D('',#5481,#4454,#4455);
#3973=AXIS2_PLACEMENT_3D('',#5485,#4458,#4459);
#3974=AXIS2_PLACEMENT_3D('',#5489,#4462,#4463);
#3975=AXIS2_PLACEMENT_3D('',#5493,#4466,#4467);
#3976=AXIS2_PLACEMENT_3D('',#5494,#4468,#4469);
#3977=AXIS2_PLACEMENT_3D('',#5495,#4470,#4471);
#3978=AXIS2_PLACEMENT_3D('',#5504,#4476,#4477);
#3979=AXIS2_PLACEMENT_3D('',#5510,#4481,#4482);
#3980=AXIS2_PLACEMENT_3D('',#5516,#4486,#4487);
#3981=AXIS2_PLACEMENT_3D('',#5519,#4490,#4491);
#3982=AXIS2_PLACEMENT_3D('',#5522,#4494,#4495);
#3983=AXIS2_PLACEMENT_3D('',#5523,#4496,#4497);
#3984=AXIS2_PLACEMENT_3D('',#5524,#4498,#4499);
#3985=AXIS2_PLACEMENT_3D('',#5525,#4500,#4501);
#3986=AXIS2_PLACEMENT_3D('',#5526,#4502,#4503);
#3987=AXIS2_PLACEMENT_3D('',#5527,#4504,#4505);
#3988=AXIS2_PLACEMENT_3D('',#5528,#4506,#4507);
#3989=AXIS2_PLACEMENT_3D('',#5529,#4508,#4509);
#3990=AXIS2_PLACEMENT_3D('',#5530,#4510,#4511);
#3991=AXIS2_PLACEMENT_3D('',#5531,#4512,#4513);
#3992=AXIS2_PLACEMENT_3D('',#5533,#4515,#4516);
#3993=AXIS2_PLACEMENT_3D('',#5535,#4518,#4519);
#3994=AXIS2_PLACEMENT_3D('',#5536,#4520,#4521);
#3995=AXIS2_PLACEMENT_3D('',#5539,#4524,#4525);
#3996=AXIS2_PLACEMENT_3D('',#5540,#4526,#4527);
#3997=AXIS2_PLACEMENT_3D('',#5541,#4528,#4529);
#3998=AXIS2_PLACEMENT_3D('',#5542,#4530,#4531);
#3999=AXIS2_PLACEMENT_3D('',#5551,#4536,#4537);
#4000=AXIS2_PLACEMENT_3D('',#5557,#4541,#4542);
#4001=AXIS2_PLACEMENT_3D('',#5591,#4560,#4561);
#4002=AXIS2_PLACEMENT_3D('',#5594,#4564,#4565);
#4003=AXIS2_PLACEMENT_3D('',#5595,#4566,#4567);
#4004=AXIS2_PLACEMENT_3D('',#5596,#4568,#4569);
#4005=AXIS2_PLACEMENT_3D('',#5602,#4573,#4574);
#4006=AXIS2_PLACEMENT_3D('',#5606,#4577,#4578);
#4007=AXIS2_PLACEMENT_3D('',#5610,#4581,#4582);
#4008=AXIS2_PLACEMENT_3D('',#5614,#4585,#4586);
#4009=AXIS2_PLACEMENT_3D('',#5618,#4589,#4590);
#4010=AXIS2_PLACEMENT_3D('',#5622,#4593,#4594);
#4011=AXIS2_PLACEMENT_3D('',#5626,#4597,#4598);
#4012=AXIS2_PLACEMENT_3D('',#5630,#4601,#4602);
#4013=AXIS2_PLACEMENT_3D('',#5634,#4605,#4606);
#4014=AXIS2_PLACEMENT_3D('',#5638,#4609,#4610);
#4015=AXIS2_PLACEMENT_3D('',#5642,#4613,#4614);
#4016=AXIS2_PLACEMENT_3D('',#5646,#4617,#4618);
#4017=AXIS2_PLACEMENT_3D('',#5650,#4621,#4622);
#4018=AXIS2_PLACEMENT_3D('',#5659,#4627,#4628);
#4019=AXIS2_PLACEMENT_3D('',#5665,#4632,#4633);
#4020=AXIS2_PLACEMENT_3D('',#5671,#4637,#4638);
#4021=AXIS2_PLACEMENT_3D('',#5674,#4641,#4642);
#4022=AXIS2_PLACEMENT_3D('',#5676,#4644,#4645);
#4023=AXIS2_PLACEMENT_3D('',#5677,#4646,#4647);
#4024=AXIS2_PLACEMENT_3D('',#5678,#4648,#4649);
#4025=AXIS2_PLACEMENT_3D('',#5679,#4650,#4651);
#4026=AXIS2_PLACEMENT_3D('',#5720,#4672,#4673);
#4027=AXIS2_PLACEMENT_3D('',#5761,#4694,#4695);
#4028=AXIS2_PLACEMENT_3D('',#5770,#4700,#4701);
#4029=AXIS2_PLACEMENT_3D('',#5779,#4706,#4707);
#4030=AXIS2_PLACEMENT_3D('',#5785,#4711,#4712);
#4031=AXIS2_PLACEMENT_3D('',#5791,#4716,#4717);
#4032=AXIS2_PLACEMENT_3D('',#5797,#4721,#4722);
#4033=AXIS2_PLACEMENT_3D('',#5803,#4726,#4727);
#4034=AXIS2_PLACEMENT_3D('',#5809,#4731,#4732);
#4035=AXIS2_PLACEMENT_3D('',#5815,#4736,#4737);
#4036=AXIS2_PLACEMENT_3D('',#5819,#4739,#4740);
#4037=AXIS2_PLACEMENT_3D('',#5820,#4741,#4742);
#4038=AXIS2_PLACEMENT_3D('',#5821,#4743,#4744);
#4039=AXIS2_PLACEMENT_3D('',#5825,#4746,#4747);
#4040=AXIS2_PLACEMENT_3D('',#5826,#4748,#4749);
#4041=AXIS2_PLACEMENT_3D('',#5827,#4750,#4751);
#4042=AXIS2_PLACEMENT_3D('',#5833,#4755,#4756);
#4043=AXIS2_PLACEMENT_3D('',#5839,#4760,#4761);
#4044=AXIS2_PLACEMENT_3D('',#5858,#4772,#4773);
#4045=AXIS2_PLACEMENT_3D('',#5883,#4786,#4787);
#4046=AXIS2_PLACEMENT_3D('',#5889,#4791,#4792);
#4047=AXIS2_PLACEMENT_3D('',#5895,#4796,#4797);
#4048=AXIS2_PLACEMENT_3D('',#5899,#4799,#4800);
#4049=AXIS2_PLACEMENT_3D('',#5900,#4801,#4802);
#4050=AXIS2_PLACEMENT_3D('',#5901,#4803,#4804);
#4051=AXIS2_PLACEMENT_3D('',#5905,#4806,#4807);
#4052=AXIS2_PLACEMENT_3D('',#5906,#4808,#4809);
#4053=AXIS2_PLACEMENT_3D('',#5907,#4810,#4811);
#4054=AXIS2_PLACEMENT_3D('',#5913,#4815,#4816);
#4055=AXIS2_PLACEMENT_3D('',#5919,#4820,#4821);
#4056=AXIS2_PLACEMENT_3D('',#5925,#4825,#4826);
#4057=AXIS2_PLACEMENT_3D('',#5931,#4830,#4831);
#4058=AXIS2_PLACEMENT_3D('',#5937,#4835,#4836);
#4059=AXIS2_PLACEMENT_3D('',#5943,#4840,#4841);
#4060=AXIS2_PLACEMENT_3D('',#5949,#4845,#4846);
#4061=AXIS2_PLACEMENT_3D('',#5955,#4850,#4851);
#4062=AXIS2_PLACEMENT_3D('',#5961,#4855,#4856);
#4063=AXIS2_PLACEMENT_3D('',#5967,#4860,#4861);
#4064=AXIS2_PLACEMENT_3D('',#5968,#4862,#4863);
#4065=AXIS2_PLACEMENT_3D('',#5970,#4864,#4865);
#4066=AXIS2_PLACEMENT_3D('',#5973,#4867,#4868);
#4067=AXIS2_PLACEMENT_3D('',#5974,#4869,#4870);
#4068=AXIS2_PLACEMENT_3D('',#5976,#4871,#4872);
#4069=AXIS2_PLACEMENT_3D('',#5979,#4874,#4875);
#4070=AXIS2_PLACEMENT_3D('',#5982,#4878,#4879);
#4071=AXIS2_PLACEMENT_3D('',#5985,#4882,#4883);
#4072=AXIS2_PLACEMENT_3D('',#5991,#4887,#4888);
#4073=AXIS2_PLACEMENT_3D('',#5997,#4892,#4893);
#4074=AXIS2_PLACEMENT_3D('',#5998,#4894,#4895);
#4075=AXIS2_PLACEMENT_3D('',#6000,#4896,#4897);
#4076=AXIS2_PLACEMENT_3D('',#6003,#4899,#4900);
#4077=AXIS2_PLACEMENT_3D('',#6004,#4901,#4902);
#4078=AXIS2_PLACEMENT_3D('',#6006,#4903,#4904);
#4079=AXIS2_PLACEMENT_3D('',#6009,#4906,#4907);
#4080=AXIS2_PLACEMENT_3D('',#6012,#4910,#4911);
#4081=AXIS2_PLACEMENT_3D('',#6015,#4914,#4915);
#4082=AXIS2_PLACEMENT_3D('',#6028,#4924,#4925);
#4083=AXIS2_PLACEMENT_3D('',#6041,#4934,#4935);
#4084=AXIS2_PLACEMENT_3D('',#6047,#4939,#4940);
#4085=AXIS2_PLACEMENT_3D('',#6053,#4944,#4945);
#4086=AXIS2_PLACEMENT_3D('',#6059,#4949,#4950);
#4087=AXIS2_PLACEMENT_3D('',#6065,#4954,#4955);
#4088=AXIS2_PLACEMENT_3D('',#6071,#4959,#4960);
#4089=AXIS2_PLACEMENT_3D('',#6077,#4964,#4965);
#4090=AXIS2_PLACEMENT_3D('',#6083,#4969,#4970);
#4091=AXIS2_PLACEMENT_3D('',#6089,#4974,#4975);
#4092=AXIS2_PLACEMENT_3D('',#6095,#4979,#4980);
#4093=AXIS2_PLACEMENT_3D('',#6101,#4984,#4985);
#4094=AXIS2_PLACEMENT_3D('',#6114,#4994,#4995);
#4095=AXIS2_PLACEMENT_3D('',#6133,#5006,#5007);
#4096=AXIS2_PLACEMENT_3D('',#6139,#5011,#5012);
#4097=AXIS2_PLACEMENT_3D('',#6145,#5016,#5017);
#4098=AXIS2_PLACEMENT_3D('',#6151,#5021,#5022);
#4099=AXIS2_PLACEMENT_3D('',#6157,#5026,#5027);
#4100=AXIS2_PLACEMENT_3D('',#6163,#5031,#5032);
#4101=AXIS2_PLACEMENT_3D('',#6169,#5036,#5037);
#4102=AXIS2_PLACEMENT_3D('',#6175,#5041,#5042);
#4103=AXIS2_PLACEMENT_3D('',#6181,#5046,#5047);
#4104=AXIS2_PLACEMENT_3D('',#6184,#5050,#5051);
#4105=AXIS2_PLACEMENT_3D('',#6187,#5054,#5055);
#4106=AXIS2_PLACEMENT_3D('',#6188,#5056,#5057);
#4107=AXIS2_PLACEMENT_3D('',#6189,#5058,#5059);
#4108=AXIS2_PLACEMENT_3D('',#6191,#5061,#5062);
#4109=AXIS2_PLACEMENT_3D('',#6192,#5063,#5064);
#4110=AXIS2_PLACEMENT_3D('',#6194,#5066,#5067);
#4111=AXIS2_PLACEMENT_3D('',#6195,#5068,#5069);
#4112=AXIS2_PLACEMENT_3D('',#6197,#5071,#5072);
#4113=AXIS2_PLACEMENT_3D('',#6198,#5073,#5074);
#4114=AXIS2_PLACEMENT_3D('',#6200,#5076,#5077);
#4115=AXIS2_PLACEMENT_3D('',#6201,#5078,#5079);
#4116=AXIS2_PLACEMENT_3D('',#6204,#5082,#5083);
#4117=AXIS2_PLACEMENT_3D('',#6205,#5084,#5085);
#4118=AXIS2_PLACEMENT_3D('',#6206,#5086,#5087);
#4119=AXIS2_PLACEMENT_3D('',#6208,#5089,#5090);
#4120=AXIS2_PLACEMENT_3D('',#6210,#5092,#5093);
#4121=AXIS2_PLACEMENT_3D('',#6211,#5094,#5095);
#4122=AXIS2_PLACEMENT_3D('',#6213,#5097,#5098);
#4123=AXIS2_PLACEMENT_3D('',#6214,#5099,#5100);
#4124=AXIS2_PLACEMENT_3D('',#6216,#5102,#5103);
#4125=AXIS2_PLACEMENT_3D('',#6217,#5104,#5105);
#4126=AXIS2_PLACEMENT_3D('',#6219,#5107,#5108);
#4127=AXIS2_PLACEMENT_3D('',#6220,#5109,#5110);
#4128=AXIS2_PLACEMENT_3D('',#6222,#5112,#5113);
#4129=AXIS2_PLACEMENT_3D('',#6223,#5114,#5115);
#4130=AXIS2_PLACEMENT_3D('',#6225,#5117,#5118);
#4131=AXIS2_PLACEMENT_3D('',#6227,#5120,#5121);
#4132=AXIS2_PLACEMENT_3D('',#6228,#5122,#5123);
#4133=AXIS2_PLACEMENT_3D('',#6231,#5126,#5127);
#4134=AXIS2_PLACEMENT_3D('',#6232,#5128,#5129);
#4135=AXIS2_PLACEMENT_3D('',#6233,#5130,#5131);
#4136=DIRECTION('',(0.,0.,1.));
#4137=DIRECTION('',(1.,0.,0.));
#4138=DIRECTION('',(1.,0.,0.));
#4139=DIRECTION('',(0.,0.,-1.));
#4140=DIRECTION('',(0.,0.0503372523782192,0.998732276950641));
#4141=DIRECTION('',(0.,-1.,0.));
#4142=DIRECTION('',(0.,0.0503372523782195,-0.998732276950641));
#4143=DIRECTION('',(0.,-1.,0.));
#4144=DIRECTION('',(0.,0.,-1.));
#4145=DIRECTION('',(0.,-1.,0.));
#4146=DIRECTION('',(0.,0.,-1.));
#4147=DIRECTION('',(0.,-1.,0.));
#4148=DIRECTION('',(-1.,0.,0.));
#4149=DIRECTION('',(0.,0.,1.));
#4150=DIRECTION('',(0.,-0.0503372523782192,-0.998732276950641));
#4151=DIRECTION('',(0.,1.,0.));
#4152=DIRECTION('',(0.,0.,-1.));
#4153=DIRECTION('',(0.,1.,0.));
#4154=DIRECTION('',(0.,0.,-1.));
#4155=DIRECTION('',(0.,1.,0.));
#4156=DIRECTION('',(0.,-0.0503372523782195,0.998732276950641));
#4157=DIRECTION('',(0.,-1.,0.));
#4158=DIRECTION('',(0.707106781186548,0.,0.707106781186547));
#4159=DIRECTION('',(0.707106781186547,0.,-0.707106781186548));
#4160=DIRECTION('',(-0.706658146981418,0.0356163811971067,0.706658146981418));
#4161=DIRECTION('',(0.,-1.,0.));
#4162=DIRECTION('',(0.706658146981418,0.0356163811971069,-0.706658146981418));
#4163=DIRECTION('',(0.,-1.,0.));
#4164=DIRECTION('',(0.,-1.,0.));
#4165=DIRECTION('',(0.,0.,-1.));
#4166=DIRECTION('',(0.,0.998732276950641,-0.0503372523782192));
#4167=DIRECTION('',(0.,-0.0503372523782192,-0.998732276950641));
#4168=DIRECTION('',(0.,-0.998732276950641,-0.0503372523782195));
#4169=DIRECTION('',(0.,-0.0503372523782195,0.998732276950641));
#4170=DIRECTION('',(0.,-1.,0.));
#4171=DIRECTION('',(0.,-1.,0.));
#4172=DIRECTION('',(0.,0.,-1.));
#4173=DIRECTION('',(0.,0.998732276950641,-0.0503372523782192));
#4174=DIRECTION('',(0.,-0.0503372523782192,-0.998732276950641));
#4175=DIRECTION('',(0.,-0.998732276950641,-0.0503372523782195));
#4176=DIRECTION('',(0.,-0.0503372523782195,0.998732276950641));
#4177=DIRECTION('',(-1.,0.,0.));
#4178=DIRECTION('',(0.,0.,1.));
#4179=DIRECTION('',(0.,-0.0503372523782192,-0.998732276950641));
#4180=DIRECTION('',(0.,-1.,0.));
#4181=DIRECTION('',(0.,-0.0503372523782195,0.998732276950641));
#4182=DIRECTION('',(0.,-1.,0.));
#4183=DIRECTION('',(0.,-1.,0.));
#4184=DIRECTION('',(0.,0.,-1.));
#4185=DIRECTION('',(0.,0.998732276950641,-0.0503372523782192));
#4186=DIRECTION('',(0.,-0.0503372523782192,-0.998732276950641));
#4187=DIRECTION('',(0.,-0.998732276950641,-0.0503372523782195));
#4188=DIRECTION('',(0.,-0.0503372523782195,0.998732276950641));
#4189=DIRECTION('',(0.,-1.,0.));
#4190=DIRECTION('',(0.,-1.,0.));
#4191=DIRECTION('',(0.,0.,-1.));
#4192=DIRECTION('',(0.,-1.,0.));
#4193=DIRECTION('',(0.,0.998732276950641,-0.0503372523782192));
#4194=DIRECTION('',(0.,-0.0503372523782192,-0.998732276950641));
#4195=DIRECTION('',(0.,-0.998732276950641,-0.0503372523782195));
#4196=DIRECTION('',(0.,-0.0503372523782195,0.998732276950641));
#4197=DIRECTION('',(-0.707106781186547,0.,-0.707106781186548));
#4198=DIRECTION('',(-0.707106781186548,0.,0.707106781186547));
#4199=DIRECTION('',(0.706658146981418,-0.0356163811971066,-0.706658146981417));
#4200=DIRECTION('',(-0.706658146981418,-0.0356163811971069,0.706658146981417));
#4201=DIRECTION('',(0.,-1.,0.));
#4202=DIRECTION('',(-1.,0.,0.));
#4203=DIRECTION('',(0.,0.,1.));
#4204=DIRECTION('',(0.,-0.0503372523782192,-0.998732276950641));
#4205=DIRECTION('',(0.,-0.0503372523782195,0.998732276950641));
#4206=DIRECTION('',(-1.,0.,0.));
#4207=DIRECTION('',(0.,0.,1.));
#4208=DIRECTION('',(1.,0.,0.));
#4209=DIRECTION('',(0.,0.,-1.));
#4210=DIRECTION('',(0.,0.0503372523782192,0.998732276950641));
#4211=DIRECTION('',(1.,0.,0.));
#4212=DIRECTION('',(0.,0.,-1.));
#4213=DIRECTION('',(0.,0.0503372523782195,-0.998732276950641));
#4214=DIRECTION('',(1.,0.,0.));
#4215=DIRECTION('',(0.,0.,-1.));
#4216=DIRECTION('',(0.,0.0503372523782192,0.998732276950641));
#4217=DIRECTION('',(1.,0.,0.));
#4218=DIRECTION('',(0.,0.,-1.));
#4219=DIRECTION('',(0.,0.0503372523782195,-0.998732276950641));
#4220=DIRECTION('',(0.,-1.,0.));
#4221=DIRECTION('',(0.707106781186543,0.,-0.707106781186552));
#4222=DIRECTION('',(-0.707106781186552,0.,-0.707106781186543));
#4223=DIRECTION('',(0.706658146981423,0.0356163811971064,0.706658146981413));
#4224=DIRECTION('',(-0.706658146981423,0.0356163811971067,-0.706658146981413));
#4225=DIRECTION('',(0.,-1.,0.));
#4226=DIRECTION('',(0.,-1.,0.));
#4227=DIRECTION('',(0.,0.,-1.));
#4228=DIRECTION('',(0.,-1.,0.));
#4229=DIRECTION('',(0.,0.998732276950641,-0.0503372523782192));
#4230=DIRECTION('',(0.,-0.0503372523782192,-0.998732276950641));
#4231=DIRECTION('',(0.,-0.998732276950641,-0.0503372523782195));
#4232=DIRECTION('',(0.,-0.0503372523782195,0.998732276950641));
#4233=DIRECTION('',(0.,-1.,0.));
#4234=DIRECTION('',(0.,0.,-1.));
#4235=DIRECTION('',(0.,0.998732276950641,-0.0503372523782192));
#4236=DIRECTION('',(0.,-0.0503372523782192,-0.998732276950641));
#4237=DIRECTION('',(0.,-0.998732276950641,-0.0503372523782195));
#4238=DIRECTION('',(0.,-0.0503372523782195,0.998732276950641));
#4239=DIRECTION('',(0.,-1.,0.));
#4240=DIRECTION('',(1.,0.,0.));
#4241=DIRECTION('',(0.,0.,-1.));
#4242=DIRECTION('',(0.,0.0503372523782192,0.998732276950641));
#4243=DIRECTION('',(0.,0.0503372523782195,-0.998732276950641));
#4244=DIRECTION('',(0.,-1.,0.));
#4245=DIRECTION('',(0.,-1.,0.));
#4246=DIRECTION('',(0.,0.,-1.));
#4247=DIRECTION('',(0.,-1.,0.));
#4248=DIRECTION('',(0.,0.998732276950641,-0.0503372523782192));
#4249=DIRECTION('',(0.,-0.0503372523782192,-0.998732276950641));
#4250=DIRECTION('',(0.,-0.998732276950641,-0.0503372523782195));
#4251=DIRECTION('',(0.,-0.0503372523782195,0.998732276950641));
#4252=DIRECTION('',(0.,-1.,0.));
#4253=DIRECTION('',(0.,0.,-1.));
#4254=DIRECTION('',(0.,0.998732276950641,-0.0503372523782192));
#4255=DIRECTION('',(0.,-0.0503372523782192,-0.998732276950641));
#4256=DIRECTION('',(0.,-0.998732276950641,-0.0503372523782195));
#4257=DIRECTION('',(0.,-0.0503372523782195,0.998732276950641));
#4258=DIRECTION('',(0.,-1.,0.));
#4259=DIRECTION('',(-0.70710678118655,0.,0.707106781186545));
#4260=DIRECTION('',(0.707106781186545,0.,0.70710678118655));
#4261=DIRECTION('',(-0.706658146981416,-0.0356163811971068,-0.70665814698142));
#4262=DIRECTION('',(0.706658146981416,-0.035616381197107,0.70665814698142));
#4263=DIRECTION('',(0.,-1.,0.));
#4264=DIRECTION('',(-1.,0.,0.));
#4265=DIRECTION('',(0.,0.,1.));
#4266=DIRECTION('',(0.,-0.0503372523782192,-0.998732276950641));
#4267=DIRECTION('',(0.,-0.0503372523782195,0.998732276950641));
#4268=DIRECTION('',(-1.,0.,0.));
#4269=DIRECTION('',(0.,0.,1.));
#4270=DIRECTION('',(-0.928485826880914,0.,-0.371367835550235));
#4271=DIRECTION('',(-0.371367835550235,0.,0.928485826880914));
#4272=DIRECTION('',(0.364340215030778,-0.193621071353683,-0.910915522120014));
#4273=DIRECTION('',(0.371367835550235,0.,-0.928485826880914));
#4274=DIRECTION('',(0.,-1.,0.));
#4275=DIRECTION('',(0.371367835550235,0.,-0.928485826880914));
#4276=DIRECTION('',(-0.364340215030778,-0.193621071353683,0.910915522120014));
#4277=DIRECTION('',(0.,-1.,0.));
#4278=DIRECTION('',(-0.999999999697416,0.,2.46001775999456E-5));
#4279=DIRECTION('',(2.46001775999457E-5,0.,0.999999999697416));
#4280=DIRECTION('',(-2.40626046973271E-5,-0.207911690757568,-0.978147600450628));
#4281=DIRECTION('',(2.40626046973271E-5,-0.207911690757568,0.978147600450628));
#4282=DIRECTION('',(0.,-1.,0.));
#4283=DIRECTION('',(-0.371367835550234,0.,0.928485826880914));
#4284=DIRECTION('',(0.928485826880914,0.,0.371367835550234));
#4285=DIRECTION('',(-0.925606578735066,-0.0786918864690396,-0.370216218453904));
#4286=DIRECTION('',(0.925606578735066,-0.0786918864690396,0.370216218453904));
#4287=DIRECTION('',(0.,-1.,0.));
#4288=DIRECTION('',(0.928485826880914,0.,0.371367835550235));
#4289=DIRECTION('',(0.371367835550235,0.,-0.928485826880914));
#4290=DIRECTION('',(-0.364340215030778,0.193621071353683,0.910915522120014));
#4291=DIRECTION('',(0.364340215030778,0.193621071353683,-0.910915522120014));
#4292=DIRECTION('',(-0.371367835550235,0.,0.928485826880914));
#4293=DIRECTION('',(0.,-1.,0.));
#4294=DIRECTION('',(-0.371367835550235,0.,0.928485826880914));
#4295=DIRECTION('',(0.,1.,0.));
#4296=DIRECTION('',(0.,0.,1.));
#4297=DIRECTION('',(-1.,0.,0.));
#4298=DIRECTION('',(0.,1.,0.));
#4299=DIRECTION('',(1.,0.,0.));
#4300=DIRECTION('',(0.,0.,1.));
#4301=DIRECTION('',(0.,1.,0.));
#4302=DIRECTION('',(1.,0.,0.));
#4303=DIRECTION('',(0.,1.,0.));
#4304=DIRECTION('',(0.,0.,1.));
#4305=DIRECTION('',(-1.,0.,0.));
#4306=DIRECTION('',(0.,1.,0.));
#4307=DIRECTION('',(1.,0.,0.));
#4308=DIRECTION('',(0.,0.,1.));
#4309=DIRECTION('',(0.,1.,0.));
#4310=DIRECTION('',(1.,0.,0.));
#4311=DIRECTION('',(0.999999999697416,0.,2.46001775999454E-5));
#4312=DIRECTION('',(2.46001775999455E-5,0.,-0.999999999697416));
#4313=DIRECTION('',(-2.40626046973269E-5,0.207911690757568,0.978147600450628));
#4314=DIRECTION('',(0.,-1.,0.));
#4315=DIRECTION('',(2.40626046973269E-5,0.207911690757568,-0.978147600450628));
#4316=DIRECTION('',(0.,-1.,0.));
#4317=DIRECTION('',(0.928485826880913,0.,-0.371367835550236));
#4318=DIRECTION('',(-0.371367835550236,0.,-0.928485826880913));
#4319=DIRECTION('',(0.364340215030779,0.193621071353683,0.910915522120014));
#4320=DIRECTION('',(-0.364340215030779,0.193621071353683,-0.910915522120014));
#4321=DIRECTION('',(0.371367835550236,0.,0.928485826880913));
#4322=DIRECTION('',(0.,-1.,0.));
#4323=DIRECTION('',(0.371367835550236,0.,0.928485826880913));
#4324=DIRECTION('',(-0.928485826880914,0.,0.371367835550234));
#4325=DIRECTION('',(0.371367835550234,0.,0.928485826880914));
#4326=DIRECTION('',(-0.364340215030777,-0.193621071353683,-0.910915522120015));
#4327=DIRECTION('',(-0.371367835550234,0.,-0.928485826880914));
#4328=DIRECTION('',(0.,-1.,0.));
#4329=DIRECTION('',(-0.371367835550234,0.,-0.928485826880914));
#4330=DIRECTION('',(0.364340215030777,-0.193621071353683,0.910915522120015));
#4331=DIRECTION('',(0.,-1.,0.));
#4332=DIRECTION('',(0.371367835550301,0.,0.928485826880887));
#4333=DIRECTION('',(0.928485826880887,0.,-0.371367835550301));
#4334=DIRECTION('',(-0.925606578735039,0.0786918864690538,0.370216218453971));
#4335=DIRECTION('',(0.925606578735039,0.0786918864690538,-0.370216218453971));
#4336=DIRECTION('',(0.,1.,0.));
#4337=DIRECTION('',(0.,0.,1.));
#4338=DIRECTION('',(-1.,0.,0.));
#4339=DIRECTION('',(0.,1.,0.));
#4340=DIRECTION('',(1.,0.,0.));
#4341=DIRECTION('',(0.,0.,1.));
#4342=DIRECTION('',(0.,1.,0.));
#4343=DIRECTION('',(1.,0.,0.));
#4344=DIRECTION('',(0.,1.,0.));
#4345=DIRECTION('',(0.,0.,1.));
#4346=DIRECTION('',(-1.,0.,0.));
#4347=DIRECTION('',(0.,1.,0.));
#4348=DIRECTION('',(1.,0.,0.));
#4349=DIRECTION('',(0.,0.,1.));
#4350=DIRECTION('',(0.,1.,0.));
#4351=DIRECTION('',(1.,0.,0.));
#4352=DIRECTION('',(0.,-1.,0.));
#4353=DIRECTION('',(0.,0.,-1.));
#4354=DIRECTION('',(-1.,0.,0.));
#4355=DIRECTION('',(-1.,0.,0.));
#4356=DIRECTION('',(0.,1.,0.));
#4357=DIRECTION('',(0.,0.,1.));
#4358=DIRECTION('',(1.,0.,0.));
#4359=DIRECTION('',(1.,0.,0.));
#4360=DIRECTION('',(0.,0.,1.));
#4361=DIRECTION('',(1.,0.,0.));
#4362=DIRECTION('',(0.,-1.,0.));
#4363=DIRECTION('',(0.,0.,1.));
#4364=DIRECTION('',(1.,0.,0.));
#4365=DIRECTION('',(-1.,0.,0.));
#4366=DIRECTION('',(0.,-1.,0.));
#4367=DIRECTION('',(-0.69810013612954,-0.716000139620041,0.));
#4368=DIRECTION('',(-1.,0.,0.));
#4369=DIRECTION('',(-0.69810013612954,0.716000139620041,0.));
#4370=DIRECTION('',(0.,1.,0.));
#4371=DIRECTION('',(-1.,0.,0.));
#4372=DIRECTION('',(0.,0.,1.));
#4373=DIRECTION('',(1.,0.,0.));
#4374=DIRECTION('',(0.,1.,0.));
#4375=DIRECTION('',(0.,0.,1.));
#4376=DIRECTION('',(1.,0.,0.));
#4377=DIRECTION('',(1.,0.,0.));
#4378=DIRECTION('',(0.,1.,0.));
#4379=DIRECTION('',(0.,0.,1.));
#4380=DIRECTION('',(1.,0.,0.));
#4381=DIRECTION('',(1.,0.,0.));
#4382=DIRECTION('',(0.,0.,1.));
#4383=DIRECTION('',(1.,0.,0.));
#4384=DIRECTION('',(0.,-1.,0.));
#4385=DIRECTION('',(1.,0.,0.));
#4386=DIRECTION('',(0.,0.,1.));
#4387=DIRECTION('',(1.,0.,0.));
#4388=DIRECTION('',(0.,0.,1.));
#4389=DIRECTION('',(1.,0.,0.));
#4390=DIRECTION('',(1.,0.,0.));
#4391=DIRECTION('',(1.,0.,0.));
#4392=DIRECTION('',(1.,0.,0.));
#4393=DIRECTION('',(1.,0.,0.));
#4394=DIRECTION('',(0.,0.,1.));
#4395=DIRECTION('',(1.,0.,0.));
#4396=DIRECTION('',(0.,0.,1.));
#4397=DIRECTION('',(0.,0.,1.));
#4398=DIRECTION('',(1.,0.,0.));
#4399=DIRECTION('',(0.,-1.,0.));
#4400=DIRECTION('',(0.,0.,-1.));
#4401=DIRECTION('',(0.,0.,1.));
#4402=DIRECTION('',(1.,0.,0.));
#4403=DIRECTION('',(-1.,0.,0.));
#4404=DIRECTION('',(0.,0.,1.));
#4405=DIRECTION('',(0.,0.,1.));
#4406=DIRECTION('',(0.,-1.,0.));
#4407=DIRECTION('',(0.,0.,1.));
#4408=DIRECTION('',(1.,0.,0.));
#4409=DIRECTION('',(0.,0.,1.));
#4410=DIRECTION('',(0.,0.,1.));
#4411=DIRECTION('',(1.,0.,0.));
#4412=DIRECTION('',(0.,-1.,0.));
#4413=DIRECTION('',(0.,0.,-1.));
#4414=DIRECTION('',(0.,0.,1.));
#4415=DIRECTION('',(1.,0.,0.));
#4416=DIRECTION('',(0.,0.,1.));
#4417=DIRECTION('',(1.,0.,0.));
#4418=DIRECTION('',(0.,0.,1.));
#4419=DIRECTION('',(0.,0.,1.));
#4420=DIRECTION('',(1.,0.,0.));
#4421=DIRECTION('',(1.,0.,0.));
#4422=DIRECTION('',(0.,0.,-1.));
#4423=DIRECTION('',(0.,0.,1.));
#4424=DIRECTION('',(0.,1.,0.));
#4425=DIRECTION('',(0.,-1.,0.));
#4426=DIRECTION('',(0.,0.,-1.));
#4427=DIRECTION('',(0.,0.,1.));
#4428=DIRECTION('',(1.,0.,0.));
#4429=DIRECTION('',(0.,0.,1.));
#4430=DIRECTION('',(1.,0.,0.));
#4431=DIRECTION('',(0.,0.,1.));
#4432=DIRECTION('',(1.,0.,0.));
#4433=DIRECTION('',(0.,0.,1.));
#4434=DIRECTION('',(1.,0.,0.));
#4435=DIRECTION('',(0.,0.,1.));
#4436=DIRECTION('',(0.,0.,1.));
#4437=DIRECTION('',(1.,0.,0.));
#4438=DIRECTION('',(0.,1.,0.));
#4439=DIRECTION('',(0.,0.,1.));
#4440=DIRECTION('',(0.,0.,1.));
#4441=DIRECTION('',(-1.,0.,0.));
#4442=DIRECTION('',(1.,0.,0.));
#4443=DIRECTION('',(0.,0.,-1.));
#4444=DIRECTION('',(0.,0.,1.));
#4445=DIRECTION('',(0.,1.,0.));
#4446=DIRECTION('',(0.716000139620041,0.69810013612954,0.));
#4447=DIRECTION('',(-0.69810013612954,0.716000139620041,0.));
#4448=DIRECTION('',(0.,0.,1.));
#4449=DIRECTION('',(-0.69810013612954,0.716000139620041,0.));
#4450=DIRECTION('',(0.,1.,0.));
#4451=DIRECTION('',(0.,0.,1.));
#4452=DIRECTION('',(0.,0.,1.));
#4453=DIRECTION('',(-1.,0.,0.));
#4454=DIRECTION('',(-0.716000139620041,0.69810013612954,0.));
#4455=DIRECTION('',(-0.69810013612954,-0.716000139620041,0.));
#4456=DIRECTION('',(0.,0.,1.));
#4457=DIRECTION('',(-0.69810013612954,-0.716000139620041,0.));
#4458=DIRECTION('',(-1.,0.,0.));
#4459=DIRECTION('',(0.,0.,1.));
#4460=DIRECTION('',(0.,0.,1.));
#4461=DIRECTION('',(0.,-1.,0.));
#4462=DIRECTION('',(0.,1.,0.));
#4463=DIRECTION('',(0.,0.,1.));
#4464=DIRECTION('',(0.,0.,1.));
#4465=DIRECTION('',(-1.,0.,0.));
#4466=DIRECTION('',(0.,0.,1.));
#4467=DIRECTION('',(1.,0.,0.));
#4468=DIRECTION('',(0.,0.,1.));
#4469=DIRECTION('',(1.,0.,0.));
#4470=DIRECTION('',(0.,-1.,0.));
#4471=DIRECTION('',(0.,0.,-1.));
#4472=DIRECTION('',(-1.,0.,0.));
#4473=DIRECTION('',(0.,0.,-1.));
#4474=DIRECTION('',(-1.,0.,0.));
#4475=DIRECTION('',(0.,0.,-1.));
#4476=DIRECTION('',(1.,0.,0.));
#4477=DIRECTION('',(0.,0.,-1.));
#4478=DIRECTION('',(0.,-1.,0.));
#4479=DIRECTION('',(0.,-1.,0.));
#4480=DIRECTION('',(0.,0.,-1.));
#4481=DIRECTION('',(6.6573817608759E-17,1.,0.));
#4482=DIRECTION('',(-1.,6.6573817608759E-17,0.));
#4483=DIRECTION('',(1.,-6.6573817608759E-17,0.));
#4484=DIRECTION('',(1.,-6.6573817608759E-17,0.));
#4485=DIRECTION('',(0.,0.,-1.));
#4486=DIRECTION('',(-1.,0.,0.));
#4487=DIRECTION('',(0.,0.,1.));
#4488=DIRECTION('',(0.,1.,0.));
#4489=DIRECTION('',(0.,1.,0.));
#4490=DIRECTION('',(0.,0.,1.));
#4491=DIRECTION('',(1.,0.,0.));
#4492=DIRECTION('',(0.,-1.,0.));
#4493=DIRECTION('',(0.,1.,0.));
#4494=DIRECTION('',(0.,0.,1.));
#4495=DIRECTION('',(1.,0.,0.));
#4496=DIRECTION('',(0.,-1.,0.));
#4497=DIRECTION('',(0.,0.,-1.));
#4498=DIRECTION('',(0.,-1.,0.));
#4499=DIRECTION('',(0.,0.,-1.));
#4500=DIRECTION('',(0.,-1.,0.));
#4501=DIRECTION('',(0.,0.,-1.));
#4502=DIRECTION('',(0.,-1.,0.));
#4503=DIRECTION('',(0.,0.,-1.));
#4504=DIRECTION('',(0.,-0.978147600733806,-0.207911690817759));
#4505=DIRECTION('',(0.,0.207911690817759,-0.978147600733806));
#4506=DIRECTION('',(0.,0.978147600733806,-0.207911690817759));
#4507=DIRECTION('',(0.,0.207911690817759,0.978147600733806));
#4508=DIRECTION('',(0.,-0.978147600733806,-0.207911690817759));
#4509=DIRECTION('',(0.,0.207911690817759,-0.978147600733806));
#4510=DIRECTION('',(0.,0.978147600733806,-0.207911690817759));
#4511=DIRECTION('',(0.,0.207911690817759,0.978147600733806));
#4512=DIRECTION('',(0.,-0.998732276950641,-0.0503372523782195));
#4513=DIRECTION('',(0.,0.0503372523782195,-0.998732276950641));
#4514=DIRECTION('',(-1.,0.,0.));
#4515=DIRECTION('',(0.,0.998732276950641,-0.0503372523782192));
#4516=DIRECTION('',(0.,0.0503372523782192,0.998732276950641));
#4517=DIRECTION('',(-1.,0.,0.));
#4518=DIRECTION('',(-1.,0.,0.));
#4519=DIRECTION('',(0.,0.,1.));
#4520=DIRECTION('',(-1.,0.,0.));
#4521=DIRECTION('',(0.,0.,1.));
#4522=DIRECTION('',(-1.,0.,0.));
#4523=DIRECTION('',(-1.,0.,0.));
#4524=DIRECTION('',(0.,0.998732276950641,-0.0503372523782192));
#4525=DIRECTION('',(0.,0.0503372523782192,0.998732276950641));
#4526=DIRECTION('',(0.,-0.998732276950641,-0.0503372523782195));
#4527=DIRECTION('',(0.,0.0503372523782195,-0.998732276950641));
#4528=DIRECTION('',(0.,0.,1.));
#4529=DIRECTION('',(1.,0.,0.));
#4530=DIRECTION('',(0.,0.,1.));
#4531=DIRECTION('',(1.,0.,0.));
#4532=DIRECTION('',(-1.,0.,0.));
#4533=DIRECTION('',(0.,-1.,0.));
#4534=DIRECTION('',(-1.,0.,0.));
#4535=DIRECTION('',(0.,-1.,0.));
#4536=DIRECTION('',(1.,0.,0.));
#4537=DIRECTION('',(0.,0.,-1.));
#4538=DIRECTION('',(0.,0.,1.));
#4539=DIRECTION('',(0.,-1.,0.));
#4540=DIRECTION('',(0.,0.,1.));
#4541=DIRECTION('',(0.,0.,-1.));
#4542=DIRECTION('',(-1.,0.,0.));
#4543=DIRECTION('',(-1.,0.,0.));
#4544=DIRECTION('',(0.,1.,0.));
#4545=DIRECTION('',(1.,0.,0.));
#4546=DIRECTION('',(0.,1.,0.));
#4547=DIRECTION('',(0.707106781186548,0.707106781186547,0.));
#4548=DIRECTION('',(1.,0.,0.));
#4549=DIRECTION('',(0.707106781186548,-0.707106781186547,0.));
#4550=DIRECTION('',(0.,-1.,0.));
#4551=DIRECTION('',(1.,0.,0.));
#4552=DIRECTION('',(0.,-1.,0.));
#4553=DIRECTION('',(-1.,0.,0.));
#4554=DIRECTION('',(-1.75224593533011E-15,-1.,0.));
#4555=DIRECTION('',(-1.,0.,0.));
#4556=DIRECTION('',(0.,1.,0.));
#4557=DIRECTION('',(1.,0.,0.));
#4558=DIRECTION('',(0.,-1.,0.));
#4559=DIRECTION('',(1.,0.,0.));
#4560=DIRECTION('',(-1.,0.,0.));
#4561=DIRECTION('',(0.,0.,1.));
#4562=DIRECTION('',(0.,0.,-1.));
#4563=DIRECTION('',(0.,0.,-1.));
#4564=DIRECTION('',(0.,1.,0.));
#4565=DIRECTION('',(0.,0.,1.));
#4566=DIRECTION('',(0.,1.,0.));
#4567=DIRECTION('',(0.,0.,1.));
#4568=DIRECTION('',(-1.,0.,0.));
#4569=DIRECTION('',(0.,0.,1.));
#4570=DIRECTION('',(0.,0.,1.));
#4571=DIRECTION('',(0.,-1.,0.));
#4572=DIRECTION('',(0.,0.,1.));
#4573=DIRECTION('',(0.,-1.,0.));
#4574=DIRECTION('',(0.,0.,-1.));
#4575=DIRECTION('',(0.,0.,1.));
#4576=DIRECTION('',(1.,0.,0.));
#4577=DIRECTION('',(-1.,0.,0.));
#4578=DIRECTION('',(0.,0.,1.));
#4579=DIRECTION('',(0.,0.,1.));
#4580=DIRECTION('',(0.,-1.,0.));
#4581=DIRECTION('',(0.,-1.,0.));
#4582=DIRECTION('',(0.,0.,-1.));
#4583=DIRECTION('',(0.,0.,1.));
#4584=DIRECTION('',(1.,0.,0.));
#4585=DIRECTION('',(1.,-1.75224593533011E-15,0.));
#4586=DIRECTION('',(1.75224593533011E-15,1.,0.));
#4587=DIRECTION('',(0.,0.,1.));
#4588=DIRECTION('',(1.75224593533011E-15,1.,0.));
#4589=DIRECTION('',(0.,-1.,0.));
#4590=DIRECTION('',(0.,0.,-1.));
#4591=DIRECTION('',(0.,0.,1.));
#4592=DIRECTION('',(1.,0.,0.));
#4593=DIRECTION('',(1.,0.,0.));
#4594=DIRECTION('',(0.,0.,-1.));
#4595=DIRECTION('',(0.,0.,1.));
#4596=DIRECTION('',(0.,1.,0.));
#4597=DIRECTION('',(0.,1.,0.));
#4598=DIRECTION('',(0.,0.,1.));
#4599=DIRECTION('',(0.,0.,1.));
#4600=DIRECTION('',(-1.,0.,0.));
#4601=DIRECTION('',(1.,0.,0.));
#4602=DIRECTION('',(0.,0.,-1.));
#4603=DIRECTION('',(0.,0.,1.));
#4604=DIRECTION('',(0.,1.,0.));
#4605=DIRECTION('',(0.707106781186547,0.707106781186548,0.));
#4606=DIRECTION('',(-0.707106781186548,0.707106781186547,0.));
#4607=DIRECTION('',(0.,0.,1.));
#4608=DIRECTION('',(-0.707106781186548,0.707106781186547,0.));
#4609=DIRECTION('',(0.,1.,0.));
#4610=DIRECTION('',(0.,0.,1.));
#4611=DIRECTION('',(0.,0.,1.));
#4612=DIRECTION('',(-1.,0.,0.));
#4613=DIRECTION('',(-0.707106781186547,0.707106781186548,0.));
#4614=DIRECTION('',(-0.707106781186548,-0.707106781186547,0.));
#4615=DIRECTION('',(0.,0.,1.));
#4616=DIRECTION('',(-0.707106781186548,-0.707106781186547,0.));
#4617=DIRECTION('',(-1.,0.,0.));
#4618=DIRECTION('',(0.,0.,1.));
#4619=DIRECTION('',(0.,0.,1.));
#4620=DIRECTION('',(0.,-1.,0.));
#4621=DIRECTION('',(0.,1.,0.));
#4622=DIRECTION('',(0.,0.,1.));
#4623=DIRECTION('',(1.,0.,0.));
#4624=DIRECTION('',(0.,0.,1.));
#4625=DIRECTION('',(-1.,0.,0.));
#4626=DIRECTION('',(0.,0.,1.));
#4627=DIRECTION('',(1.,0.,0.));
#4628=DIRECTION('',(0.,0.,-1.));
#4629=DIRECTION('',(0.,-1.,0.));
#4630=DIRECTION('',(0.,0.,1.));
#4631=DIRECTION('',(0.,1.,0.));
#4632=DIRECTION('',(0.,-1.,0.));
#4633=DIRECTION('',(0.,0.,-1.));
#4634=DIRECTION('',(-1.,0.,0.));
#4635=DIRECTION('',(0.,0.,1.));
#4636=DIRECTION('',(1.,0.,0.));
#4637=DIRECTION('',(-1.,0.,0.));
#4638=DIRECTION('',(0.,0.,1.));
#4639=DIRECTION('',(0.,1.,0.));
#4640=DIRECTION('',(0.,-1.,0.));
#4641=DIRECTION('',(0.,1.,0.));
#4642=DIRECTION('',(0.,0.,1.));
#4643=DIRECTION('',(-1.,0.,0.));
#4644=DIRECTION('',(0.,0.,1.));
#4645=DIRECTION('',(1.,0.,0.));
#4646=DIRECTION('',(0.,0.,-1.));
#4647=DIRECTION('',(-1.,0.,0.));
#4648=DIRECTION('',(0.,0.,1.));
#4649=DIRECTION('',(1.,0.,0.));
#4650=DIRECTION('',(0.,1.,0.));
#4651=DIRECTION('',(0.,0.,1.));
#4652=DIRECTION('',(1.,0.,0.));
#4653=DIRECTION('',(0.,0.,-1.));
#4654=DIRECTION('',(-1.,0.,0.));
#4655=DIRECTION('',(0.,0.,1.));
#4656=DIRECTION('',(1.,0.,0.));
#4657=DIRECTION('',(0.,0.,-1.));
#4658=DIRECTION('',(-1.,0.,0.));
#4659=DIRECTION('',(0.,0.,1.));
#4660=DIRECTION('',(1.,0.,0.));
#4661=DIRECTION('',(0.,0.,-1.));
#4662=DIRECTION('',(1.,0.,0.));
#4663=DIRECTION('',(0.,0.,1.));
#4664=DIRECTION('',(-1.,0.,0.));
#4665=DIRECTION('',(0.,0.,-1.));
#4666=DIRECTION('',(1.,0.,0.));
#4667=DIRECTION('',(0.,0.,1.));
#4668=DIRECTION('',(-1.,0.,0.));
#4669=DIRECTION('',(0.,0.,-1.));
#4670=DIRECTION('',(1.,0.,0.));
#4671=DIRECTION('',(0.,0.,-1.));
#4672=DIRECTION('',(0.,-1.,0.));
#4673=DIRECTION('',(0.,0.,-1.));
#4674=DIRECTION('',(-1.,0.,0.));
#4675=DIRECTION('',(0.,0.,1.));
#4676=DIRECTION('',(-1.,0.,0.));
#4677=DIRECTION('',(0.,0.,1.));
#4678=DIRECTION('',(-1.,0.,0.));
#4679=DIRECTION('',(0.,0.,-1.));
#4680=DIRECTION('',(-1.,0.,0.));
#4681=DIRECTION('',(0.,0.,1.));
#4682=DIRECTION('',(-1.,0.,0.));
#4683=DIRECTION('',(0.,0.,-1.));
#4684=DIRECTION('',(-1.,0.,0.));
#4685=DIRECTION('',(0.,0.,1.));
#4686=DIRECTION('',(-1.,0.,0.));
#4687=DIRECTION('',(0.,0.,-1.));
#4688=DIRECTION('',(-1.,0.,0.));
#4689=DIRECTION('',(0.,0.,1.));
#4690=DIRECTION('',(-1.,0.,0.));
#4691=DIRECTION('',(0.,0.,-1.));
#4692=DIRECTION('',(-1.,0.,0.));
#4693=DIRECTION('',(0.,0.,1.));
#4694=DIRECTION('',(0.,-1.,0.));
#4695=DIRECTION('',(0.,0.,-1.));
#4696=DIRECTION('',(0.,0.,1.));
#4697=DIRECTION('',(-1.,0.,0.));
#4698=DIRECTION('',(0.,0.,-1.));
#4699=DIRECTION('',(-1.,0.,0.));
#4700=DIRECTION('',(0.,-1.,0.));
#4701=DIRECTION('',(0.,0.,-1.));
#4702=DIRECTION('',(0.,0.,1.));
#4703=DIRECTION('',(-1.,0.,0.));
#4704=DIRECTION('',(0.,0.,-1.));
#4705=DIRECTION('',(-1.,0.,0.));
#4706=DIRECTION('',(0.,1.04083408558609E-14,-1.));
#4707=DIRECTION('',(0.,1.,1.04083408558609E-14));
#4708=DIRECTION('',(0.,-1.,-1.04083408558609E-14));
#4709=DIRECTION('',(0.,1.,1.04083408558609E-14));
#4710=DIRECTION('',(-1.,0.,0.));
#4711=DIRECTION('',(0.,1.04083408558609E-14,-1.));
#4712=DIRECTION('',(0.,1.,1.04083408558609E-14));
#4713=DIRECTION('',(0.,-1.,-1.04083408558609E-14));
#4714=DIRECTION('',(0.,1.,1.04083408558609E-14));
#4715=DIRECTION('',(-1.,0.,0.));
#4716=DIRECTION('',(0.,1.,0.));
#4717=DIRECTION('',(0.,0.,1.));
#4718=DIRECTION('',(0.,0.,-1.));
#4719=DIRECTION('',(0.,0.,1.));
#4720=DIRECTION('',(-1.,0.,0.));
#4721=DIRECTION('',(0.,1.,0.));
#4722=DIRECTION('',(0.,0.,1.));
#4723=DIRECTION('',(0.,0.,-1.));
#4724=DIRECTION('',(0.,0.,1.));
#4725=DIRECTION('',(-1.,0.,0.));
#4726=DIRECTION('',(0.,0.873656344285281,0.486543515104332));
#4727=DIRECTION('',(0.,-0.486543515104332,0.873656344285281));
#4728=DIRECTION('',(0.,0.486543515104332,-0.873656344285281));
#4729=DIRECTION('',(0.,-0.486543515104332,0.873656344285281));
#4730=DIRECTION('',(-1.,0.,0.));
#4731=DIRECTION('',(0.,0.873656344285281,0.486543515104332));
#4732=DIRECTION('',(0.,-0.486543515104332,0.873656344285281));
#4733=DIRECTION('',(0.,0.486543515104332,-0.873656344285281));
#4734=DIRECTION('',(0.,-0.486543515104332,0.873656344285281));
#4735=DIRECTION('',(-1.,0.,0.));
#4736=DIRECTION('',(-1.,0.,0.));
#4737=DIRECTION('',(0.,0.,1.));
#4738=DIRECTION('',(-1.,0.,0.));
#4739=DIRECTION('',(1.,0.,0.));
#4740=DIRECTION('',(0.,0.,-1.));
#4741=DIRECTION('',(-1.,0.,0.));
#4742=DIRECTION('',(0.,0.,1.));
#4743=DIRECTION('',(-1.,0.,0.));
#4744=DIRECTION('',(0.,0.,1.));
#4745=DIRECTION('',(-1.,0.,0.));
#4746=DIRECTION('',(1.,0.,0.));
#4747=DIRECTION('',(0.,0.,-1.));
#4748=DIRECTION('',(-1.,0.,0.));
#4749=DIRECTION('',(0.,0.,1.));
#4750=DIRECTION('',(0.,0.90338167598258,-0.428837437147113));
#4751=DIRECTION('',(0.,0.428837437147113,0.90338167598258));
#4752=DIRECTION('',(0.,-0.428837437147113,-0.903381675982581));
#4753=DIRECTION('',(0.,0.428837437147113,0.903381675982581));
#4754=DIRECTION('',(-1.,0.,0.));
#4755=DIRECTION('',(0.,0.90338167598258,-0.428837437147113));
#4756=DIRECTION('',(0.,0.428837437147113,0.90338167598258));
#4757=DIRECTION('',(0.,-0.428837437147113,-0.903381675982581));
#4758=DIRECTION('',(0.,0.428837437147113,0.903381675982581));
#4759=DIRECTION('',(-1.,0.,0.));
#4760=DIRECTION('',(0.,1.,0.));
#4761=DIRECTION('',(0.,0.,1.));
#4762=DIRECTION('',(1.,0.,0.));
#4763=DIRECTION('',(0.,0.,-1.));
#4764=DIRECTION('',(0.,0.,1.));
#4765=DIRECTION('',(1.,0.,0.));
#4766=DIRECTION('',(0.,0.,-1.));
#4767=DIRECTION('',(0.,0.,1.));
#4768=DIRECTION('',(1.,0.,0.));
#4769=DIRECTION('',(0.,0.,-1.));
#4770=DIRECTION('',(-1.,0.,0.));
#4771=DIRECTION('',(0.,0.,-1.));
#4772=DIRECTION('',(0.,-1.,0.));
#4773=DIRECTION('',(0.,0.,-1.));
#4774=DIRECTION('',(-1.,0.,0.));
#4775=DIRECTION('',(0.,0.,1.));
#4776=DIRECTION('',(-1.,0.,0.));
#4777=DIRECTION('',(0.,0.,1.));
#4778=DIRECTION('',(-1.,0.,0.));
#4779=DIRECTION('',(0.,0.,-1.));
#4780=DIRECTION('',(-1.,0.,0.));
#4781=DIRECTION('',(0.,0.,1.));
#4782=DIRECTION('',(-1.,0.,0.));
#4783=DIRECTION('',(0.,0.,-1.));
#4784=DIRECTION('',(-1.,0.,0.));
#4785=DIRECTION('',(0.,0.,1.));
#4786=DIRECTION('',(0.,-0.924180336645061,-0.381956418140369));
#4787=DIRECTION('',(0.,0.381956418140369,-0.924180336645062));
#4788=DIRECTION('',(0.,-0.381956418140369,0.924180336645062));
#4789=DIRECTION('',(0.,0.381956418140369,-0.924180336645062));
#4790=DIRECTION('',(-1.,0.,0.));
#4791=DIRECTION('',(0.,-0.924180336645061,-0.381956418140369));
#4792=DIRECTION('',(0.,0.381956418140369,-0.924180336645062));
#4793=DIRECTION('',(0.,-0.381956418140369,0.924180336645062));
#4794=DIRECTION('',(0.,0.381956418140369,-0.924180336645062));
#4795=DIRECTION('',(-1.,0.,0.));
#4796=DIRECTION('',(-1.,0.,0.));
#4797=DIRECTION('',(0.,0.,1.));
#4798=DIRECTION('',(-1.,0.,0.));
#4799=DIRECTION('',(1.,0.,0.));
#4800=DIRECTION('',(0.,0.,-1.));
#4801=DIRECTION('',(-1.,0.,0.));
#4802=DIRECTION('',(0.,0.,1.));
#4803=DIRECTION('',(-1.,0.,0.));
#4804=DIRECTION('',(0.,0.,1.));
#4805=DIRECTION('',(-1.,0.,0.));
#4806=DIRECTION('',(1.,0.,0.));
#4807=DIRECTION('',(0.,0.,-1.));
#4808=DIRECTION('',(-1.,0.,0.));
#4809=DIRECTION('',(0.,0.,1.));
#4810=DIRECTION('',(0.,-0.873656344285281,0.486543515104331));
#4811=DIRECTION('',(0.,-0.486543515104331,-0.873656344285281));
#4812=DIRECTION('',(0.,0.486543515104331,0.873656344285281));
#4813=DIRECTION('',(0.,-0.486543515104331,-0.873656344285281));
#4814=DIRECTION('',(-1.,0.,0.));
#4815=DIRECTION('',(0.,-0.873656344285281,0.486543515104331));
#4816=DIRECTION('',(0.,-0.486543515104331,-0.873656344285281));
#4817=DIRECTION('',(0.,0.486543515104331,0.873656344285281));
#4818=DIRECTION('',(0.,-0.486543515104331,-0.873656344285281));
#4819=DIRECTION('',(-1.,0.,0.));
#4820=DIRECTION('',(0.,-1.,0.));
#4821=DIRECTION('',(0.,0.,-1.));
#4822=DIRECTION('',(0.,0.,1.));
#4823=DIRECTION('',(0.,0.,-1.));
#4824=DIRECTION('',(-1.,0.,0.));
#4825=DIRECTION('',(0.,-1.,0.));
#4826=DIRECTION('',(0.,0.,-1.));
#4827=DIRECTION('',(0.,0.,1.));
#4828=DIRECTION('',(0.,0.,-1.));
#4829=DIRECTION('',(-1.,0.,0.));
#4830=DIRECTION('',(0.,0.,-1.));
#4831=DIRECTION('',(-1.,0.,0.));
#4832=DIRECTION('',(0.,-1.,0.));
#4833=DIRECTION('',(0.,1.,0.));
#4834=DIRECTION('',(-1.,0.,0.));
#4835=DIRECTION('',(0.,0.,-1.));
#4836=DIRECTION('',(-1.,0.,0.));
#4837=DIRECTION('',(0.,-1.,0.));
#4838=DIRECTION('',(0.,1.,0.));
#4839=DIRECTION('',(-1.,0.,0.));
#4840=DIRECTION('',(0.,1.,0.));
#4841=DIRECTION('',(0.,0.,1.));
#4842=DIRECTION('',(0.,0.,-1.));
#4843=DIRECTION('',(0.,0.,1.));
#4844=DIRECTION('',(-1.,0.,0.));
#4845=DIRECTION('',(0.,1.,0.));
#4846=DIRECTION('',(0.,0.,1.));
#4847=DIRECTION('',(0.,0.,-1.));
#4848=DIRECTION('',(0.,0.,1.));
#4849=DIRECTION('',(-1.,0.,0.));
#4850=DIRECTION('',(0.,0.863559354576795,-0.504247202394727));
#4851=DIRECTION('',(0.,0.504247202394727,0.863559354576796));
#4852=DIRECTION('',(0.,-0.504247202394727,-0.863559354576795));
#4853=DIRECTION('',(0.,0.504247202394727,0.863559354576795));
#4854=DIRECTION('',(-1.,0.,0.));
#4855=DIRECTION('',(0.,0.863559354576795,-0.504247202394727));
#4856=DIRECTION('',(0.,0.504247202394727,0.863559354576796));
#4857=DIRECTION('',(0.,-0.504247202394727,-0.863559354576795));
#4858=DIRECTION('',(0.,0.504247202394727,0.863559354576795));
#4859=DIRECTION('',(-1.,0.,0.));
#4860=DIRECTION('',(-1.,0.,0.));
#4861=DIRECTION('',(0.,0.,1.));
#4862=DIRECTION('',(1.,0.,0.));
#4863=DIRECTION('',(0.,0.,-1.));
#4864=DIRECTION('',(-1.,0.,0.));
#4865=DIRECTION('',(0.,0.,1.));
#4866=DIRECTION('',(-1.,0.,0.));
#4867=DIRECTION('',(-1.,0.,0.));
#4868=DIRECTION('',(0.,0.,1.));
#4869=DIRECTION('',(1.,0.,0.));
#4870=DIRECTION('',(0.,0.,-1.));
#4871=DIRECTION('',(-1.,0.,0.));
#4872=DIRECTION('',(0.,0.,1.));
#4873=DIRECTION('',(-1.,0.,0.));
#4874=DIRECTION('',(0.,0.922533616079044,0.385916736102651));
#4875=DIRECTION('',(0.,-0.385916736102651,0.922533616079044));
#4876=DIRECTION('',(0.,0.385916736102651,-0.922533616079044));
#4877=DIRECTION('',(0.,-0.385916736102651,0.922533616079044));
#4878=DIRECTION('',(0.,0.922533616079044,0.385916736102651));
#4879=DIRECTION('',(0.,-0.385916736102651,0.922533616079044));
#4880=DIRECTION('',(0.,0.385916736102651,-0.922533616079044));
#4881=DIRECTION('',(0.,-0.385916736102651,0.922533616079044));
#4882=DIRECTION('',(0.,-0.901059183596954,0.433696146692118));
#4883=DIRECTION('',(0.,-0.433696146692118,-0.901059183596954));
#4884=DIRECTION('',(0.,0.433696146692118,0.901059183596954));
#4885=DIRECTION('',(0.,-0.433696146692118,-0.901059183596954));
#4886=DIRECTION('',(-1.,0.,0.));
#4887=DIRECTION('',(0.,-0.901059183596954,0.433696146692118));
#4888=DIRECTION('',(0.,-0.433696146692118,-0.901059183596954));
#4889=DIRECTION('',(0.,0.433696146692118,0.901059183596954));
#4890=DIRECTION('',(0.,-0.433696146692118,-0.901059183596954));
#4891=DIRECTION('',(-1.,0.,0.));
#4892=DIRECTION('',(-1.,0.,0.));
#4893=DIRECTION('',(0.,0.,1.));
#4894=DIRECTION('',(1.,0.,0.));
#4895=DIRECTION('',(0.,0.,-1.));
#4896=DIRECTION('',(-1.,0.,0.));
#4897=DIRECTION('',(0.,0.,1.));
#4898=DIRECTION('',(-1.,0.,0.));
#4899=DIRECTION('',(-1.,0.,0.));
#4900=DIRECTION('',(0.,0.,1.));
#4901=DIRECTION('',(1.,0.,0.));
#4902=DIRECTION('',(0.,0.,-1.));
#4903=DIRECTION('',(-1.,0.,0.));
#4904=DIRECTION('',(0.,0.,1.));
#4905=DIRECTION('',(-1.,0.,0.));
#4906=DIRECTION('',(0.,-0.863559354576795,-0.504247202394727));
#4907=DIRECTION('',(0.,0.504247202394727,-0.863559354576795));
#4908=DIRECTION('',(0.,-0.504247202394727,0.863559354576795));
#4909=DIRECTION('',(0.,0.504247202394727,-0.863559354576795));
#4910=DIRECTION('',(0.,-0.863559354576795,-0.504247202394727));
#4911=DIRECTION('',(0.,0.504247202394727,-0.863559354576795));
#4912=DIRECTION('',(0.,-0.504247202394727,0.863559354576795));
#4913=DIRECTION('',(0.,0.504247202394727,-0.863559354576795));
#4914=DIRECTION('',(1.,0.,0.));
#4915=DIRECTION('',(0.,0.,-1.));
#4916=DIRECTION('',(0.,-1.,0.));
#4917=DIRECTION('',(0.,-1.,0.));
#4918=DIRECTION('',(0.,-1.,0.));
#4919=DIRECTION('',(0.,-1.,0.));
#4920=DIRECTION('',(0.,0.,1.));
#4921=DIRECTION('',(0.,1.,8.70146205847115E-16));
#4922=DIRECTION('',(0.,0.,-1.));
#4923=DIRECTION('',(0.,-1.,0.));
#4924=DIRECTION('',(1.,0.,0.));
#4925=DIRECTION('',(0.,0.,-1.));
#4926=DIRECTION('',(0.,-1.,0.));
#4927=DIRECTION('',(0.,-1.,0.));
#4928=DIRECTION('',(0.,0.,-1.));
#4929=DIRECTION('',(0.,1.,8.70146205847115E-16));
#4930=DIRECTION('',(0.,0.,1.));
#4931=DIRECTION('',(0.,-1.,0.));
#4932=DIRECTION('',(0.,-1.,0.));
#4933=DIRECTION('',(0.,-1.,0.));
#4934=DIRECTION('',(0.,0.,-1.));
#4935=DIRECTION('',(-1.,0.,0.));
#4936=DIRECTION('',(0.,-1.,0.));
#4937=DIRECTION('',(0.,1.,0.));
#4938=DIRECTION('',(-1.,0.,0.));
#4939=DIRECTION('',(0.,0.,-1.));
#4940=DIRECTION('',(-1.,0.,0.));
#4941=DIRECTION('',(0.,-1.,0.));
#4942=DIRECTION('',(0.,1.,0.));
#4943=DIRECTION('',(-1.,0.,0.));
#4944=DIRECTION('',(0.,1.,0.));
#4945=DIRECTION('',(0.,0.,1.));
#4946=DIRECTION('',(0.,0.,-1.));
#4947=DIRECTION('',(0.,0.,1.));
#4948=DIRECTION('',(-1.,0.,0.));
#4949=DIRECTION('',(0.,1.,0.));
#4950=DIRECTION('',(0.,0.,1.));
#4951=DIRECTION('',(0.,0.,-1.));
#4952=DIRECTION('',(0.,0.,1.));
#4953=DIRECTION('',(-1.,0.,0.));
#4954=DIRECTION('',(0.,0.,1.));
#4955=DIRECTION('',(1.,0.,0.));
#4956=DIRECTION('',(0.,-1.,0.));
#4957=DIRECTION('',(0.,1.,0.));
#4958=DIRECTION('',(-1.,0.,0.));
#4959=DIRECTION('',(0.,0.,1.));
#4960=DIRECTION('',(1.,0.,0.));
#4961=DIRECTION('',(0.,-1.,0.));
#4962=DIRECTION('',(0.,1.,0.));
#4963=DIRECTION('',(-1.,0.,0.));
#4964=DIRECTION('',(0.,-1.,0.));
#4965=DIRECTION('',(0.,0.,-1.));
#4966=DIRECTION('',(0.,0.,1.));
#4967=DIRECTION('',(0.,0.,-1.));
#4968=DIRECTION('',(-1.,0.,0.));
#4969=DIRECTION('',(0.,-1.,0.));
#4970=DIRECTION('',(0.,0.,-1.));
#4971=DIRECTION('',(0.,0.,1.));
#4972=DIRECTION('',(0.,0.,-1.));
#4973=DIRECTION('',(-1.,0.,0.));
#4974=DIRECTION('',(0.,0.,1.));
#4975=DIRECTION('',(1.,0.,0.));
#4976=DIRECTION('',(0.,1.,0.));
#4977=DIRECTION('',(0.,-1.,0.));
#4978=DIRECTION('',(-1.,0.,0.));
#4979=DIRECTION('',(0.,0.,1.));
#4980=DIRECTION('',(1.,0.,0.));
#4981=DIRECTION('',(0.,1.,0.));
#4982=DIRECTION('',(0.,-1.,0.));
#4983=DIRECTION('',(-1.,0.,0.));
#4984=DIRECTION('',(0.,-1.,0.));
#4985=DIRECTION('',(0.,0.,-1.));
#4986=DIRECTION('',(0.,0.,1.));
#4987=DIRECTION('',(0.,0.,-1.));
#4988=DIRECTION('',(-1.,0.,0.));
#4989=DIRECTION('',(0.,0.,1.));
#4990=DIRECTION('',(0.,0.,-1.));
#4991=DIRECTION('',(-1.,0.,0.));
#4992=DIRECTION('',(-1.,0.,0.));
#4993=DIRECTION('',(-1.,0.,0.));
#4994=DIRECTION('',(0.,1.,0.));
#4995=DIRECTION('',(0.,0.,1.));
#4996=DIRECTION('',(0.,0.,1.));
#4997=DIRECTION('',(-1.,0.,0.));
#4998=DIRECTION('',(0.,0.,-1.));
#4999=DIRECTION('',(1.,0.,0.));
#5000=DIRECTION('',(0.,0.,1.));
#5001=DIRECTION('',(-1.,0.,0.));
#5002=DIRECTION('',(0.,0.,-1.));
#5003=DIRECTION('',(1.,0.,0.));
#5004=DIRECTION('',(-1.,0.,0.));
#5005=DIRECTION('',(1.,0.,0.));
#5006=DIRECTION('',(0.,0.,1.));
#5007=DIRECTION('',(1.,0.,0.));
#5008=DIRECTION('',(0.,1.,0.));
#5009=DIRECTION('',(0.,-1.,0.));
#5010=DIRECTION('',(-1.,0.,0.));
#5011=DIRECTION('',(0.,0.,1.));
#5012=DIRECTION('',(1.,0.,0.));
#5013=DIRECTION('',(0.,1.,0.));
#5014=DIRECTION('',(0.,-1.,0.));
#5015=DIRECTION('',(-1.,0.,0.));
#5016=DIRECTION('',(0.,1.,0.));
#5017=DIRECTION('',(0.,0.,1.));
#5018=DIRECTION('',(0.,0.,-1.));
#5019=DIRECTION('',(0.,0.,1.));
#5020=DIRECTION('',(-1.,0.,0.));
#5021=DIRECTION('',(0.,1.,0.));
#5022=DIRECTION('',(0.,0.,1.));
#5023=DIRECTION('',(0.,0.,-1.));
#5024=DIRECTION('',(0.,0.,1.));
#5025=DIRECTION('',(-1.,0.,0.));
#5026=DIRECTION('',(0.,0.,1.));
#5027=DIRECTION('',(1.,0.,0.));
#5028=DIRECTION('',(0.,-1.,0.));
#5029=DIRECTION('',(0.,1.,0.));
#5030=DIRECTION('',(-1.,0.,0.));
#5031=DIRECTION('',(0.,0.,1.));
#5032=DIRECTION('',(1.,0.,0.));
#5033=DIRECTION('',(0.,-1.,0.));
#5034=DIRECTION('',(0.,1.,0.));
#5035=DIRECTION('',(-1.,0.,0.));
#5036=DIRECTION('',(0.,-1.,-6.8566145295526E-16));
#5037=DIRECTION('',(0.,6.8566145295526E-16,-1.));
#5038=DIRECTION('',(0.,-6.8566145295526E-16,1.));
#5039=DIRECTION('',(0.,6.8566145295526E-16,-1.));
#5040=DIRECTION('',(-1.,0.,0.));
#5041=DIRECTION('',(0.,-1.,-6.8566145295526E-16));
#5042=DIRECTION('',(0.,6.8566145295526E-16,-1.));
#5043=DIRECTION('',(0.,-6.8566145295526E-16,1.));
#5044=DIRECTION('',(0.,6.8566145295526E-16,-1.));
#5045=DIRECTION('',(-1.,0.,0.));
#5046=DIRECTION('',(0.,0.,-1.));
#5047=DIRECTION('',(-1.,0.,0.));
#5048=DIRECTION('',(0.,-1.,0.));
#5049=DIRECTION('',(0.,1.,0.));
#5050=DIRECTION('',(0.,0.,-1.));
#5051=DIRECTION('',(-1.,0.,0.));
#5052=DIRECTION('',(0.,-1.,0.));
#5053=DIRECTION('',(0.,1.,0.));
#5054=DIRECTION('',(0.,0.,-1.));
#5055=DIRECTION('',(-1.,0.,0.));
#5056=DIRECTION('',(0.,-8.70146205847115E-16,1.));
#5057=DIRECTION('',(0.,-1.,-8.70146205847115E-16));
#5058=DIRECTION('',(0.,0.,1.));
#5059=DIRECTION('',(1.,0.,0.));
#5060=DIRECTION('',(0.,1.,0.));
#5061=DIRECTION('',(-1.,0.,0.));
#5062=DIRECTION('',(0.,0.,1.));
#5063=DIRECTION('',(0.,0.,1.));
#5064=DIRECTION('',(1.,0.,0.));
#5065=DIRECTION('',(0.,1.,0.));
#5066=DIRECTION('',(-1.,0.,0.));
#5067=DIRECTION('',(0.,0.,1.));
#5068=DIRECTION('',(0.,0.,1.));
#5069=DIRECTION('',(1.,0.,0.));
#5070=DIRECTION('',(0.,-1.,0.));
#5071=DIRECTION('',(1.,0.,0.));
#5072=DIRECTION('',(0.,0.,-1.));
#5073=DIRECTION('',(0.,0.,1.));
#5074=DIRECTION('',(1.,0.,0.));
#5075=DIRECTION('',(0.,-1.,0.));
#5076=DIRECTION('',(1.,0.,0.));
#5077=DIRECTION('',(0.,0.,-1.));
#5078=DIRECTION('',(0.,0.,1.));
#5079=DIRECTION('',(1.,0.,0.));
#5080=DIRECTION('',(0.,-1.,0.));
#5081=DIRECTION('',(0.,1.,0.));
#5082=DIRECTION('',(1.,0.,0.));
#5083=DIRECTION('',(0.,0.,-1.));
#5084=DIRECTION('',(-1.,0.,0.));
#5085=DIRECTION('',(0.,0.,1.));
#5086=DIRECTION('',(-1.,0.,0.));
#5087=DIRECTION('',(0.,0.,1.));
#5088=DIRECTION('',(0.,1.,0.));
#5089=DIRECTION('',(1.,0.,0.));
#5090=DIRECTION('',(0.,0.,-1.));
#5091=DIRECTION('',(0.,-1.,0.));
#5092=DIRECTION('',(0.,0.,1.));
#5093=DIRECTION('',(1.,0.,0.));
#5094=DIRECTION('',(0.,0.,1.));
#5095=DIRECTION('',(1.,0.,0.));
#5096=DIRECTION('',(0.,-1.,0.));
#5097=DIRECTION('',(-1.,0.,0.));
#5098=DIRECTION('',(0.,0.,1.));
#5099=DIRECTION('',(0.,0.,1.));
#5100=DIRECTION('',(1.,0.,0.));
#5101=DIRECTION('',(0.,-1.,0.));
#5102=DIRECTION('',(-1.,0.,0.));
#5103=DIRECTION('',(0.,0.,1.));
#5104=DIRECTION('',(0.,0.,1.));
#5105=DIRECTION('',(1.,0.,0.));
#5106=DIRECTION('',(0.,-1.,0.));
#5107=DIRECTION('',(1.,0.,0.));
#5108=DIRECTION('',(0.,0.,-1.));
#5109=DIRECTION('',(0.,0.,1.));
#5110=DIRECTION('',(1.,0.,0.));
#5111=DIRECTION('',(0.,-1.,0.));
#5112=DIRECTION('',(1.,0.,0.));
#5113=DIRECTION('',(0.,0.,-1.));
#5114=DIRECTION('',(1.,0.,0.));
#5115=DIRECTION('',(0.,0.,-1.));
#5116=DIRECTION('',(0.,-1.,0.));
#5117=DIRECTION('',(-1.,0.,0.));
#5118=DIRECTION('',(0.,0.,1.));
#5119=DIRECTION('',(0.,-1.,0.));
#5120=DIRECTION('',(0.,0.,1.));
#5121=DIRECTION('',(1.,0.,0.));
#5122=DIRECTION('',(0.,0.,1.));
#5123=DIRECTION('',(1.,0.,0.));
#5124=DIRECTION('',(0.,-1.,0.));
#5125=DIRECTION('',(0.,-1.,0.));
#5126=DIRECTION('',(-1.,0.,0.));
#5127=DIRECTION('',(0.,0.,1.));
#5128=DIRECTION('',(1.,0.,0.));
#5129=DIRECTION('',(0.,0.,-1.));
#5130=DIRECTION('',(0.,0.,1.));
#5131=DIRECTION('',(1.,0.,0.));
#5132=CARTESIAN_POINT('',(0.,0.,0.));
#5133=CARTESIAN_POINT('',(-6.,11.,8.));
#5134=CARTESIAN_POINT('',(-6.,6.31731366714262,8.23601276256413));
#5135=CARTESIAN_POINT('',(-6.,5.4953963179842,-8.0715));
#5136=CARTESIAN_POINT('',(-6.,5.499,-8.));
#5137=CARTESIAN_POINT('',(-6.,5.499,-8.0715));
#5138=CARTESIAN_POINT('',(-6.,4.0326036820158,-8.0715));
#5139=CARTESIAN_POINT('',(-6.,3.24228837257838,7.60900243530803));
#5140=CARTESIAN_POINT('',(-6.,4.029,-8.));
#5141=CARTESIAN_POINT('',(-6.,11.,-8.));
#5142=CARTESIAN_POINT('',(-6.,0.,-8.));
#5143=CARTESIAN_POINT('',(-6.,0.,8.));
#5144=CARTESIAN_POINT('',(-6.,0.,8.));
#5145=CARTESIAN_POINT('',(-6.,11.,8.));
#5146=CARTESIAN_POINT('',(-6.,11.,8.));
#5147=CARTESIAN_POINT('',(-6.,11.,8.));
#5148=CARTESIAN_POINT('',(-6.,11.,-8.));
#5149=CARTESIAN_POINT('',(-6.,11.,-8.));
#5150=CARTESIAN_POINT('',(6.,0.,8.));
#5151=CARTESIAN_POINT('',(6.,6.28944143839575,7.68300493704961));
#5152=CARTESIAN_POINT('',(6.,5.499,-8.));
#5153=CARTESIAN_POINT('',(6.,5.4953963179842,-8.0715));
#5154=CARTESIAN_POINT('',(6.,0.,-8.));
#5155=CARTESIAN_POINT('',(6.,11.,-8.));
#5156=CARTESIAN_POINT('',(6.,11.,8.));
#5157=CARTESIAN_POINT('',(6.,11.,8.));
#5158=CARTESIAN_POINT('',(6.,0.,8.));
#5159=CARTESIAN_POINT('',(6.,0.,8.));
#5160=CARTESIAN_POINT('',(6.,0.,8.));
#5161=CARTESIAN_POINT('',(6.,0.,-8.));
#5162=CARTESIAN_POINT('',(6.,0.,-8.));
#5163=CARTESIAN_POINT('',(6.,4.029,-8.));
#5164=CARTESIAN_POINT('',(6.,3.2144161438315,8.16201026082255));
#5165=CARTESIAN_POINT('',(6.,4.0326036820158,-8.0715));
#5166=CARTESIAN_POINT('',(6.,5.499,-8.0715));
#5167=CARTESIAN_POINT('',(-6.,5.499,-12.4342135462504));
#5168=CARTESIAN_POINT('',(-6.00562491787597,5.27579405321071,-12.4285886283744));
#5169=CARTESIAN_POINT('',(-6.,5.27551055089756,-12.4342135462504));
#5170=CARTESIAN_POINT('',(-7.22710677312518,5.33735813984544,-11.2071067731252));
#5171=CARTESIAN_POINT('',(-6.,5.499,-12.4342135462504));
#5172=CARTESIAN_POINT('',(-6.,4.25248944910244,-12.4342135462504));
#5173=CARTESIAN_POINT('',(-5.96862706714574,4.25407068090537,-12.4655864791046));
#5174=CARTESIAN_POINT('',(-7.22710677312518,4.19064186015456,-11.2071067731252));
#5175=CARTESIAN_POINT('',(-7.22710677312518,5.499,-11.2071067731252));
#5176=CARTESIAN_POINT('',(-6.5200010578724,5.499,-10.4999989260065));
#5177=CARTESIAN_POINT('',(-6.5200010578724,5.37299718644531,-10.4999989260065));
#5178=CARTESIAN_POINT('',(-6.95703729407313,5.41833019070608,-9.6005550265622));
#5179=CARTESIAN_POINT('',(-6.5200010578724,4.15500281355469,-10.4999989260065));
#5180=CARTESIAN_POINT('',(-6.95703729407313,4.10966980929392,-9.6005550265622));
#5181=CARTESIAN_POINT('',(-6.95703729407313,5.499,-9.6005550265622));
#5182=CARTESIAN_POINT('',(-7.69999999999974,5.499,-8.07150093412393));
#5183=CARTESIAN_POINT('',(-7.69999999999974,5.49539627090329,-8.07150093412393));
#5184=CARTESIAN_POINT('',(-7.69999999999974,4.03260372909671,-8.07150093412393));
#5185=CARTESIAN_POINT('',(-5.62,5.499,-8.));
#5186=CARTESIAN_POINT('',(-5.62,5.499,-8.));
#5187=CARTESIAN_POINT('',(-5.61999999999992,5.499,-8.));
#5188=CARTESIAN_POINT('',(-5.62,5.4953963179842,-8.0715));
#5189=CARTESIAN_POINT('',(-5.62,5.499,-8.));
#5190=CARTESIAN_POINT('',(-5.62,4.029,-8.));
#5191=CARTESIAN_POINT('',(-5.62,4.03272474329617,-8.07390195486421));
#5192=CARTESIAN_POINT('',(-5.62,4.0326036820158,-8.0715));
#5193=CARTESIAN_POINT('',(-5.62,5.499,-8.0715));
#5194=CARTESIAN_POINT('',(-7.69999999999992,5.499,-8.07150057915726));
#5195=CARTESIAN_POINT('',(-7.69999999999992,5.49539628879401,-8.07150057915726));
#5196=CARTESIAN_POINT('',(-6.79096349906682,5.40110366759608,-9.94234334111544));
#5197=CARTESIAN_POINT('',(-7.69999999999992,4.03260371120599,-8.07150057915726));
#5198=CARTESIAN_POINT('',(-6.79096349906682,4.12689633240392,-9.94234334111544));
#5199=CARTESIAN_POINT('',(-6.79096349906682,5.499,-9.94234334111544));
#5200=CARTESIAN_POINT('',(-6.52000129676465,5.499,-10.4999986871165));
#5201=CARTESIAN_POINT('',(-6.95840619627429,5.499,-10.9384061962743));
#5202=CARTESIAN_POINT('',(-6.95840619627429,5.35090095713819,-10.9384061962743));
#5203=CARTESIAN_POINT('',(-6.95840619627429,4.17709904286181,-10.9384061962743));
#5204=CARTESIAN_POINT('',(-6.52000129676465,5.37299719848564,-10.4999986871165));
#5205=CARTESIAN_POINT('',(-6.52000129676465,4.15500280151436,-10.4999986871165));
#5206=CARTESIAN_POINT('',(-6.95840619627429,5.499,-10.9384061962743));
#5207=CARTESIAN_POINT('',(-6.96213364272401,5.35108882471492,-10.9346787498246));
#5208=CARTESIAN_POINT('',(-5.62,5.28344374959492,-12.2768123925486));
#5209=CARTESIAN_POINT('',(-6.92513579199378,4.17877590940116,-10.9716766005548));
#5210=CARTESIAN_POINT('',(-5.62,4.24455625040509,-12.2768123925486));
#5211=CARTESIAN_POINT('',(-5.62,5.499,-12.2768123925486));
#5212=CARTESIAN_POINT('',(-5.62,5.499,-12.2768123925486));
#5213=CARTESIAN_POINT('',(-5.62,5.28398993442393,-12.2659756386111));
#5214=CARTESIAN_POINT('',(-5.62,5.26336613847532,-12.6751686261891));
#5215=CARTESIAN_POINT('',(-5.62,4.24773480887225,-12.3398775934753));
#5216=CARTESIAN_POINT('',(-5.62,4.26463386152468,-12.6751686261891));
#5217=CARTESIAN_POINT('',(-5.62,4.764,-12.65));
#5218=CARTESIAN_POINT('',(-6.,5.499,-13.15));
#5219=CARTESIAN_POINT('',(-6.,5.24009179078184,-13.1369507292685));
#5220=CARTESIAN_POINT('',(-6.,5.26336613847532,-12.6751686261891));
#5221=CARTESIAN_POINT('',(-6.,4.764,-12.65));
#5222=CARTESIAN_POINT('',(-6.,4.26463386152468,-12.6751686261891));
#5223=CARTESIAN_POINT('',(-6.,4.29163295251434,-13.2108526841327));
#5224=CARTESIAN_POINT('',(5.62,5.499,-13.15));
#5225=CARTESIAN_POINT('',(5.62,5.24009179078184,-13.1369507292685));
#5226=CARTESIAN_POINT('',(5.62,5.26336613847532,-12.6751686261891));
#5227=CARTESIAN_POINT('',(5.62,5.28344374959492,-12.2768123925486));
#5228=CARTESIAN_POINT('',(5.62,4.764,-12.65));
#5229=CARTESIAN_POINT('',(5.62,4.26463386152468,-12.6751686261891));
#5230=CARTESIAN_POINT('',(5.62,4.29163295251434,-13.2108526841327));
#5231=CARTESIAN_POINT('',(5.62,4.24455625040509,-12.2768123925486));
#5232=CARTESIAN_POINT('',(5.62,5.499,-12.2768123925486));
#5233=CARTESIAN_POINT('',(5.62,5.499,-12.2768123925486));
#5234=CARTESIAN_POINT('',(5.62542525032412,5.28371718843441,-12.2713871422245));
#5235=CARTESIAN_POINT('',(6.9584061962743,5.35090095713819,-10.9384061962743));
#5236=CARTESIAN_POINT('',(5.58842739959389,4.24614754568167,-12.3083849929547));
#5237=CARTESIAN_POINT('',(6.9584061962743,4.17709904286181,-10.9384061962743));
#5238=CARTESIAN_POINT('',(6.9584061962743,5.499,-10.9384061962743));
#5239=CARTESIAN_POINT('',(6.52000129676466,5.499,-10.4999986871165));
#5240=CARTESIAN_POINT('',(6.79096349906682,5.499,-9.94234334111544));
#5241=CARTESIAN_POINT('',(6.79096349906682,5.40110366759608,-9.94234334111544));
#5242=CARTESIAN_POINT('',(6.79096349906682,4.12689633240392,-9.94234334111544));
#5243=CARTESIAN_POINT('',(6.52000129676466,5.37299719848564,-10.4999986871165));
#5244=CARTESIAN_POINT('',(6.52000129676466,4.15500280151436,-10.4999986871165));
#5245=CARTESIAN_POINT('',(7.69999999999992,5.499,-8.07150057915726));
#5246=CARTESIAN_POINT('',(7.69999999999992,5.49539628879401,-8.07150057915726));
#5247=CARTESIAN_POINT('',(5.62,5.4953963179842,-8.0715));
#5248=CARTESIAN_POINT('',(7.69999999999992,4.03260371120599,-8.07150057915726));
#5249=CARTESIAN_POINT('',(5.62,4.0326036820158,-8.0715));
#5250=CARTESIAN_POINT('',(5.62,5.499,-8.0715));
#5251=CARTESIAN_POINT('',(5.62,5.499,-8.0715));
#5252=CARTESIAN_POINT('',(5.62,5.49540544913416,-8.07131883051315));
#5253=CARTESIAN_POINT('',(5.61999999999992,5.499,-8.));
#5254=CARTESIAN_POINT('',(5.62,4.03631929416202,-8.14522078537736));
#5255=CARTESIAN_POINT('',(5.61999999999992,4.029,-8.));
#5256=CARTESIAN_POINT('',(5.62,5.499,-8.));
#5257=CARTESIAN_POINT('',(7.69999999999974,5.499,-8.07150093412393));
#5258=CARTESIAN_POINT('',(6.95703729407313,5.499,-9.6005550265622));
#5259=CARTESIAN_POINT('',(6.95703729407313,5.41833019070608,-9.6005550265622));
#5260=CARTESIAN_POINT('',(6.95703729407313,4.10966980929392,-9.6005550265622));
#5261=CARTESIAN_POINT('',(7.69999999999974,5.49539627090329,-8.07150093412393));
#5262=CARTESIAN_POINT('',(7.69999999999974,4.03260372909671,-8.07150093412393));
#5263=CARTESIAN_POINT('',(6.5200010578724,5.499,-10.4999989260065));
#5264=CARTESIAN_POINT('',(6.5200010578724,5.37299718644531,-10.4999989260065));
#5265=CARTESIAN_POINT('',(7.22710677312518,5.33735813984544,-11.2071067731252));
#5266=CARTESIAN_POINT('',(6.5200010578724,4.15500281355469,-10.4999989260065));
#5267=CARTESIAN_POINT('',(7.22710677312518,4.19064186015456,-11.2071067731252));
#5268=CARTESIAN_POINT('',(7.22710677312518,5.499,-11.2071067731252));
#5269=CARTESIAN_POINT('',(7.22710677312518,5.499,-11.2071067731252));
#5270=CARTESIAN_POINT('',(7.23117507340664,5.33756318684627,-11.2030384728437));
#5271=CARTESIAN_POINT('',(6.,5.27551055089756,-12.4342135462504));
#5272=CARTESIAN_POINT('',(7.19417722267641,4.19230154726981,-11.2400363235739));
#5273=CARTESIAN_POINT('',(6.,4.25248944910244,-12.4342135462504));
#5274=CARTESIAN_POINT('',(6.,5.499,-12.4342135462504));
#5275=CARTESIAN_POINT('',(6.,5.499,-12.4342135462504));
#5276=CARTESIAN_POINT('',(6.,5.27607683717464,-12.4229779631346));
#5277=CARTESIAN_POINT('',(6.,5.26336613847532,-12.6751686261891));
#5278=CARTESIAN_POINT('',(6.,4.25564790612153,-12.4968799179988));
#5279=CARTESIAN_POINT('',(6.,4.26463386152468,-12.6751686261891));
#5280=CARTESIAN_POINT('',(6.,4.764,-12.65));
#5281=CARTESIAN_POINT('',(-4.23575708655954,6.3,7.68568391777512));
#5282=CARTESIAN_POINT('',(-4.23297283458557,6.33798870199692,7.67872279123473));
#5283=CARTESIAN_POINT('',(-4.16148881811189,6.3,7.5));
#5284=CARTESIAN_POINT('',(-2.93596966213372,5.64872319289566,4.43598352369192));
#5285=CARTESIAN_POINT('',(-4.23575708655954,6.3,7.68568391777512));
#5286=CARTESIAN_POINT('',(-4.23575708655954,6.3,7.68568391777512));
#5287=CARTESIAN_POINT('',(-4.23575708655954,6.3,7.68568391777512));
#5288=CARTESIAN_POINT('',(-4.23575708655954,3.1,7.68568391777512));
#5289=CARTESIAN_POINT('',(-4.23575708655954,3.1,7.68568391777512));
#5290=CARTESIAN_POINT('',(-4.16148881811189,3.1,7.5));
#5291=CARTESIAN_POINT('',(-4.0072322177168,3.18197647967395,7.11433098545688));
#5292=CARTESIAN_POINT('',(-2.93596966213372,3.75127680710434,4.43598352369192));
#5293=CARTESIAN_POINT('',(-2.93596966213372,6.3,4.43598352369192));
#5294=CARTESIAN_POINT('',(-2.93596966213372,6.3,4.43598352369192));
#5295=CARTESIAN_POINT('',(-2.93596640386305,5.67687611203246,4.5684325947326));
#5296=CARTESIAN_POINT('',(-2.93598290973479,5.5342579813872,3.89746704314142));
#5297=CARTESIAN_POINT('',(-2.9359824131329,3.86145115565929,3.91765396618813));
#5298=CARTESIAN_POINT('',(-2.93598290973479,3.8657420186128,3.89746704314142));
#5299=CARTESIAN_POINT('',(-2.93598290973479,6.3,3.89746704314142));
#5300=CARTESIAN_POINT('',(-2.93598290973479,6.3,3.89746704314142));
#5301=CARTESIAN_POINT('',(-2.8802080010113,5.53899977221489,3.91977541504219));
#5302=CARTESIAN_POINT('',(-3.02883149242288,5.52636431436326,3.86033025958639));
#5303=CARTESIAN_POINT('',(-3.11328872999951,3.88081594937249,3.82654977462116));
#5304=CARTESIAN_POINT('',(-3.02883149242288,3.87363568563674,3.86033025958639));
#5305=CARTESIAN_POINT('',(-3.02883149242288,6.3,3.86033025958639));
#5306=CARTESIAN_POINT('',(-3.02883149242288,6.3,3.86033025958639));
#5307=CARTESIAN_POINT('',(-3.08340680395642,5.55536723485529,3.99677827259599));
#5308=CARTESIAN_POINT('',(-4.48459552724476,6.3,7.5));
#5309=CARTESIAN_POINT('',(-2.85766618708765,3.96459794681559,3.43238646681814));
#5310=CARTESIAN_POINT('',(-4.48459552724476,3.1,7.5));
#5311=CARTESIAN_POINT('',(-3.02883149242288,3.1,3.86033025958639));
#5312=CARTESIAN_POINT('',(-4.51430283462382,3.1,7.57427356711005));
#5313=CARTESIAN_POINT('',(-4.51430283462382,6.3,7.57427356711005));
#5314=CARTESIAN_POINT('',(-4.51430283462382,6.3,7.57427356711005));
#5315=CARTESIAN_POINT('',(-3.02883149242288,6.3,3.86033025958639));
#5316=CARTESIAN_POINT('',(-4.7,6.3,7.5));
#5317=CARTESIAN_POINT('',(4.7,6.3,7.5));
#5318=CARTESIAN_POINT('',(-4.7,6.3,7.5));
#5319=CARTESIAN_POINT('',(-4.7,6.3,7.7));
#5320=CARTESIAN_POINT('',(-4.7,6.3,7.7));
#5321=CARTESIAN_POINT('',(-4.7,6.3,8.));
#5322=CARTESIAN_POINT('',(-4.7,6.3,7.5));
#5323=CARTESIAN_POINT('',(-4.7,3.1,7.5));
#5324=CARTESIAN_POINT('',(4.7,3.1,7.5));
#5325=CARTESIAN_POINT('',(-4.7,3.1,7.5));
#5326=CARTESIAN_POINT('',(-4.7,3.1,8.));
#5327=CARTESIAN_POINT('',(-4.7,3.1,7.7));
#5328=CARTESIAN_POINT('',(-4.7,3.1,7.7));
#5329=CARTESIAN_POINT('',(-4.7,3.1,7.5));
#5330=CARTESIAN_POINT('',(2.93598290973479,6.3,3.89746704314142));
#5331=CARTESIAN_POINT('',(2.93597907880647,5.56735891925954,4.05319471210758));
#5332=CARTESIAN_POINT('',(2.93598290973479,5.5342579813872,3.89746704314142));
#5333=CARTESIAN_POINT('',(2.93596966213372,5.64872319289566,4.43598352369193));
#5334=CARTESIAN_POINT('',(2.93598290973479,6.3,3.89746704314142));
#5335=CARTESIAN_POINT('',(2.93598290973479,3.8657420186128,3.89746704314142));
#5336=CARTESIAN_POINT('',(2.93599508807632,3.97096834843221,3.40241608356311));
#5337=CARTESIAN_POINT('',(2.93596966213372,3.75127680710434,4.43598352369193));
#5338=CARTESIAN_POINT('',(2.93596966213372,6.3,4.43598352369193));
#5339=CARTESIAN_POINT('',(2.93596966213372,6.3,4.43598352369193));
#5340=CARTESIAN_POINT('',(2.98191329594249,5.67313898679638,4.55085080282407));
#5341=CARTESIAN_POINT('',(4.16148881811189,6.3,7.49999999999999));
#5342=CARTESIAN_POINT('',(2.75617267907372,3.8468261948745,3.98645899704622));
#5343=CARTESIAN_POINT('',(4.16148881811189,3.1,7.5));
#5344=CARTESIAN_POINT('',(2.93596966213372,3.1,4.43598352369193));
#5345=CARTESIAN_POINT('',(4.23575708655954,3.1,7.68568391777512));
#5346=CARTESIAN_POINT('',(4.23575708655954,6.3,7.68568391777512));
#5347=CARTESIAN_POINT('',(4.23575708655954,6.3,7.68568391777512));
#5348=CARTESIAN_POINT('',(2.93596966213372,6.3,4.43598352369193));
#5349=CARTESIAN_POINT('',(4.51430283462382,6.3,7.57427356711005));
#5350=CARTESIAN_POINT('',(4.51318913383423,6.31519548079877,7.57148911649389));
#5351=CARTESIAN_POINT('',(4.48459552724475,6.3,7.5));
#5352=CARTESIAN_POINT('',(3.02883149242288,5.52636431436326,3.86033025958639));
#5353=CARTESIAN_POINT('',(4.51430283462382,6.3,7.57427356711005));
#5354=CARTESIAN_POINT('',(4.51430283462382,6.3,7.57427356711005));
#5355=CARTESIAN_POINT('',(4.51430283462382,6.3,7.57427356711005));
#5356=CARTESIAN_POINT('',(4.51430283462382,3.1,7.57427356711005));
#5357=CARTESIAN_POINT('',(4.51430283462382,3.1,7.57427356711005));
#5358=CARTESIAN_POINT('',(4.48459552724476,3.1,7.5));
#5359=CARTESIAN_POINT('',(4.28744851696546,3.20476970087211,7.00709731071604));
#5360=CARTESIAN_POINT('',(3.02883149242288,3.87363568563674,3.86033025958639));
#5361=CARTESIAN_POINT('',(3.02883149242288,6.3,3.86033025958639));
#5362=CARTESIAN_POINT('',(3.02883149242288,6.3,3.86033025958639));
#5363=CARTESIAN_POINT('',(2.97248162692928,5.53115498603721,3.88286859778829));
#5364=CARTESIAN_POINT('',(3.20556235591752,3.88866073555017,3.78964295736722));
#5365=CARTESIAN_POINT('',(4.7,6.3,7.49999999999999));
#5366=CARTESIAN_POINT('',(4.7,6.3,7.5));
#5367=CARTESIAN_POINT('',(4.7,6.3,7.49999999999999));
#5368=CARTESIAN_POINT('',(4.7,6.3,8.));
#5369=CARTESIAN_POINT('',(4.7,6.3,7.7));
#5370=CARTESIAN_POINT('',(4.7,6.3,7.7));
#5371=CARTESIAN_POINT('',(4.7,6.3,7.5));
#5372=CARTESIAN_POINT('',(4.7,3.1,7.49999999999999));
#5373=CARTESIAN_POINT('',(4.7,3.1,7.5));
#5374=CARTESIAN_POINT('',(4.7,3.1,7.5));
#5375=CARTESIAN_POINT('',(4.7,3.1,7.7));
#5376=CARTESIAN_POINT('',(4.7,3.1,7.7));
#5377=CARTESIAN_POINT('',(4.7,3.1,8.));
#5378=CARTESIAN_POINT('',(4.7,3.1,7.49999999999999));
#5379=CARTESIAN_POINT('',(6.,11.,8.));
#5380=CARTESIAN_POINT('',(6.,11.,-8.));
#5381=CARTESIAN_POINT('',(6.,11.,8.));
#5382=CARTESIAN_POINT('',(-6.,0.,8.));
#5383=CARTESIAN_POINT('',(-6.,0.,-8.));
#5384=CARTESIAN_POINT('',(-6.,0.,8.));
#5385=CARTESIAN_POINT('',(0.,0.,8.));
#5386=CARTESIAN_POINT('',(-4.7,6.3,8.));
#5387=CARTESIAN_POINT('',(-4.7,6.45,8.));
#5388=CARTESIAN_POINT('',(-4.7,6.6,8.));
#5389=CARTESIAN_POINT('',(-4.55,6.6,8.));
#5390=CARTESIAN_POINT('',(-4.55,6.6,8.));
#5391=CARTESIAN_POINT('',(-4.55,7.6,8.));
#5392=CARTESIAN_POINT('',(-4.55,7.6,8.));
#5393=CARTESIAN_POINT('',(-2.6,9.6,8.));
#5394=CARTESIAN_POINT('',(-2.6,9.6,8.));
#5395=CARTESIAN_POINT('',(2.6,9.6,8.));
#5396=CARTESIAN_POINT('',(2.6,9.6,8.));
#5397=CARTESIAN_POINT('',(4.55,7.6,8.));
#5398=CARTESIAN_POINT('',(4.55,7.6,8.));
#5399=CARTESIAN_POINT('',(4.55,6.6,8.));
#5400=CARTESIAN_POINT('',(4.55,6.6,8.));
#5401=CARTESIAN_POINT('',(4.7,6.6,8.));
#5402=CARTESIAN_POINT('',(4.7,6.6,8.));
#5403=CARTESIAN_POINT('',(4.7,6.45,8.));
#5404=CARTESIAN_POINT('',(4.7,3.1,8.));
#5405=CARTESIAN_POINT('',(4.7,2.95,8.));
#5406=CARTESIAN_POINT('',(4.7,2.8,8.));
#5407=CARTESIAN_POINT('',(4.55,2.8,8.));
#5408=CARTESIAN_POINT('',(4.55,2.8,8.));
#5409=CARTESIAN_POINT('',(4.55,1.7,8.));
#5410=CARTESIAN_POINT('',(4.55,1.7,8.));
#5411=CARTESIAN_POINT('',(4.05,1.7,8.));
#5412=CARTESIAN_POINT('',(4.05,1.2,8.));
#5413=CARTESIAN_POINT('',(-4.05,1.2,8.));
#5414=CARTESIAN_POINT('',(-4.05,1.2,8.));
#5415=CARTESIAN_POINT('',(-4.05,1.7,8.));
#5416=CARTESIAN_POINT('',(-4.55,1.7,8.));
#5417=CARTESIAN_POINT('',(-4.55,2.8,8.));
#5418=CARTESIAN_POINT('',(-4.55,2.8,8.));
#5419=CARTESIAN_POINT('',(-4.7,2.8,8.));
#5420=CARTESIAN_POINT('',(-4.7,2.8,8.));
#5421=CARTESIAN_POINT('',(-4.7,2.95,8.));
#5422=CARTESIAN_POINT('',(0.,0.,-8.));
#5423=CARTESIAN_POINT('',(-6.,4.029,-8.));
#5424=CARTESIAN_POINT('',(-6.,5.499,-8.));
#5425=CARTESIAN_POINT('',(5.62,5.499,-8.));
#5426=CARTESIAN_POINT('',(5.62,4.029,-8.));
#5427=CARTESIAN_POINT('',(-4.7,2.95,7.7));
#5428=CARTESIAN_POINT('',(-4.7,2.8,7.7));
#5429=CARTESIAN_POINT('',(-4.7,2.8,7.7));
#5430=CARTESIAN_POINT('',(-4.7,2.95,7.7));
#5431=CARTESIAN_POINT('',(-4.7,2.8,7.7));
#5432=CARTESIAN_POINT('',(-4.55,2.8,7.7));
#5433=CARTESIAN_POINT('',(-4.55,2.8,7.7));
#5434=CARTESIAN_POINT('',(-4.7,2.8,7.7));
#5435=CARTESIAN_POINT('',(-4.55,2.8,7.7));
#5436=CARTESIAN_POINT('',(-4.55,1.7,7.7));
#5437=CARTESIAN_POINT('',(-4.55,1.7,7.7));
#5438=CARTESIAN_POINT('',(-4.55,2.8,7.7));
#5439=CARTESIAN_POINT('',(-4.05,1.7,7.7));
#5440=CARTESIAN_POINT('',(-4.05,1.2,7.7));
#5441=CARTESIAN_POINT('',(-4.05,1.2,7.7));
#5442=CARTESIAN_POINT('',(-4.05,1.7,7.7));
#5443=CARTESIAN_POINT('',(-4.05,1.2,7.7));
#5444=CARTESIAN_POINT('',(4.05,1.2,7.7));
#5445=CARTESIAN_POINT('',(4.05,1.2,7.7));
#5446=CARTESIAN_POINT('',(-4.05,1.2,7.7));
#5447=CARTESIAN_POINT('',(4.05,1.7,7.7));
#5448=CARTESIAN_POINT('',(4.55,1.7,7.7));
#5449=CARTESIAN_POINT('',(4.55,1.7,7.7));
#5450=CARTESIAN_POINT('',(4.05,1.7,7.7));
#5451=CARTESIAN_POINT('',(4.55,1.7,7.7));
#5452=CARTESIAN_POINT('',(4.55,2.8,7.7));
#5453=CARTESIAN_POINT('',(4.55,2.8,7.7));
#5454=CARTESIAN_POINT('',(4.55,1.7,7.7));
#5455=CARTESIAN_POINT('',(4.55,2.8,7.7));
#5456=CARTESIAN_POINT('',(4.7,2.8,7.7));
#5457=CARTESIAN_POINT('',(4.7,2.8,7.7));
#5458=CARTESIAN_POINT('',(4.55,2.8,7.7));
#5459=CARTESIAN_POINT('',(4.7,2.95,7.7));
#5460=CARTESIAN_POINT('',(4.7,2.95,7.7));
#5461=CARTESIAN_POINT('',(4.7,6.45,7.7));
#5462=CARTESIAN_POINT('',(4.7,6.6,7.7));
#5463=CARTESIAN_POINT('',(4.7,6.6,7.7));
#5464=CARTESIAN_POINT('',(4.7,6.45,7.7));
#5465=CARTESIAN_POINT('',(4.7,6.6,7.7));
#5466=CARTESIAN_POINT('',(4.55,6.6,7.7));
#5467=CARTESIAN_POINT('',(4.55,6.6,7.7));
#5468=CARTESIAN_POINT('',(4.7,6.6,7.7));
#5469=CARTESIAN_POINT('',(4.55,6.6,7.7));
#5470=CARTESIAN_POINT('',(4.55,7.6,7.7));
#5471=CARTESIAN_POINT('',(4.55,7.6,7.7));
#5472=CARTESIAN_POINT('',(4.55,6.6,7.7));
#5473=CARTESIAN_POINT('',(4.55,7.6,7.7));
#5474=CARTESIAN_POINT('',(2.6,9.6,7.7));
#5475=CARTESIAN_POINT('',(2.6,9.6,7.7));
#5476=CARTESIAN_POINT('',(4.55,7.6,7.7));
#5477=CARTESIAN_POINT('',(2.6,9.6,7.7));
#5478=CARTESIAN_POINT('',(-2.6,9.6,7.7));
#5479=CARTESIAN_POINT('',(-2.6,9.6,7.7));
#5480=CARTESIAN_POINT('',(2.6,9.6,7.7));
#5481=CARTESIAN_POINT('',(-2.6,9.6,7.7));
#5482=CARTESIAN_POINT('',(-4.55,7.6,7.7));
#5483=CARTESIAN_POINT('',(-4.55,7.6,7.7));
#5484=CARTESIAN_POINT('',(-2.6,9.6,7.7));
#5485=CARTESIAN_POINT('',(-4.55,7.6,7.7));
#5486=CARTESIAN_POINT('',(-4.55,6.6,7.7));
#5487=CARTESIAN_POINT('',(-4.55,6.6,7.7));
#5488=CARTESIAN_POINT('',(-4.55,7.6,7.7));
#5489=CARTESIAN_POINT('',(-4.55,6.6,7.7));
#5490=CARTESIAN_POINT('',(-4.7,6.6,7.7));
#5491=CARTESIAN_POINT('',(-4.7,6.6,7.7));
#5492=CARTESIAN_POINT('',(-4.55,6.6,7.7));
#5493=CARTESIAN_POINT('',(-4.7,6.45,7.7));
#5494=CARTESIAN_POINT('',(-4.7,6.45,7.7));
#5495=CARTESIAN_POINT('',(5.7,10.7,7.7));
#5496=CARTESIAN_POINT('',(5.7,10.7,-7.7));
#5497=CARTESIAN_POINT('',(5.7,10.7,-7.7));
#5498=CARTESIAN_POINT('',(-5.7,10.7,-7.7));
#5499=CARTESIAN_POINT('',(5.7,10.7,7.7));
#5500=CARTESIAN_POINT('',(5.7,10.7,7.7));
#5501=CARTESIAN_POINT('',(5.7,10.7,7.7));
#5502=CARTESIAN_POINT('',(-5.7,10.7,7.7));
#5503=CARTESIAN_POINT('',(-5.7,10.7,7.7));
#5504=CARTESIAN_POINT('',(-5.7,10.7,7.7));
#5505=CARTESIAN_POINT('',(-5.7,10.7,-7.7));
#5506=CARTESIAN_POINT('',(-5.7,0.3,-7.7));
#5507=CARTESIAN_POINT('',(-5.7,10.7,7.7));
#5508=CARTESIAN_POINT('',(-5.7,0.3,7.7));
#5509=CARTESIAN_POINT('',(-5.7,0.3,7.7));
#5510=CARTESIAN_POINT('',(-5.7,0.300000000000001,7.7));
#5511=CARTESIAN_POINT('',(-5.7,0.300000000000001,-7.7));
#5512=CARTESIAN_POINT('',(5.7,0.3,-7.7));
#5513=CARTESIAN_POINT('',(-5.7,0.300000000000001,7.7));
#5514=CARTESIAN_POINT('',(5.7,0.3,7.7));
#5515=CARTESIAN_POINT('',(5.7,0.3,7.7));
#5516=CARTESIAN_POINT('',(5.7,0.3,7.7));
#5517=CARTESIAN_POINT('',(5.7,0.3,-7.7));
#5518=CARTESIAN_POINT('',(5.7,0.3,7.7));
#5519=CARTESIAN_POINT('',(0.,0.,7.7));
#5520=CARTESIAN_POINT('',(-4.7,6.3,7.7));
#5521=CARTESIAN_POINT('',(4.7,3.1,7.7));
#5522=CARTESIAN_POINT('',(0.,0.,-7.7));
#5523=CARTESIAN_POINT('',(-4.7,6.3,7.5));
#5524=CARTESIAN_POINT('',(-4.7,6.3,7.5));
#5525=CARTESIAN_POINT('',(4.7,6.3,7.49999999999999));
#5526=CARTESIAN_POINT('',(4.7,6.3,7.5));
#5527=CARTESIAN_POINT('',(4.7,4.0565045275151,3.));
#5528=CARTESIAN_POINT('',(4.7,6.3,7.5));
#5529=CARTESIAN_POINT('',(4.7,4.0565045275151,3.));
#5530=CARTESIAN_POINT('',(4.7,6.3,7.5));
#5531=CARTESIAN_POINT('',(8.5,4.26463386152468,-12.6751686261891));
#5532=CARTESIAN_POINT('',(8.5,4.26463386152468,-12.6751686261891));
#5533=CARTESIAN_POINT('',(8.5,5.499,-8.));
#5534=CARTESIAN_POINT('',(8.5,5.26336613847532,-12.6751686261891));
#5535=CARTESIAN_POINT('',(8.5,4.764,-12.65));
#5536=CARTESIAN_POINT('',(8.5,4.764,-12.65));
#5537=CARTESIAN_POINT('',(8.5,4.26463386152468,-12.6751686261891));
#5538=CARTESIAN_POINT('',(8.5,5.26336613847532,-12.6751686261891));
#5539=CARTESIAN_POINT('',(8.5,5.499,-8.));
#5540=CARTESIAN_POINT('',(8.5,4.26463386152468,-12.6751686261891));
#5541=CARTESIAN_POINT('',(0.,0.,0.));
#5542=CARTESIAN_POINT('',(5.7,10.7,-7.7));
#5543=CARTESIAN_POINT('',(5.7,0.3,-7.7));
#5544=CARTESIAN_POINT('',(5.7,0.3,-7.7));
#5545=CARTESIAN_POINT('',(-5.7,0.3,-7.7));
#5546=CARTESIAN_POINT('',(-5.7,10.7,-7.7));
#5547=CARTESIAN_POINT('',(-5.7,10.7,-7.7));
#5548=CARTESIAN_POINT('',(5.7,10.7,-7.7));
#5549=CARTESIAN_POINT('',(5.7,10.7,-7.7));
#5550=CARTESIAN_POINT('',(5.7,10.7,-7.7));
#5551=CARTESIAN_POINT('',(-5.7,10.7,-7.7));
#5552=CARTESIAN_POINT('',(-5.7,0.3,-7.7));
#5553=CARTESIAN_POINT('',(-5.7,0.3,7.7));
#5554=CARTESIAN_POINT('',(-5.7,10.7,7.7));
#5555=CARTESIAN_POINT('',(-5.7,10.7,7.7));
#5556=CARTESIAN_POINT('',(-5.7,10.7,-7.7));
#5557=CARTESIAN_POINT('',(-5.7,10.7,7.7));
#5558=CARTESIAN_POINT('',(-5.7,2.55,7.7));
#5559=CARTESIAN_POINT('',(-4.225,2.55,7.7));
#5560=CARTESIAN_POINT('',(-4.95,2.55,7.7));
#5561=CARTESIAN_POINT('',(-4.95,10.7,7.7));
#5562=CARTESIAN_POINT('',(-4.95,6.55,7.7));
#5563=CARTESIAN_POINT('',(-5.7,6.55,7.7));
#5564=CARTESIAN_POINT('',(-4.225,6.55,7.7));
#5565=CARTESIAN_POINT('',(-4.225,10.7,7.7));
#5566=CARTESIAN_POINT('',(-4.225,7.84,7.7));
#5567=CARTESIAN_POINT('',(-3.5325,8.5325,7.7));
#5568=CARTESIAN_POINT('',(-2.725,9.34,7.7));
#5569=CARTESIAN_POINT('',(-5.7,9.34,7.7));
#5570=CARTESIAN_POINT('',(2.725,9.34,7.7));
#5571=CARTESIAN_POINT('',(-2.1675,14.2325,7.7));
#5572=CARTESIAN_POINT('',(4.225,7.84,7.7));
#5573=CARTESIAN_POINT('',(4.225,10.7,7.7));
#5574=CARTESIAN_POINT('',(4.225,6.55,7.7));
#5575=CARTESIAN_POINT('',(-5.7,6.55,7.7));
#5576=CARTESIAN_POINT('',(4.95,6.55,7.7));
#5577=CARTESIAN_POINT('',(4.95,10.7,7.7));
#5578=CARTESIAN_POINT('',(4.95,2.55,7.7));
#5579=CARTESIAN_POINT('',(-5.7,2.55,7.7));
#5580=CARTESIAN_POINT('',(4.225,2.55,7.7));
#5581=CARTESIAN_POINT('',(4.22500000000001,10.7,7.7));
#5582=CARTESIAN_POINT('',(4.225,1.56,7.7));
#5583=CARTESIAN_POINT('',(-5.7,1.56,7.7));
#5584=CARTESIAN_POINT('',(-4.225,1.56,7.7));
#5585=CARTESIAN_POINT('',(-4.225,10.7,7.7));
#5586=CARTESIAN_POINT('',(-5.7,0.3,7.7));
#5587=CARTESIAN_POINT('',(5.7,0.3,7.7));
#5588=CARTESIAN_POINT('',(5.7,10.7,7.7));
#5589=CARTESIAN_POINT('',(5.7,10.7,7.7));
#5590=CARTESIAN_POINT('',(-5.7,10.7,7.7));
#5591=CARTESIAN_POINT('',(5.7,10.7,7.7));
#5592=CARTESIAN_POINT('',(5.7,0.3,7.7));
#5593=CARTESIAN_POINT('',(5.7,10.7,7.7));
#5594=CARTESIAN_POINT('',(0.,10.7,0.));
#5595=CARTESIAN_POINT('',(0.,0.3,0.));
#5596=CARTESIAN_POINT('',(-4.95,6.55,-1.));
#5597=CARTESIAN_POINT('',(-4.95,2.55,-1.));
#5598=CARTESIAN_POINT('',(-4.95,2.55,-1.));
#5599=CARTESIAN_POINT('',(-4.95,6.55,-1.));
#5600=CARTESIAN_POINT('',(-4.95,6.55,-1.));
#5601=CARTESIAN_POINT('',(-4.95,6.55,-1.));
#5602=CARTESIAN_POINT('',(-4.95,2.55,-1.));
#5603=CARTESIAN_POINT('',(-4.225,2.55,-1.));
#5604=CARTESIAN_POINT('',(-4.225,2.55,-1.));
#5605=CARTESIAN_POINT('',(-4.95,2.55,-1.));
#5606=CARTESIAN_POINT('',(-4.225,2.55,-1.));
#5607=CARTESIAN_POINT('',(-4.225,1.56,-1.));
#5608=CARTESIAN_POINT('',(-4.225,1.56,-1.));
#5609=CARTESIAN_POINT('',(-4.225,2.55,-1.));
#5610=CARTESIAN_POINT('',(-4.225,1.56,-1.));
#5611=CARTESIAN_POINT('',(4.225,1.56,-1.));
#5612=CARTESIAN_POINT('',(4.225,1.56,-1.));
#5613=CARTESIAN_POINT('',(-4.225,1.56,-1.));
#5614=CARTESIAN_POINT('',(4.225,1.56,-1.));
#5615=CARTESIAN_POINT('',(4.225,2.55,-1.));
#5616=CARTESIAN_POINT('',(4.225,2.55,-1.));
#5617=CARTESIAN_POINT('',(4.225,1.56,-1.));
#5618=CARTESIAN_POINT('',(4.225,2.55,-1.));
#5619=CARTESIAN_POINT('',(4.95,2.55,-1.));
#5620=CARTESIAN_POINT('',(4.95,2.55,-1.));
#5621=CARTESIAN_POINT('',(4.225,2.55,-1.));
#5622=CARTESIAN_POINT('',(4.95,2.55,-1.));
#5623=CARTESIAN_POINT('',(4.95,6.55,-1.));
#5624=CARTESIAN_POINT('',(4.95,6.55,-1.));
#5625=CARTESIAN_POINT('',(4.95,2.55,-1.));
#5626=CARTESIAN_POINT('',(4.95,6.55,-1.));
#5627=CARTESIAN_POINT('',(4.225,6.55,-1.));
#5628=CARTESIAN_POINT('',(4.225,6.55,-1.));
#5629=CARTESIAN_POINT('',(4.95,6.55,-1.));
#5630=CARTESIAN_POINT('',(4.225,6.55,-1.));
#5631=CARTESIAN_POINT('',(4.225,7.84,-1.));
#5632=CARTESIAN_POINT('',(4.225,7.84,-1.));
#5633=CARTESIAN_POINT('',(4.225,6.55,-1.));
#5634=CARTESIAN_POINT('',(4.225,7.84,-1.));
#5635=CARTESIAN_POINT('',(2.725,9.34,-1.));
#5636=CARTESIAN_POINT('',(2.725,9.34,-1.));
#5637=CARTESIAN_POINT('',(4.225,7.84,-1.));
#5638=CARTESIAN_POINT('',(2.725,9.34,-1.));
#5639=CARTESIAN_POINT('',(-2.725,9.34,-1.));
#5640=CARTESIAN_POINT('',(-2.725,9.34,-1.));
#5641=CARTESIAN_POINT('',(2.725,9.34,-1.));
#5642=CARTESIAN_POINT('',(-2.725,9.34,-1.));
#5643=CARTESIAN_POINT('',(-4.225,7.84,-1.));
#5644=CARTESIAN_POINT('',(-4.225,7.84,-1.));
#5645=CARTESIAN_POINT('',(-2.725,9.34,-1.));
#5646=CARTESIAN_POINT('',(-4.225,7.84,-1.));
#5647=CARTESIAN_POINT('',(-4.225,6.55,-1.));
#5648=CARTESIAN_POINT('',(-4.225,6.55,-1.));
#5649=CARTESIAN_POINT('',(-4.225,7.84,-1.));
#5650=CARTESIAN_POINT('',(2.8,7.0884,-1.));
#5651=CARTESIAN_POINT('',(-5.7,7.0884,7.7));
#5652=CARTESIAN_POINT('',(-2.8,7.0884,7.7));
#5653=CARTESIAN_POINT('',(2.8,7.0884,7.7));
#5654=CARTESIAN_POINT('',(2.8,7.0884,-1.));
#5655=CARTESIAN_POINT('',(2.8,7.0884,-1.));
#5656=CARTESIAN_POINT('',(2.8,7.0884,-1.));
#5657=CARTESIAN_POINT('',(-2.8,7.0884,-1.));
#5658=CARTESIAN_POINT('',(-2.8,7.0884,-1.));
#5659=CARTESIAN_POINT('',(2.8,3.9084,-1.));
#5660=CARTESIAN_POINT('',(2.8,10.7,7.7));
#5661=CARTESIAN_POINT('',(2.8,3.9084,7.7));
#5662=CARTESIAN_POINT('',(2.8,3.9084,-1.));
#5663=CARTESIAN_POINT('',(2.8,3.9084,-1.));
#5664=CARTESIAN_POINT('',(2.8,3.9084,-1.));
#5665=CARTESIAN_POINT('',(-2.8,3.9084,-1.));
#5666=CARTESIAN_POINT('',(-5.7,3.9084,7.7));
#5667=CARTESIAN_POINT('',(-2.8,3.9084,7.7));
#5668=CARTESIAN_POINT('',(-2.8,3.9084,-1.));
#5669=CARTESIAN_POINT('',(-2.8,3.9084,-1.));
#5670=CARTESIAN_POINT('',(-2.8,3.9084,-1.));
#5671=CARTESIAN_POINT('',(-2.8,7.0884,-1.));
#5672=CARTESIAN_POINT('',(-2.8,10.7,7.7));
#5673=CARTESIAN_POINT('',(-2.8,7.0884,-1.));
#5674=CARTESIAN_POINT('',(-4.225,6.55,-1.));
#5675=CARTESIAN_POINT('',(-4.225,6.55,-1.));
#5676=CARTESIAN_POINT('',(0.,0.,-1.));
#5677=CARTESIAN_POINT('',(-5.7,10.7,7.7));
#5678=CARTESIAN_POINT('',(0.,0.,0.));
#5679=CARTESIAN_POINT('',(2.14,4.8714,-0.345000000000001));
#5680=CARTESIAN_POINT('',(2.14,4.8714,-1.5));
#5681=CARTESIAN_POINT('',(1.625,4.8714,-1.5));
#5682=CARTESIAN_POINT('',(2.14,4.8714,-1.5));
#5683=CARTESIAN_POINT('',(1.625,4.8714,-0.345000000000001));
#5684=CARTESIAN_POINT('',(1.625,4.8714,-0.345));
#5685=CARTESIAN_POINT('',(2.14,4.8714,-0.345));
#5686=CARTESIAN_POINT('',(0.875,4.8714,-0.345));
#5687=CARTESIAN_POINT('',(0.875,4.8714,-0.345000000000001));
#5688=CARTESIAN_POINT('',(0.875,4.8714,-1.5));
#5689=CARTESIAN_POINT('',(2.14,4.8714,-1.5));
#5690=CARTESIAN_POINT('',(-0.875,4.8714,-1.5));
#5691=CARTESIAN_POINT('',(-0.875,4.8714,-0.345000000000001));
#5692=CARTESIAN_POINT('',(-0.875,4.8714,-0.345));
#5693=CARTESIAN_POINT('',(2.14,4.8714,-0.345));
#5694=CARTESIAN_POINT('',(-1.625,4.8714,-0.345));
#5695=CARTESIAN_POINT('',(-1.625,4.8714,-0.345000000000001));
#5696=CARTESIAN_POINT('',(-1.625,4.8714,-1.5));
#5697=CARTESIAN_POINT('',(2.14,4.8714,-1.5));
#5698=CARTESIAN_POINT('',(-2.14,4.8714,-1.5));
#5699=CARTESIAN_POINT('',(-2.14,4.8714,-0.345000000000001));
#5700=CARTESIAN_POINT('',(-2.14,4.8714,-4.6));
#5701=CARTESIAN_POINT('',(2.14,4.8714,-4.6));
#5702=CARTESIAN_POINT('',(-1.575,4.8714,-4.6));
#5703=CARTESIAN_POINT('',(-1.575,4.8714,-0.345000000000001));
#5704=CARTESIAN_POINT('',(-1.575,4.8714,-4.975));
#5705=CARTESIAN_POINT('',(2.14,4.8714,-4.975));
#5706=CARTESIAN_POINT('',(-0.925,4.8714,-4.975));
#5707=CARTESIAN_POINT('',(-0.925,4.8714,-0.345000000000001));
#5708=CARTESIAN_POINT('',(-0.925,4.8714,-4.6));
#5709=CARTESIAN_POINT('',(2.14,4.8714,-4.6));
#5710=CARTESIAN_POINT('',(0.925,4.8714,-4.6));
#5711=CARTESIAN_POINT('',(0.925,4.8714,-0.345000000000001));
#5712=CARTESIAN_POINT('',(0.925,4.8714,-4.975));
#5713=CARTESIAN_POINT('',(2.14,4.8714,-4.975));
#5714=CARTESIAN_POINT('',(1.575,4.8714,-4.975));
#5715=CARTESIAN_POINT('',(1.575,4.8714,-0.345000000000001));
#5716=CARTESIAN_POINT('',(1.575,4.8714,-4.6));
#5717=CARTESIAN_POINT('',(2.14,4.8714,-4.6));
#5718=CARTESIAN_POINT('',(2.14,4.8714,-4.6));
#5719=CARTESIAN_POINT('',(2.14,4.8714,-0.345000000000001));
#5720=CARTESIAN_POINT('',(2.14,5.8698,-4.975));
#5721=CARTESIAN_POINT('',(2.14,5.8698,-1.5));
#5722=CARTESIAN_POINT('',(2.14,5.8698,-1.5));
#5723=CARTESIAN_POINT('',(1.625,5.8698,-1.5));
#5724=CARTESIAN_POINT('',(2.14,5.8698,-4.975));
#5725=CARTESIAN_POINT('',(2.14,5.8698,-4.6));
#5726=CARTESIAN_POINT('',(2.14,5.8698,-4.6));
#5727=CARTESIAN_POINT('',(1.575,5.8698,-4.6));
#5728=CARTESIAN_POINT('',(1.575,5.8698,-4.975));
#5729=CARTESIAN_POINT('',(1.575,5.8698,-4.975));
#5730=CARTESIAN_POINT('',(2.14,5.8698,-4.975));
#5731=CARTESIAN_POINT('',(0.925,5.8698,-4.975));
#5732=CARTESIAN_POINT('',(0.925,5.8698,-4.975));
#5733=CARTESIAN_POINT('',(0.925,5.8698,-4.6));
#5734=CARTESIAN_POINT('',(2.14,5.8698,-4.6));
#5735=CARTESIAN_POINT('',(-0.925,5.8698,-4.6));
#5736=CARTESIAN_POINT('',(-0.925,5.8698,-4.975));
#5737=CARTESIAN_POINT('',(-0.925,5.8698,-4.975));
#5738=CARTESIAN_POINT('',(2.14,5.8698,-4.975));
#5739=CARTESIAN_POINT('',(-1.575,5.8698,-4.975));
#5740=CARTESIAN_POINT('',(-1.575,5.8698,-4.975));
#5741=CARTESIAN_POINT('',(-1.575,5.8698,-4.6));
#5742=CARTESIAN_POINT('',(2.14,5.8698,-4.6));
#5743=CARTESIAN_POINT('',(-2.14,5.8698,-4.6));
#5744=CARTESIAN_POINT('',(-2.14,5.8698,-4.975));
#5745=CARTESIAN_POINT('',(-2.14,5.8698,-1.5));
#5746=CARTESIAN_POINT('',(2.14,5.8698,-1.5));
#5747=CARTESIAN_POINT('',(-1.625,5.8698,-1.5));
#5748=CARTESIAN_POINT('',(-1.625,5.8698,-4.975));
#5749=CARTESIAN_POINT('',(-1.625,5.8698,-0.345000000000001));
#5750=CARTESIAN_POINT('',(2.14,5.8698,-0.345000000000001));
#5751=CARTESIAN_POINT('',(-0.875,5.8698,-0.345000000000001));
#5752=CARTESIAN_POINT('',(-0.875,5.8698,-4.975));
#5753=CARTESIAN_POINT('',(-0.875,5.8698,-1.5));
#5754=CARTESIAN_POINT('',(2.14,5.8698,-1.5));
#5755=CARTESIAN_POINT('',(0.875,5.8698,-1.5));
#5756=CARTESIAN_POINT('',(0.875,5.8698,-4.975));
#5757=CARTESIAN_POINT('',(0.875,5.8698,-0.345000000000001));
#5758=CARTESIAN_POINT('',(2.14,5.8698,-0.345000000000001));
#5759=CARTESIAN_POINT('',(1.625,5.8698,-0.345000000000001));
#5760=CARTESIAN_POINT('',(1.625,5.8698,-4.975));
#5761=CARTESIAN_POINT('',(2.14,7.0084,5.73));
#5762=CARTESIAN_POINT('',(1.625,7.0084,5.73));
#5763=CARTESIAN_POINT('',(1.625,7.0084,5.73));
#5764=CARTESIAN_POINT('',(1.625,7.0084,6.73));
#5765=CARTESIAN_POINT('',(2.14,7.0084,5.73));
#5766=CARTESIAN_POINT('',(0.875,7.0084,5.73));
#5767=CARTESIAN_POINT('',(0.875,7.0084,5.73));
#5768=CARTESIAN_POINT('',(0.875,7.0084,6.73));
#5769=CARTESIAN_POINT('',(2.14,7.0084,6.73));
#5770=CARTESIAN_POINT('',(2.14,7.0084,5.73));
#5771=CARTESIAN_POINT('',(-0.875,7.0084,5.73));
#5772=CARTESIAN_POINT('',(-0.875,7.0084,5.73));
#5773=CARTESIAN_POINT('',(-0.875,7.0084,6.73));
#5774=CARTESIAN_POINT('',(2.14,7.0084,5.73));
#5775=CARTESIAN_POINT('',(-1.625,7.0084,5.73));
#5776=CARTESIAN_POINT('',(-1.625,7.0084,5.73));
#5777=CARTESIAN_POINT('',(-1.625,7.0084,6.73));
#5778=CARTESIAN_POINT('',(2.14,7.0084,6.73));
#5779=CARTESIAN_POINT('',(2.14,7.0084,6.73));
#5780=CARTESIAN_POINT('',(1.625,7.0084,6.73));
#5781=CARTESIAN_POINT('',(1.625,6.7584,6.73));
#5782=CARTESIAN_POINT('',(0.875,7.0084,6.73));
#5783=CARTESIAN_POINT('',(0.875,6.7584,6.73));
#5784=CARTESIAN_POINT('',(2.14,6.7584,6.73));
#5785=CARTESIAN_POINT('',(2.14,7.0084,6.73));
#5786=CARTESIAN_POINT('',(-0.875,7.0084,6.73));
#5787=CARTESIAN_POINT('',(-0.875,6.7584,6.73));
#5788=CARTESIAN_POINT('',(-1.625,7.0084,6.73));
#5789=CARTESIAN_POINT('',(-1.625,6.7584,6.73));
#5790=CARTESIAN_POINT('',(2.14,6.7584,6.73));
#5791=CARTESIAN_POINT('',(2.14,6.7584,6.73));
#5792=CARTESIAN_POINT('',(1.625,6.7584,6.73));
#5793=CARTESIAN_POINT('',(1.625,6.7584,5.73));
#5794=CARTESIAN_POINT('',(0.875,6.7584,6.73));
#5795=CARTESIAN_POINT('',(0.875,6.7584,5.73));
#5796=CARTESIAN_POINT('',(2.14,6.7584,5.73));
#5797=CARTESIAN_POINT('',(2.14,6.7584,6.73));
#5798=CARTESIAN_POINT('',(-0.875,6.7584,6.73));
#5799=CARTESIAN_POINT('',(-0.875,6.7584,5.73));
#5800=CARTESIAN_POINT('',(-1.625,6.7584,6.73));
#5801=CARTESIAN_POINT('',(-1.625,6.7584,5.73));
#5802=CARTESIAN_POINT('',(2.14,6.7584,5.73));
#5803=CARTESIAN_POINT('',(2.14,6.7584,5.73));
#5804=CARTESIAN_POINT('',(1.625,6.7584,5.73));
#5805=CARTESIAN_POINT('',(1.625,7.57522817214264,4.26327175755217));
#5806=CARTESIAN_POINT('',(0.875,6.7584,5.73));
#5807=CARTESIAN_POINT('',(0.875,7.57522817214264,4.26327175755217));
#5808=CARTESIAN_POINT('',(2.14,7.57522817214264,4.26327175755217));
#5809=CARTESIAN_POINT('',(2.14,6.7584,5.73));
#5810=CARTESIAN_POINT('',(-0.875,6.7584,5.73));
#5811=CARTESIAN_POINT('',(-0.875,7.57522817214264,4.26327175755217));
#5812=CARTESIAN_POINT('',(-1.625,6.7584,5.73));
#5813=CARTESIAN_POINT('',(-1.625,7.57522817214264,4.26327175755217));
#5814=CARTESIAN_POINT('',(2.14,7.57522817214264,4.26327175755217));
#5815=CARTESIAN_POINT('',(2.14,7.1384,4.02));
#5816=CARTESIAN_POINT('',(2.14,7.59009083799129,3.80558128142644));
#5817=CARTESIAN_POINT('',(1.625,7.59009083799129,3.80558128142644));
#5818=CARTESIAN_POINT('',(0.875,7.59009083799129,3.80558128142644));
#5819=CARTESIAN_POINT('',(1.625,7.1384,4.02));
#5820=CARTESIAN_POINT('',(0.875,7.1384,4.02));
#5821=CARTESIAN_POINT('',(2.14,7.1384,4.02));
#5822=CARTESIAN_POINT('',(2.14,7.59009083799129,3.80558128142644));
#5823=CARTESIAN_POINT('',(-0.875,7.59009083799129,3.80558128142644));
#5824=CARTESIAN_POINT('',(-1.625,7.59009083799129,3.80558128142644));
#5825=CARTESIAN_POINT('',(-0.875,7.1384,4.02));
#5826=CARTESIAN_POINT('',(-1.625,7.1384,4.02));
#5827=CARTESIAN_POINT('',(2.14,7.59009083799129,3.80558128142644));
#5828=CARTESIAN_POINT('',(1.625,7.59009083799129,3.80558128142644));
#5829=CARTESIAN_POINT('',(1.625,5.6198,-0.345));
#5830=CARTESIAN_POINT('',(0.875,7.59009083799129,3.80558128142644));
#5831=CARTESIAN_POINT('',(0.875,5.6198,-0.345));
#5832=CARTESIAN_POINT('',(2.14,5.6198,-0.345));
#5833=CARTESIAN_POINT('',(2.14,7.59009083799129,3.80558128142644));
#5834=CARTESIAN_POINT('',(-0.875,7.59009083799129,3.80558128142644));
#5835=CARTESIAN_POINT('',(-0.875,5.6198,-0.345));
#5836=CARTESIAN_POINT('',(-1.625,7.59009083799129,3.80558128142644));
#5837=CARTESIAN_POINT('',(-1.625,5.6198,-0.345));
#5838=CARTESIAN_POINT('',(2.14,5.6198,-0.345));
#5839=CARTESIAN_POINT('',(2.14,5.6198,-0.345000000000001));
#5840=CARTESIAN_POINT('',(2.14,5.6198,-1.5));
#5841=CARTESIAN_POINT('',(1.625,5.6198,-1.5));
#5842=CARTESIAN_POINT('',(2.14,5.6198,-1.5));
#5843=CARTESIAN_POINT('',(1.625,5.6198,-0.345000000000001));
#5844=CARTESIAN_POINT('',(0.875,5.6198,-0.345000000000001));
#5845=CARTESIAN_POINT('',(0.875,5.6198,-1.5));
#5846=CARTESIAN_POINT('',(2.14,5.6198,-1.5));
#5847=CARTESIAN_POINT('',(-0.875,5.6198,-1.5));
#5848=CARTESIAN_POINT('',(-0.875,5.6198,-0.345000000000001));
#5849=CARTESIAN_POINT('',(-1.625,5.6198,-0.345000000000001));
#5850=CARTESIAN_POINT('',(-1.625,5.6198,-1.5));
#5851=CARTESIAN_POINT('',(2.14,5.6198,-1.5));
#5852=CARTESIAN_POINT('',(-2.14,5.6198,-1.5));
#5853=CARTESIAN_POINT('',(-2.14,5.6198,-0.345000000000001));
#5854=CARTESIAN_POINT('',(-2.14,5.6198,-3.275));
#5855=CARTESIAN_POINT('',(2.14,5.6198,-3.275));
#5856=CARTESIAN_POINT('',(2.14,5.6198,-3.275));
#5857=CARTESIAN_POINT('',(2.14,5.6198,-0.345000000000001));
#5858=CARTESIAN_POINT('',(2.14,5.1214,-3.275));
#5859=CARTESIAN_POINT('',(2.14,5.1214,-1.5));
#5860=CARTESIAN_POINT('',(2.14,5.1214,-1.5));
#5861=CARTESIAN_POINT('',(1.625,5.1214,-1.5));
#5862=CARTESIAN_POINT('',(2.14,5.1214,-3.275));
#5863=CARTESIAN_POINT('',(2.14,5.1214,-3.275));
#5864=CARTESIAN_POINT('',(2.14,5.1214,-3.275));
#5865=CARTESIAN_POINT('',(-2.14,5.1214,-3.275));
#5866=CARTESIAN_POINT('',(-2.14,5.1214,-3.275));
#5867=CARTESIAN_POINT('',(-2.14,5.1214,-1.5));
#5868=CARTESIAN_POINT('',(2.14,5.1214,-1.5));
#5869=CARTESIAN_POINT('',(-1.625,5.1214,-1.5));
#5870=CARTESIAN_POINT('',(-1.625,5.1214,-3.275));
#5871=CARTESIAN_POINT('',(-1.625,5.1214,-0.345000000000001));
#5872=CARTESIAN_POINT('',(2.14,5.1214,-0.345000000000001));
#5873=CARTESIAN_POINT('',(-0.875,5.1214,-0.345000000000001));
#5874=CARTESIAN_POINT('',(-0.875,5.1214,-3.275));
#5875=CARTESIAN_POINT('',(-0.875,5.1214,-1.5));
#5876=CARTESIAN_POINT('',(2.14,5.1214,-1.5));
#5877=CARTESIAN_POINT('',(0.875,5.1214,-1.5));
#5878=CARTESIAN_POINT('',(0.875,5.1214,-3.275));
#5879=CARTESIAN_POINT('',(0.875,5.1214,-0.345000000000001));
#5880=CARTESIAN_POINT('',(2.14,5.1214,-0.345000000000001));
#5881=CARTESIAN_POINT('',(1.625,5.1214,-0.345000000000001));
#5882=CARTESIAN_POINT('',(1.625,5.1214,-3.275));
#5883=CARTESIAN_POINT('',(2.14,5.1214,-0.345000000000001));
#5884=CARTESIAN_POINT('',(1.625,5.1214,-0.345000000000001));
#5885=CARTESIAN_POINT('',(1.625,3.39630983167747,3.82902179092981));
#5886=CARTESIAN_POINT('',(0.875,5.1214,-0.345000000000001));
#5887=CARTESIAN_POINT('',(0.875,3.39630983167747,3.82902179092981));
#5888=CARTESIAN_POINT('',(2.14,3.39630983167747,3.82902179092981));
#5889=CARTESIAN_POINT('',(2.14,5.1214,-0.345000000000001));
#5890=CARTESIAN_POINT('',(-0.875,5.1214,-0.345000000000001));
#5891=CARTESIAN_POINT('',(-0.875,3.39630983167747,3.82902179092981));
#5892=CARTESIAN_POINT('',(-1.625,5.1214,-0.345000000000001));
#5893=CARTESIAN_POINT('',(-1.625,3.39630983167747,3.82902179092981));
#5894=CARTESIAN_POINT('',(2.14,3.39630983167747,3.82902179092981));
#5895=CARTESIAN_POINT('',(2.14,3.8584,4.02));
#5896=CARTESIAN_POINT('',(2.14,3.42157182785736,4.26327175755216));
#5897=CARTESIAN_POINT('',(1.625,3.42157182785736,4.26327175755216));
#5898=CARTESIAN_POINT('',(0.875,3.42157182785736,4.26327175755216));
#5899=CARTESIAN_POINT('',(1.625,3.8584,4.02));
#5900=CARTESIAN_POINT('',(0.875,3.8584,4.02));
#5901=CARTESIAN_POINT('',(2.14,3.8584,4.02));
#5902=CARTESIAN_POINT('',(2.14,3.42157182785736,4.26327175755216));
#5903=CARTESIAN_POINT('',(-0.875,3.42157182785736,4.26327175755216));
#5904=CARTESIAN_POINT('',(-1.625,3.42157182785736,4.26327175755216));
#5905=CARTESIAN_POINT('',(-0.875,3.8584,4.02));
#5906=CARTESIAN_POINT('',(-1.625,3.8584,4.02));
#5907=CARTESIAN_POINT('',(2.14,3.42157182785736,4.26327175755216));
#5908=CARTESIAN_POINT('',(1.625,3.42157182785736,4.26327175755216));
#5909=CARTESIAN_POINT('',(1.625,4.2384,5.73));
#5910=CARTESIAN_POINT('',(0.875,3.42157182785736,4.26327175755216));
#5911=CARTESIAN_POINT('',(0.875,4.2384,5.73));
#5912=CARTESIAN_POINT('',(2.14,4.2384,5.73));
#5913=CARTESIAN_POINT('',(2.14,3.42157182785736,4.26327175755216));
#5914=CARTESIAN_POINT('',(-0.875,3.42157182785736,4.26327175755216));
#5915=CARTESIAN_POINT('',(-0.875,4.2384,5.73));
#5916=CARTESIAN_POINT('',(-1.625,3.42157182785736,4.26327175755216));
#5917=CARTESIAN_POINT('',(-1.625,4.2384,5.73));
#5918=CARTESIAN_POINT('',(2.14,4.2384,5.73));
#5919=CARTESIAN_POINT('',(2.14,4.2384,5.73));
#5920=CARTESIAN_POINT('',(1.625,4.2384,5.73));
#5921=CARTESIAN_POINT('',(1.625,4.2384,6.73));
#5922=CARTESIAN_POINT('',(0.875,4.2384,5.73));
#5923=CARTESIAN_POINT('',(0.875,4.2384,6.73));
#5924=CARTESIAN_POINT('',(2.14,4.2384,6.73));
#5925=CARTESIAN_POINT('',(2.14,4.2384,5.73));
#5926=CARTESIAN_POINT('',(-0.875,4.2384,5.73));
#5927=CARTESIAN_POINT('',(-0.875,4.2384,6.73));
#5928=CARTESIAN_POINT('',(-1.625,4.2384,5.73));
#5929=CARTESIAN_POINT('',(-1.625,4.2384,6.73));
#5930=CARTESIAN_POINT('',(2.14,4.2384,6.73));
#5931=CARTESIAN_POINT('',(2.14,4.2384,6.73));
#5932=CARTESIAN_POINT('',(1.625,4.2384,6.73));
#5933=CARTESIAN_POINT('',(1.625,3.9884,6.73));
#5934=CARTESIAN_POINT('',(0.875,4.2384,6.73));
#5935=CARTESIAN_POINT('',(0.875,3.9884,6.73));
#5936=CARTESIAN_POINT('',(2.14,3.9884,6.73));
#5937=CARTESIAN_POINT('',(2.14,4.2384,6.73));
#5938=CARTESIAN_POINT('',(-0.875,4.2384,6.73));
#5939=CARTESIAN_POINT('',(-0.875,3.9884,6.73));
#5940=CARTESIAN_POINT('',(-1.625,4.2384,6.73));
#5941=CARTESIAN_POINT('',(-1.625,3.9884,6.73));
#5942=CARTESIAN_POINT('',(2.14,3.9884,6.73));
#5943=CARTESIAN_POINT('',(2.14,3.9884,6.73));
#5944=CARTESIAN_POINT('',(1.625,3.9884,6.73));
#5945=CARTESIAN_POINT('',(1.625,3.9884,5.73));
#5946=CARTESIAN_POINT('',(0.875,3.9884,6.73));
#5947=CARTESIAN_POINT('',(0.875,3.9884,5.73));
#5948=CARTESIAN_POINT('',(2.14,3.9884,5.73));
#5949=CARTESIAN_POINT('',(2.14,3.9884,6.73));
#5950=CARTESIAN_POINT('',(-0.875,3.9884,6.73));
#5951=CARTESIAN_POINT('',(-0.875,3.9884,5.73));
#5952=CARTESIAN_POINT('',(-1.625,3.9884,6.73));
#5953=CARTESIAN_POINT('',(-1.625,3.9884,5.73));
#5954=CARTESIAN_POINT('',(2.14,3.9884,5.73));
#5955=CARTESIAN_POINT('',(2.14,3.9884,5.73));
#5956=CARTESIAN_POINT('',(1.625,3.9884,5.73));
#5957=CARTESIAN_POINT('',(1.625,3.2107304840674,4.39818540179604));
#5958=CARTESIAN_POINT('',(0.875,3.9884,5.73));
#5959=CARTESIAN_POINT('',(0.875,3.2107304840674,4.39818540179604));
#5960=CARTESIAN_POINT('',(2.14,3.2107304840674,4.39818540179604));
#5961=CARTESIAN_POINT('',(2.14,3.9884,5.73));
#5962=CARTESIAN_POINT('',(-0.875,3.9884,5.73));
#5963=CARTESIAN_POINT('',(-0.875,3.2107304840674,4.39818540179604));
#5964=CARTESIAN_POINT('',(-1.625,3.9884,5.73));
#5965=CARTESIAN_POINT('',(-1.625,3.2107304840674,4.39818540179604));
#5966=CARTESIAN_POINT('',(2.14,3.2107304840674,4.39818540179604));
#5967=CARTESIAN_POINT('',(2.14,3.85840000000001,4.02));
#5968=CARTESIAN_POINT('',(1.625,3.85840000000001,4.02));
#5969=CARTESIAN_POINT('',(1.625,3.16649978794072,3.73056244792301));
#5970=CARTESIAN_POINT('',(0.875,3.85840000000001,4.02));
#5971=CARTESIAN_POINT('',(0.875,3.16649978794072,3.73056244792301));
#5972=CARTESIAN_POINT('',(2.14,3.16649978794072,3.73056244792301));
#5973=CARTESIAN_POINT('',(2.14,3.85840000000001,4.02));
#5974=CARTESIAN_POINT('',(-0.875,3.85840000000001,4.02));
#5975=CARTESIAN_POINT('',(-0.875,3.16649978794072,3.73056244792301));
#5976=CARTESIAN_POINT('',(-1.625,3.85840000000001,4.02));
#5977=CARTESIAN_POINT('',(-1.625,3.16649978794072,3.73056244792301));
#5978=CARTESIAN_POINT('',(2.14,3.16649978794072,3.73056244792301));
#5979=CARTESIAN_POINT('',(2.14,3.16649978794072,3.73056244792301));
#5980=CARTESIAN_POINT('',(1.625,3.16649978794072,3.73056244792301));
#5981=CARTESIAN_POINT('',(0.875,3.16649978794072,3.73056244792301));
#5982=CARTESIAN_POINT('',(2.14,3.16649978794072,3.73056244792301));
#5983=CARTESIAN_POINT('',(-0.875,3.16649978794072,3.73056244792301));
#5984=CARTESIAN_POINT('',(-1.625,3.16649978794072,3.73056244792301));
#5985=CARTESIAN_POINT('',(2.14,5.8698,-0.345000000000001));
#5986=CARTESIAN_POINT('',(1.625,5.8698,-0.345000000000001));
#5987=CARTESIAN_POINT('',(1.625,7.81419438769772,3.69472788998091));
#5988=CARTESIAN_POINT('',(0.875,5.8698,-0.345000000000001));
#5989=CARTESIAN_POINT('',(0.875,7.81419438769772,3.69472788998091));
#5990=CARTESIAN_POINT('',(2.14,7.81419438769772,3.69472788998091));
#5991=CARTESIAN_POINT('',(2.14,5.8698,-0.345000000000001));
#5992=CARTESIAN_POINT('',(-0.875,5.8698,-0.345000000000001));
#5993=CARTESIAN_POINT('',(-0.875,7.81419438769772,3.69472788998091));
#5994=CARTESIAN_POINT('',(-1.625,5.8698,-0.345000000000001));
#5995=CARTESIAN_POINT('',(-1.625,7.81419438769772,3.69472788998091));
#5996=CARTESIAN_POINT('',(2.14,7.81419438769772,3.69472788998091));
#5997=CARTESIAN_POINT('',(2.14,7.13840000000001,4.02));
#5998=CARTESIAN_POINT('',(1.625,7.13840000000001,4.02));
#5999=CARTESIAN_POINT('',(1.625,7.7860695159326,4.39818540179604));
#6000=CARTESIAN_POINT('',(0.875,7.13840000000001,4.02));
#6001=CARTESIAN_POINT('',(0.875,7.7860695159326,4.39818540179604));
#6002=CARTESIAN_POINT('',(2.14,7.7860695159326,4.39818540179604));
#6003=CARTESIAN_POINT('',(2.14,7.13840000000001,4.02));
#6004=CARTESIAN_POINT('',(-0.875,7.13840000000001,4.02));
#6005=CARTESIAN_POINT('',(-0.875,7.7860695159326,4.39818540179604));
#6006=CARTESIAN_POINT('',(-1.625,7.13840000000001,4.02));
#6007=CARTESIAN_POINT('',(-1.625,7.7860695159326,4.39818540179604));
#6008=CARTESIAN_POINT('',(2.14,7.7860695159326,4.39818540179604));
#6009=CARTESIAN_POINT('',(2.14,7.7860695159326,4.39818540179604));
#6010=CARTESIAN_POINT('',(1.625,7.7860695159326,4.39818540179604));
#6011=CARTESIAN_POINT('',(0.875,7.7860695159326,4.39818540179604));
#6012=CARTESIAN_POINT('',(2.14,7.7860695159326,4.39818540179604));
#6013=CARTESIAN_POINT('',(-0.875,7.7860695159326,4.39818540179604));
#6014=CARTESIAN_POINT('',(-1.625,7.7860695159326,4.39818540179604));
#6015=CARTESIAN_POINT('',(2.14,7.1384,4.02));
#6016=CARTESIAN_POINT('',(2.14,7.1384,-1.5));
#6017=CARTESIAN_POINT('',(2.14,5.6198,-3.275));
#6018=CARTESIAN_POINT('',(2.14,7.1384,-1.5));
#6019=CARTESIAN_POINT('',(2.14,7.1384,-4.6));
#6020=CARTESIAN_POINT('',(2.14,5.1214,-4.6));
#6021=CARTESIAN_POINT('',(2.14,5.1214,-5.225));
#6022=CARTESIAN_POINT('',(2.14,5.1214,-3.525));
#6023=CARTESIAN_POINT('',(2.14,5.1214,-3.525));
#6024=CARTESIAN_POINT('',(2.14,5.6198,-3.525));
#6025=CARTESIAN_POINT('',(2.14,5.6198,-3.525));
#6026=CARTESIAN_POINT('',(2.14,5.6198,-4.6));
#6027=CARTESIAN_POINT('',(2.14,7.1384,-4.6));
#6028=CARTESIAN_POINT('',(-2.14,7.1384,4.02));
#6029=CARTESIAN_POINT('',(-2.14,7.1384,-1.5));
#6030=CARTESIAN_POINT('',(-2.14,7.1384,-4.6));
#6031=CARTESIAN_POINT('',(-2.14,5.6198,-4.6));
#6032=CARTESIAN_POINT('',(-2.14,5.6198,-3.525));
#6033=CARTESIAN_POINT('',(-2.14,5.6198,-3.525));
#6034=CARTESIAN_POINT('',(-2.14,5.1214,-3.525));
#6035=CARTESIAN_POINT('',(-2.14,5.1214,-3.525));
#6036=CARTESIAN_POINT('',(-2.14,5.1214,-5.225));
#6037=CARTESIAN_POINT('',(-2.14,5.1214,-4.6));
#6038=CARTESIAN_POINT('',(-2.14,7.1384,-4.6));
#6039=CARTESIAN_POINT('',(-2.14,7.1384,-1.5));
#6040=CARTESIAN_POINT('',(-2.14,5.6198,-3.275));
#6041=CARTESIAN_POINT('',(2.14,4.8714,-4.975));
#6042=CARTESIAN_POINT('',(1.575,4.8714,-4.975));
#6043=CARTESIAN_POINT('',(1.575,3.9315,-4.975));
#6044=CARTESIAN_POINT('',(0.925,4.8714,-4.975));
#6045=CARTESIAN_POINT('',(0.925,3.9315,-4.975));
#6046=CARTESIAN_POINT('',(2.14,3.9315,-4.975));
#6047=CARTESIAN_POINT('',(2.14,4.8714,-4.975));
#6048=CARTESIAN_POINT('',(-0.925,4.8714,-4.975));
#6049=CARTESIAN_POINT('',(-0.925,3.9315,-4.975));
#6050=CARTESIAN_POINT('',(-1.575,4.8714,-4.975));
#6051=CARTESIAN_POINT('',(-1.575,3.9315,-4.975));
#6052=CARTESIAN_POINT('',(2.14,3.9315,-4.975));
#6053=CARTESIAN_POINT('',(2.14,3.9315,-4.975));
#6054=CARTESIAN_POINT('',(1.575,3.9315,-4.975));
#6055=CARTESIAN_POINT('',(1.575,3.9315,-11.3));
#6056=CARTESIAN_POINT('',(0.925,3.9315,-4.975));
#6057=CARTESIAN_POINT('',(0.925,3.9315,-11.3));
#6058=CARTESIAN_POINT('',(2.14,3.9315,-11.3));
#6059=CARTESIAN_POINT('',(2.14,3.9315,-4.975));
#6060=CARTESIAN_POINT('',(-0.925,3.9315,-4.975));
#6061=CARTESIAN_POINT('',(-0.925,3.9315,-11.3));
#6062=CARTESIAN_POINT('',(-1.575,3.9315,-4.975));
#6063=CARTESIAN_POINT('',(-1.575,3.9315,-11.3));
#6064=CARTESIAN_POINT('',(2.14,3.9315,-11.3));
#6065=CARTESIAN_POINT('',(2.14,3.9315,-11.3));
#6066=CARTESIAN_POINT('',(1.575,9.0714,-11.3));
#6067=CARTESIAN_POINT('',(1.575,4.1965,-11.3));
#6068=CARTESIAN_POINT('',(0.925,-0.199999999999999,-11.3));
#6069=CARTESIAN_POINT('',(0.925,4.1965,-11.3));
#6070=CARTESIAN_POINT('',(2.14,4.1965,-11.3));
#6071=CARTESIAN_POINT('',(2.14,3.9315,-11.3));
#6072=CARTESIAN_POINT('',(-0.925,9.0714,-11.3));
#6073=CARTESIAN_POINT('',(-0.925,4.1965,-11.3));
#6074=CARTESIAN_POINT('',(-1.575,-0.199999999999999,-11.3));
#6075=CARTESIAN_POINT('',(-1.575,4.1965,-11.3));
#6076=CARTESIAN_POINT('',(2.14,4.1965,-11.3));
#6077=CARTESIAN_POINT('',(2.14,4.1965,-11.3));
#6078=CARTESIAN_POINT('',(1.575,4.1965,-11.3));
#6079=CARTESIAN_POINT('',(1.575,4.1965,-5.225));
#6080=CARTESIAN_POINT('',(0.925,4.1965,-11.3));
#6081=CARTESIAN_POINT('',(0.925,4.1965,-5.225));
#6082=CARTESIAN_POINT('',(2.14,4.1965,-5.225));
#6083=CARTESIAN_POINT('',(2.14,4.1965,-11.3));
#6084=CARTESIAN_POINT('',(-0.925,4.1965,-11.3));
#6085=CARTESIAN_POINT('',(-0.925,4.1965,-5.225));
#6086=CARTESIAN_POINT('',(-1.575,4.1965,-11.3));
#6087=CARTESIAN_POINT('',(-1.575,4.1965,-5.225));
#6088=CARTESIAN_POINT('',(2.14,4.1965,-5.225));
#6089=CARTESIAN_POINT('',(2.14,4.1965,-5.225));
#6090=CARTESIAN_POINT('',(1.575,4.1965,-5.225));
#6091=CARTESIAN_POINT('',(1.575,5.1214,-5.225));
#6092=CARTESIAN_POINT('',(0.925,4.1965,-5.225));
#6093=CARTESIAN_POINT('',(0.925,5.1214,-5.225));
#6094=CARTESIAN_POINT('',(2.14,5.1214,-5.225));
#6095=CARTESIAN_POINT('',(2.14,4.1965,-5.225));
#6096=CARTESIAN_POINT('',(-0.925,4.1965,-5.225));
#6097=CARTESIAN_POINT('',(-0.925,5.1214,-5.225));
#6098=CARTESIAN_POINT('',(-1.575,4.1965,-5.225));
#6099=CARTESIAN_POINT('',(-1.575,5.1214,-5.225));
#6100=CARTESIAN_POINT('',(2.14,5.1214,-5.225));
#6101=CARTESIAN_POINT('',(2.14,5.1214,-5.225));
#6102=CARTESIAN_POINT('',(1.575,5.1214,-5.225));
#6103=CARTESIAN_POINT('',(1.575,5.1214,-4.6));
#6104=CARTESIAN_POINT('',(0.925,5.1214,-5.225));
#6105=CARTESIAN_POINT('',(0.925,5.1214,-4.6));
#6106=CARTESIAN_POINT('',(2.14,5.1214,-4.6));
#6107=CARTESIAN_POINT('',(-0.925,5.1214,-4.6));
#6108=CARTESIAN_POINT('',(-0.925,5.1214,-5.225));
#6109=CARTESIAN_POINT('',(-1.575,5.1214,-5.225));
#6110=CARTESIAN_POINT('',(-1.575,5.1214,-4.6));
#6111=CARTESIAN_POINT('',(2.14,5.1214,-4.6));
#6112=CARTESIAN_POINT('',(2.14,5.1214,-3.525));
#6113=CARTESIAN_POINT('',(2.14,5.1214,-4.6));
#6114=CARTESIAN_POINT('',(2.14,5.6198,-3.525));
#6115=CARTESIAN_POINT('',(-1.575,5.6198,-3.525));
#6116=CARTESIAN_POINT('',(-1.575,5.6198,-5.225));
#6117=CARTESIAN_POINT('',(-1.575,5.6198,-4.6));
#6118=CARTESIAN_POINT('',(2.14,5.6198,-5.225));
#6119=CARTESIAN_POINT('',(-0.925,5.6198,-5.225));
#6120=CARTESIAN_POINT('',(-0.925,5.6198,-3.525));
#6121=CARTESIAN_POINT('',(-0.925,5.6198,-4.6));
#6122=CARTESIAN_POINT('',(2.14,5.6198,-4.6));
#6123=CARTESIAN_POINT('',(0.925,5.6198,-4.6));
#6124=CARTESIAN_POINT('',(0.925,5.6198,-3.525));
#6125=CARTESIAN_POINT('',(0.925,5.6198,-5.225));
#6126=CARTESIAN_POINT('',(2.14,5.6198,-5.225));
#6127=CARTESIAN_POINT('',(1.575,5.6198,-5.225));
#6128=CARTESIAN_POINT('',(1.575,5.6198,-3.525));
#6129=CARTESIAN_POINT('',(1.575,5.6198,-4.6));
#6130=CARTESIAN_POINT('',(2.14,5.6198,-4.6));
#6131=CARTESIAN_POINT('',(2.14,5.6198,-3.525));
#6132=CARTESIAN_POINT('',(2.14,5.6198,-4.6));
#6133=CARTESIAN_POINT('',(2.14,5.6198,-5.225));
#6134=CARTESIAN_POINT('',(1.575,5.6198,-5.225));
#6135=CARTESIAN_POINT('',(1.575,7.1315,-5.225));
#6136=CARTESIAN_POINT('',(0.925,5.6198,-5.225));
#6137=CARTESIAN_POINT('',(0.925,7.1315,-5.225));
#6138=CARTESIAN_POINT('',(2.14,7.1315,-5.225));
#6139=CARTESIAN_POINT('',(2.14,5.6198,-5.225));
#6140=CARTESIAN_POINT('',(-0.925,5.6198,-5.225));
#6141=CARTESIAN_POINT('',(-0.925,7.1315,-5.225));
#6142=CARTESIAN_POINT('',(-1.575,5.6198,-5.225));
#6143=CARTESIAN_POINT('',(-1.575,7.1315,-5.225));
#6144=CARTESIAN_POINT('',(2.14,7.1315,-5.225));
#6145=CARTESIAN_POINT('',(2.14,7.1315,-5.225));
#6146=CARTESIAN_POINT('',(1.575,7.1315,-5.225));
#6147=CARTESIAN_POINT('',(1.575,7.1315,-11.3));
#6148=CARTESIAN_POINT('',(0.925,7.1315,-5.225));
#6149=CARTESIAN_POINT('',(0.925,7.1315,-11.3));
#6150=CARTESIAN_POINT('',(2.14,7.1315,-11.3));
#6151=CARTESIAN_POINT('',(2.14,7.1315,-5.225));
#6152=CARTESIAN_POINT('',(-0.925,7.1315,-5.225));
#6153=CARTESIAN_POINT('',(-0.925,7.1315,-11.3));
#6154=CARTESIAN_POINT('',(-1.575,7.1315,-5.225));
#6155=CARTESIAN_POINT('',(-1.575,7.1315,-11.3));
#6156=CARTESIAN_POINT('',(2.14,7.1315,-11.3));
#6157=CARTESIAN_POINT('',(2.14,7.1315,-11.3));
#6158=CARTESIAN_POINT('',(1.575,9.0714,-11.3));
#6159=CARTESIAN_POINT('',(1.575,7.3965,-11.3));
#6160=CARTESIAN_POINT('',(0.925,-0.199999999999999,-11.3));
#6161=CARTESIAN_POINT('',(0.925,7.3965,-11.3));
#6162=CARTESIAN_POINT('',(2.14,7.3965,-11.3));
#6163=CARTESIAN_POINT('',(2.14,7.1315,-11.3));
#6164=CARTESIAN_POINT('',(-0.925,9.0714,-11.3));
#6165=CARTESIAN_POINT('',(-0.925,7.3965,-11.3));
#6166=CARTESIAN_POINT('',(-1.575,-0.199999999999999,-11.3));
#6167=CARTESIAN_POINT('',(-1.575,7.3965,-11.3));
#6168=CARTESIAN_POINT('',(2.14,7.3965,-11.3));
#6169=CARTESIAN_POINT('',(2.14,7.3965,-11.3));
#6170=CARTESIAN_POINT('',(1.575,7.3965,-11.3));
#6171=CARTESIAN_POINT('',(1.575,7.3965,-4.975));
#6172=CARTESIAN_POINT('',(0.925,7.3965,-11.3));
#6173=CARTESIAN_POINT('',(0.925,7.3965,-4.975));
#6174=CARTESIAN_POINT('',(2.14,7.3965,-4.975));
#6175=CARTESIAN_POINT('',(2.14,7.3965,-11.3));
#6176=CARTESIAN_POINT('',(-0.925,7.3965,-11.3));
#6177=CARTESIAN_POINT('',(-0.925,7.3965,-4.975));
#6178=CARTESIAN_POINT('',(-1.575,7.3965,-11.3));
#6179=CARTESIAN_POINT('',(-1.575,7.3965,-4.975));
#6180=CARTESIAN_POINT('',(2.14,7.3965,-4.975));
#6181=CARTESIAN_POINT('',(2.14,7.3965,-4.975));
#6182=CARTESIAN_POINT('',(1.575,7.3965,-4.975));
#6183=CARTESIAN_POINT('',(0.925,7.3965,-4.975));
#6184=CARTESIAN_POINT('',(2.14,7.3965,-4.975));
#6185=CARTESIAN_POINT('',(-0.925,7.3965,-4.975));
#6186=CARTESIAN_POINT('',(-1.575,7.3965,-4.975));
#6187=CARTESIAN_POINT('',(2.14,5.6198,-3.275));
#6188=CARTESIAN_POINT('',(2.14,5.1214,-3.525));
#6189=CARTESIAN_POINT('',(0.,0.,-4.6));
#6190=CARTESIAN_POINT('',(-1.575,-0.199999999999999,-4.6));
#6191=CARTESIAN_POINT('',(-1.575,-0.199999999999999,-4.6));
#6192=CARTESIAN_POINT('',(0.,0.,-4.6));
#6193=CARTESIAN_POINT('',(-1.575,-0.199999999999999,-4.6));
#6194=CARTESIAN_POINT('',(-1.575,-0.199999999999999,-4.6));
#6195=CARTESIAN_POINT('',(0.,0.,-4.6));
#6196=CARTESIAN_POINT('',(1.575,9.0714,-4.6));
#6197=CARTESIAN_POINT('',(1.575,9.0714,-4.6));
#6198=CARTESIAN_POINT('',(0.,0.,-4.6));
#6199=CARTESIAN_POINT('',(1.575,9.0714,-4.6));
#6200=CARTESIAN_POINT('',(1.575,9.0714,-4.6));
#6201=CARTESIAN_POINT('',(0.,0.,-4.6));
#6202=CARTESIAN_POINT('',(-0.925,9.0714,-4.6));
#6203=CARTESIAN_POINT('',(0.925,-0.199999999999999,-4.6));
#6204=CARTESIAN_POINT('',(-0.925,9.0714,-4.6));
#6205=CARTESIAN_POINT('',(0.925,-0.199999999999999,-4.6));
#6206=CARTESIAN_POINT('',(0.925,-0.199999999999999,-4.6));
#6207=CARTESIAN_POINT('',(0.925,-0.199999999999999,-4.6));
#6208=CARTESIAN_POINT('',(-0.925,9.0714,-4.6));
#6209=CARTESIAN_POINT('',(-0.925,9.0714,-4.6));
#6210=CARTESIAN_POINT('',(0.,0.,-4.6));
#6211=CARTESIAN_POINT('',(-1.625,10.8,-1.5));
#6212=CARTESIAN_POINT('',(-1.625,10.8,-1.5));
#6213=CARTESIAN_POINT('',(-1.625,10.8,8.));
#6214=CARTESIAN_POINT('',(-1.625,10.8,-1.5));
#6215=CARTESIAN_POINT('',(-1.625,10.8,-1.5));
#6216=CARTESIAN_POINT('',(-1.625,10.8,8.));
#6217=CARTESIAN_POINT('',(7.,10.8,-1.5));
#6218=CARTESIAN_POINT('',(1.625,10.8,-1.5));
#6219=CARTESIAN_POINT('',(1.625,10.8,-1.5));
#6220=CARTESIAN_POINT('',(7.,10.8,-1.5));
#6221=CARTESIAN_POINT('',(1.625,10.8,-1.5));
#6222=CARTESIAN_POINT('',(1.625,10.8,-1.5));
#6223=CARTESIAN_POINT('',(-0.875,10.8,-1.5));
#6224=CARTESIAN_POINT('',(-0.875,10.8,-1.5));
#6225=CARTESIAN_POINT('',(0.875,10.8,8.));
#6226=CARTESIAN_POINT('',(0.875,10.8,-1.5));
#6227=CARTESIAN_POINT('',(0.875,10.8,-1.5));
#6228=CARTESIAN_POINT('',(0.875,10.8,-1.5));
#6229=CARTESIAN_POINT('',(0.875,10.8,-1.5));
#6230=CARTESIAN_POINT('',(-0.875,10.8,-1.5));
#6231=CARTESIAN_POINT('',(0.875,10.8,8.));
#6232=CARTESIAN_POINT('',(-0.875,10.8,-1.5));
#6233=CARTESIAN_POINT('',(0.,0.,0.));
#6234=MECHANICAL_DESIGN_GEOMETRIC_PRESENTATION_REPRESENTATION('',(#3849,
#3850,#3851),#6235);
#6235=(
GEOMETRIC_REPRESENTATION_CONTEXT(3)
GLOBAL_UNCERTAINTY_ASSIGNED_CONTEXT((#6239))
GLOBAL_UNIT_ASSIGNED_CONTEXT((#6245,#6244,#6243))
REPRESENTATION_CONTEXT('USB-B-S-F-W-VT','TOP_LEVEL_ASSEMBLY_PART')
);
#6236=(
GEOMETRIC_REPRESENTATION_CONTEXT(3)
GLOBAL_UNCERTAINTY_ASSIGNED_CONTEXT((#6240))
GLOBAL_UNIT_ASSIGNED_CONTEXT((#6245,#6244,#6243))
REPRESENTATION_CONTEXT('USB-B-S-VT_S','COMPONENT_PART')
);
#6237=(
GEOMETRIC_REPRESENTATION_CONTEXT(3)
GLOBAL_UNCERTAINTY_ASSIGNED_CONTEXT((#6241))
GLOBAL_UNIT_ASSIGNED_CONTEXT((#6245,#6244,#6243))
REPRESENTATION_CONTEXT('USB-B-S-W-VT_B','COMPONENT_PART')
);
#6238=(
GEOMETRIC_REPRESENTATION_CONTEXT(3)
GLOBAL_UNCERTAINTY_ASSIGNED_CONTEXT((#6242))
GLOBAL_UNIT_ASSIGNED_CONTEXT((#6245,#6244,#6243))
REPRESENTATION_CONTEXT('USB-B-S-VT_P','COMPONENT_PART')
);
#6239=UNCERTAINTY_MEASURE_WITH_UNIT(LENGTH_MEASURE(1.E-5),#6245,
'DISTANCE_ACCURACY_VALUE','Maximum Tolerance applied to model');
#6240=UNCERTAINTY_MEASURE_WITH_UNIT(LENGTH_MEASURE(1.E-5),#6245,
'DISTANCE_ACCURACY_VALUE','Maximum Tolerance applied to model');
#6241=UNCERTAINTY_MEASURE_WITH_UNIT(LENGTH_MEASURE(1.E-5),#6245,
'DISTANCE_ACCURACY_VALUE','Maximum Tolerance applied to model');
#6242=UNCERTAINTY_MEASURE_WITH_UNIT(LENGTH_MEASURE(1.E-5),#6245,
'DISTANCE_ACCURACY_VALUE','Maximum Tolerance applied to model');
#6243=(
NAMED_UNIT(*)
SI_UNIT($,.STERADIAN.)
SOLID_ANGLE_UNIT()
);
#6244=(
NAMED_UNIT(*)
PLANE_ANGLE_UNIT()
SI_UNIT($,.RADIAN.)
);
#6245=(
LENGTH_UNIT()
NAMED_UNIT(*)
SI_UNIT(.MILLI.,.METRE.)
);
#6246=PRODUCT_DEFINITION_SHAPE('','',#6253);
#6247=PRODUCT_DEFINITION_SHAPE('','',#6254);
#6248=PRODUCT_DEFINITION_SHAPE(' ','NAUO PRDDFN',#23);
#6249=PRODUCT_DEFINITION_SHAPE('','',#6255);
#6250=PRODUCT_DEFINITION_SHAPE(' ','NAUO PRDDFN',#24);
#6251=PRODUCT_DEFINITION_SHAPE('','',#6256);
#6252=PRODUCT_DEFINITION_SHAPE(' ','NAUO PRDDFN',#25);
#6253=PRODUCT_DEFINITION('','',#6261,#6257);
#6254=PRODUCT_DEFINITION('','',#6262,#6258);
#6255=PRODUCT_DEFINITION('','',#6263,#6259);
#6256=PRODUCT_DEFINITION('','',#6264,#6260);
#6257=PRODUCT_DEFINITION_CONTEXT('',#6282,'design');
#6258=PRODUCT_DEFINITION_CONTEXT('',#6282,'design');
#6259=PRODUCT_DEFINITION_CONTEXT('',#6282,'design');
#6260=PRODUCT_DEFINITION_CONTEXT('',#6282,'design');
#6261=PRODUCT_DEFINITION_FORMATION_WITH_SPECIFIED_SOURCE('','',#6269,
 .NOT_KNOWN.);
#6262=PRODUCT_DEFINITION_FORMATION_WITH_SPECIFIED_SOURCE('','',#6270,
 .NOT_KNOWN.);
#6263=PRODUCT_DEFINITION_FORMATION_WITH_SPECIFIED_SOURCE('','',#6271,
 .NOT_KNOWN.);
#6264=PRODUCT_DEFINITION_FORMATION_WITH_SPECIFIED_SOURCE('','',#6272,
 .NOT_KNOWN.);
#6265=PRODUCT_RELATED_PRODUCT_CATEGORY('','',(#6269));
#6266=PRODUCT_RELATED_PRODUCT_CATEGORY('','',(#6270));
#6267=PRODUCT_RELATED_PRODUCT_CATEGORY('','',(#6271));
#6268=PRODUCT_RELATED_PRODUCT_CATEGORY('','',(#6272));
#6269=PRODUCT('USB-B-S-F-W-VT','USB-B-S-F-W-VT','USB-B-S-F-W-VT',(#6277));
#6270=PRODUCT('USB-B-S-VT_S','USB-B-S-VT_S','USB-B-S-VT_S',(#6278));
#6271=PRODUCT('USB-B-S-W-VT_B','USB-B-S-W-VT_B','USB-B-S-W-VT_B',(#6279));
#6272=PRODUCT('USB-B-S-VT_P','USB-B-S-VT_P','USB-B-S-VT_P',(#6280));
#6273=PRODUCT_CATEGORY('','');
#6274=PRODUCT_CATEGORY('','');
#6275=PRODUCT_CATEGORY('','');
#6276=PRODUCT_CATEGORY('','');
#6277=PRODUCT_CONTEXT('',#6282,'mechanical');
#6278=PRODUCT_CONTEXT('',#6282,'mechanical');
#6279=PRODUCT_CONTEXT('',#6282,'mechanical');
#6280=PRODUCT_CONTEXT('',#6282,'mechanical');
#6281=APPLICATION_PROTOCOL_DEFINITION('international standard',
'automotive_design',2010,#6282);
#6282=APPLICATION_CONTEXT(
'core data for automotive mechanical design processes');
ENDSEC;
END-ISO-10303-21;
