ISO-10303-21;
HEADER;
FILE_DESCRIPTION (( 'STEP AP214' ),
    '1' );
FILE_NAME ('5227699-1.STEP',
    '2025-06-09T23:17:35',
    ( '' ),
    ( '' ),
    'SwSTEP 2.0',
    'SolidWorks 2021',
    '' );
FILE_SCHEMA (( 'AUTOMOTIVE_DESIGN' ));
ENDSEC;

DATA;
#1 = PRODUCT_DEFINITION_SHAPE ( 'NONE', 'NONE',  #1000 ) ;
#2 = DIRECTION ( 'NONE',  ( 0.000000000000000000, 1.000000000000000000, 0.000000000000000000 ) ) ;
#3 = AXIS2_PLACEMENT_3D ( 'NONE', #534, #1084, #252 ) ;
#4 = COLOUR_RGB ( '',1.000000000000000000, 1.000000000000000000, 1.000000000000000000 ) ;
#5 = CARTESIAN_POINT ( 'NONE',  ( -4.733778803035934679, 12.77408783578385076, -0.8000989367055334478 ) ) ;
#6 = CARTESIAN_POINT ( 'NONE',  ( -7.725000000000000533, 2.359999999999999876, -8.724999999999999645 ) ) ;
#7 = AXIS2_PLACEMENT_3D ( 'NONE', #585, #284, #557 ) ;
#8 = PRESENTATION_LAYER_ASSIGNMENT (  '', '', ( #839 ) ) ;
#9 = CARTESIAN_POINT ( 'NONE',  ( -6.349999999999999645, -6.599999999999999645, 6.620000000000000107 ) ) ;
#10 = ADVANCED_FACE ( 'NONE', ( #1343 ), #359, .T. ) ;
#11 = ORIENTED_EDGE ( 'NONE', *, *, #1286, .T. ) ;
#12 = AXIS2_PLACEMENT_3D ( 'NONE', #148, #428, #286 ) ;
#13 = ADVANCED_FACE ( 'NONE', ( #1580 ), #338, .T. ) ;
#14 = VERTEX_POINT ( 'NONE', #1096 ) ;
#15 = DIRECTION ( 'NONE',  ( 0.000000000000000000, -1.000000000000000000, 0.000000000000000000 ) ) ;
#16 = DIRECTION ( 'NONE',  ( 1.000000000000000000, 0.000000000000000000, 1.107270303814983373E-14 ) ) ;
#17 = CARTESIAN_POINT ( 'NONE',  ( 8.724999999999997868, 0.000000000000000000, 8.724999999999997868 ) ) ;
#18 = DIRECTION ( 'NONE',  ( 0.000000000000000000, 0.000000000000000000, 1.000000000000000000 ) ) ;
#19 = DIRECTION ( 'NONE',  ( -1.000000000000000000, 0.000000000000000000, -1.107270303814983373E-14 ) ) ;
#20 = EDGE_LOOP ( 'NONE', ( #1551, #124 ) ) ;
#21 = ADVANCED_FACE ( 'NONE', ( #1363 ), #976, .F. ) ;
#22 = ORIENTED_EDGE ( 'NONE', *, *, #609, .F. ) ;
#23 = CARTESIAN_POINT ( 'NONE',  ( -6.349999999999999645, 0.000000000000000000, 5.879999999999999893 ) ) ;
#24 = DIRECTION ( 'NONE',  ( 0.000000000000000000, 0.7071067811865441310, 0.7071067811865507924 ) ) ;
#25 = CARTESIAN_POINT ( 'NONE',  ( 0.000000000000000000, 14.26000000000000334, -2.875000000000000000 ) ) ;
#26 = UNCERTAINTY_MEASURE_WITH_UNIT (LENGTH_MEASURE( 1.000000000000000082E-05 ), #49, 'distance_accuracy_value', 'NONE');
#27 = DIRECTION ( 'NONE',  ( 0.000000000000000000, 0.7071067811865485719, 0.7071067811865465735 ) ) ;
#28 = DIRECTION ( 'NONE',  ( 0.000000000000000000, 0.000000000000000000, -1.000000000000000000 ) ) ;
#29 = ORIENTED_EDGE ( 'NONE', *, *, #1191, .F. ) ;
#30 = ORIENTED_EDGE ( 'NONE', *, *, #1362, .T. ) ;
#31 = CARTESIAN_POINT ( 'NONE',  ( 0.000000000000000000, 16.26000000000000512, 4.299999999999999822 ) ) ;
#32 = ADVANCED_FACE ( 'NONE', ( #679 ), #662, .F. ) ;
#33 = CARTESIAN_POINT ( 'NONE',  ( 0.000000000000000000, 0.2000000000000000111, -2.875000000000000000 ) ) ;
#34 = DIRECTION ( 'NONE',  ( 0.000000000000000000, 0.000000000000000000, 1.000000000000000000 ) ) ;
#35 = VECTOR ( 'NONE', #1604, 1000.000000000000000 ) ;
#36 = CARTESIAN_POINT ( 'NONE',  ( 4.733955223281300917, 11.54469475848533833, 0.7989488135761200205 ) ) ;
#37 = CIRCLE ( 'NONE', #100, 0.2700000000000002953 ) ;
#38 = DIRECTION ( 'NONE',  ( -0.000000000000000000, -1.000000000000000000, -0.000000000000000000 ) ) ;
#39 = AXIS2_PLACEMENT_3D ( 'NONE', #1347, #1800, #1613 ) ;
#40 = ORIENTED_EDGE ( 'NONE', *, *, #1631, .F. ) ;
#41 = AXIS2_PLACEMENT_3D ( 'NONE', #833, #537, #1227 ) ;
#42 = AXIS2_PLACEMENT_3D ( 'NONE', #1517, #942, #1353 ) ;
#43 = ORIENTED_EDGE ( 'NONE', *, *, #495, .F. ) ;
#44 = CARTESIAN_POINT ( 'NONE',  ( 5.265981236333618470E-16, 2.359999999999999432, -4.299999999999999822 ) ) ;
#45 = FACE_OUTER_BOUND ( 'NONE', #1373, .T. ) ;
#46 = UNCERTAINTY_MEASURE_WITH_UNIT (LENGTH_MEASURE( 1.000000000000000082E-05 ), #400, 'distance_accuracy_value', 'NONE');
#47 = EDGE_CURVE ( 'NONE', #1335, #612, #1792, .T. ) ;
#48 = CYLINDRICAL_SURFACE ( 'NONE', #1346, 4.299999999999999822 ) ;
#49 =( LENGTH_UNIT ( ) NAMED_UNIT ( * ) SI_UNIT ( .MILLI., .METRE. ) );
#50 = ORIENTED_EDGE ( 'NONE', *, *, #412, .F. ) ;
#51 = VERTEX_POINT ( 'NONE', #700 ) ;
#52 = CARTESIAN_POINT ( 'NONE',  ( 5.755839955992559655E-17, 14.26000000000000334, 0.4699999999999999734 ) ) ;
#53 = CARTESIAN_POINT ( 'NONE',  ( -6.349999999999999645, -6.599999999999999645, 6.079999999999999183 ) ) ;
#54 =( LENGTH_UNIT ( ) NAMED_UNIT ( * ) SI_UNIT ( .MILLI., .METRE. ) );
#55 = CARTESIAN_POINT ( 'NONE',  ( 0.000000000000000000, 2.359999999999999432, 4.299999999999999822 ) ) ;
#56 = CARTESIAN_POINT ( 'NONE',  ( 8.724999999999997868, 2.359999999999999876, -8.725000000000001421 ) ) ;
#57 = ADVANCED_FACE ( 'NONE', ( #1219 ), #520, .F. ) ;
#58 = DIRECTION ( 'NONE',  ( 0.000000000000000000, 0.000000000000000000, 1.000000000000000000 ) ) ;
#59 = EDGE_LOOP ( 'NONE', ( #1190, #1295 ) ) ;
#60 = DIRECTION ( 'NONE',  ( -1.000000000000000000, 0.000000000000000000, -1.047444401652940007E-14 ) ) ;
#61 = CARTESIAN_POINT ( 'NONE',  ( 0.000000000000000000, -6.599999999999999645, 0.000000000000000000 ) ) ;
#62 = APPLICATION_PROTOCOL_DEFINITION ( 'draft international standard', 'automotive_design', 1998, #1676 ) ;
#63 = DIRECTION ( 'NONE',  ( 1.000000000000000000, -0.000000000000000000, -9.941108744852762574E-17 ) ) ;
#64 = CARTESIAN_POINT ( 'NONE',  ( 0.000000000000000000, 2.359999999999999432, 0.000000000000000000 ) ) ;
#65 =( GEOMETRIC_REPRESENTATION_CONTEXT ( 3 ) GLOBAL_UNCERTAINTY_ASSIGNED_CONTEXT ( ( #1432 ) ) GLOBAL_UNIT_ASSIGNED_CONTEXT ( ( #1147, #458, #720 ) ) REPRESENTATION_CONTEXT ( 'NONE', 'WORKASPACE' ) );
#66 = CIRCLE ( 'NONE', #1120, 0.2700000000000010725 ) ;
#67 = EDGE_CURVE ( 'NONE', #549, #991, #943, .T. ) ;
#68 = EDGE_LOOP ( 'NONE', ( #629, #645, #1035, #1317 ) ) ;
#69 = AXIS2_PLACEMENT_3D ( 'NONE', #1504, #818, #1785 ) ;
#70 = EDGE_CURVE ( 'NONE', #298, #1469, #601, .T. ) ;
#71 = ORIENTED_EDGE ( 'NONE', *, *, #1440, .F. ) ;
#72 = CIRCLE ( 'NONE', #1552, 0.2700000000000002953 ) ;
#73 = CIRCLE ( 'NONE', #1099, 1.000000000000000000 ) ;
#74 = LINE ( 'NONE', #1449, #565 ) ;
#75 = VECTOR ( 'NONE', #488, 1000.000000000000000 ) ;
#76 = CARTESIAN_POINT ( 'NONE',  ( 3.306546357697888246E-17, -6.599999999999997868, -0.2700000000000028488 ) ) ;
#77 = ORIENTED_EDGE ( 'NONE', *, *, #1070, .T. ) ;
#78 = DIRECTION ( 'NONE',  ( -0.000000000000000000, -1.000000000000000000, -0.000000000000000000 ) ) ;
#79 = FACE_BOUND ( 'NONE', #247, .T. ) ;
#80 = VERTEX_POINT ( 'NONE', #807 ) ;
#81 = ORIENTED_EDGE ( 'NONE', *, *, #1263, .T. ) ;
#82 = EDGE_CURVE ( 'NONE', #80, #1779, #1238, .T. ) ;
#83 = DIRECTION ( 'NONE',  ( 0.000000000000000000, -1.000000000000000000, 0.000000000000000000 ) ) ;
#84 = CARTESIAN_POINT ( 'NONE',  ( 6.349999999999999645, -6.399999999999999467, -6.349999999999999645 ) ) ;
#85 = CARTESIAN_POINT ( 'NONE',  ( 3.520859547548640440E-16, 0.000000000000000000, 2.875000000000000000 ) ) ;
#86 = ORIENTED_EDGE ( 'NONE', *, *, #1512, .T. ) ;
#87 = ORIENTED_EDGE ( 'NONE', *, *, #912, .T. ) ;
#88 = ADVANCED_FACE ( 'NONE', ( #393 ), #1510, .T. ) ;
#89 = DIRECTION ( 'NONE',  ( 0.000000000000000000, 0.000000000000000000, -1.000000000000000000 ) ) ;
#90 = SHAPE_DEFINITION_REPRESENTATION ( #1, #718 ) ;
#91 = ORIENTED_EDGE ( 'NONE', *, *, #672, .T. ) ;
#92 = FACE_OUTER_BOUND ( 'NONE', #591, .T. ) ;
#93 = CYLINDRICAL_SURFACE ( 'NONE', #572, 0.3199999999999998956 ) ;
#94 = ORIENTED_EDGE ( 'NONE', *, *, #817, .T. ) ;
#95 = CIRCLE ( 'NONE', #1608, 1.000000000000000000 ) ;
#96 = CARTESIAN_POINT ( 'NONE',  ( -6.349999999999999645, 0.000000000000000000, 6.349999999999999645 ) ) ;
#97 = MANIFOLD_SOLID_BREP ( 'Chamfer2', #678 ) ;
#98 = AXIS2_PLACEMENT_3D ( 'NONE', #205, #1754, #766 ) ;
#99 = EDGE_LOOP ( 'NONE', ( #176, #350, #170, #1241 ) ) ;
#100 = AXIS2_PLACEMENT_3D ( 'NONE', #1494, #669, #410 ) ;
#101 = VECTOR ( 'NONE', #1665, 1000.000000000000000 ) ;
#102 =( LENGTH_UNIT ( ) NAMED_UNIT ( * ) SI_UNIT ( .MILLI., .METRE. ) );
#103 = ORIENTED_EDGE ( 'NONE', *, *, #1418, .F. ) ;
#104 = AXIS2_PLACEMENT_3D ( 'NONE', #579, #870, #1424 ) ;
#105 = CARTESIAN_POINT ( 'NONE',  ( 0.000000000000000000, 16.26000000000000512, 0.000000000000000000 ) ) ;
#106 = DIRECTION ( 'NONE',  ( 0.000000000000000000, 0.000000000000000000, -1.000000000000000000 ) ) ;
#107 = DIRECTION ( 'NONE',  ( 1.000000000000000000, 0.000000000000000000, 9.637352644315584100E-15 ) ) ;
#108 = VERTEX_POINT ( 'NONE', #385 ) ;
#109 = DIRECTION ( 'NONE',  ( -0.000000000000000000, 1.000000000000000000, -0.000000000000000000 ) ) ;
#110 = ORIENTED_EDGE ( 'NONE', *, *, #146, .T. ) ;
#111 = CARTESIAN_POINT ( 'NONE',  ( 7.724999999999998757, 0.000000000000000000, -8.725000000000001421 ) ) ;
#112 = CARTESIAN_POINT ( 'NONE',  ( -4.694677837722200486, 12.16000000000000369, -1.000000000000000888 ) ) ;
#113 = CARTESIAN_POINT ( 'NONE',  ( 6.349999999999933031, 0.000000000000000000, 6.350000000000066258 ) ) ;
#114 = CYLINDRICAL_SURFACE ( 'NONE', #570, 0.4699999999999999178 ) ;
#115 = EDGE_CURVE ( 'NONE', #477, #328, #1515, .T. ) ;
#116 = VERTEX_POINT ( 'NONE', #135 ) ;
#117 = ORIENTED_EDGE ( 'NONE', *, *, #126, .F. ) ;
#118 = DIRECTION ( 'NONE',  ( 0.000000000000000000, 1.000000000000000000, 0.000000000000000000 ) ) ;
#119 = CARTESIAN_POINT ( 'NONE',  ( 4.761298595701590308, 12.95892560568809060, -0.6153947615712306307 ) ) ;
#120 = SURFACE_STYLE_USAGE ( .BOTH. , #280 ) ;
#121 = DIRECTION ( 'NONE',  ( 1.000000000000000000, 0.000000000000000000, 3.690901012716611242E-15 ) ) ;
#122 = MANIFOLD_SOLID_BREP ( 'CirPattern1[3]', #1703 ) ;
#123 = VECTOR ( 'NONE', #1655, 1000.000000000000000 ) ;
#124 = ORIENTED_EDGE ( 'NONE', *, *, #1228, .T. ) ;
#125 = CIRCLE ( 'NONE', #98, 0.4699999999999999178 ) ;
#126 = EDGE_CURVE ( 'NONE', #1563, #1088, #1355, .T. ) ;
#127 = VECTOR ( 'NONE', #502, 1000.000000000000000 ) ;
#128 = CARTESIAN_POINT ( 'NONE',  ( 7.724999999999998757, 2.359999999999999876, -8.725000000000001421 ) ) ;
#129 = AXIS2_PLACEMENT_3D ( 'NONE', #1633, #1338, #89 ) ;
#130 = AXIS2_PLACEMENT_3D ( 'NONE', #969, #1078, #952 ) ;
#131 = CARTESIAN_POINT ( 'NONE',  ( 6.349999999999999645, -6.599999999999999645, -6.079999999999999183 ) ) ;
#132 = AXIS2_PLACEMENT_3D ( 'NONE', #1239, #819, #1671 ) ;
#133 = CARTESIAN_POINT ( 'NONE',  ( 4.774880368313839440, 13.03288878844773180, -0.5053164495755045893 ) ) ;
#134 = AXIS2_PLACEMENT_3D ( 'NONE', #1457, #1726, #1053 ) ;
#135 = CARTESIAN_POINT ( 'NONE',  ( 3.918869757271528981E-17, 14.26000000000000334, -0.3199999999999998956 ) ) ;
#136 = LINE ( 'NONE', #693, #1410 ) ;
#137 = EDGE_LOOP ( 'NONE', ( #29, #71, #675, #1151 ) ) ;
#138 = FACE_BOUND ( 'NONE', #20, .T. ) ;
#139 = EDGE_CURVE ( 'NONE', #1461, #265, #1788, .T. ) ;
#140 = CARTESIAN_POINT ( 'NONE',  ( 6.349999999999999645, -6.599999999999999645, -6.349999999999999645 ) ) ;
#141 = CARTESIAN_POINT ( 'NONE',  ( 4.800012807691476091, 13.16006147692549888, 0.1315522113424960893 ) ) ;
#142 = DIRECTION ( 'NONE',  ( 1.000000000000000000, 0.000000000000000000, 3.690901012716611242E-15 ) ) ;
#143 = CARTESIAN_POINT ( 'NONE',  ( -6.349999999999999645, -6.599999999999999645, 6.079999999999999183 ) ) ;
#144 = EDGE_LOOP ( 'NONE', ( #200, #11, #702, #1007 ) ) ;
#145 = CYLINDRICAL_SURFACE ( 'NONE', #1550, 1.000000000000000000 ) ;
#146 = EDGE_CURVE ( 'NONE', #1753, #116, #437, .T. ) ;
#147 = CYLINDRICAL_SURFACE ( 'NONE', #396, 0.4699999999999999178 ) ;
#148 = CARTESIAN_POINT ( 'NONE',  ( 5.535000000000000142, 11.16000000000000369, 0.000000000000000000 ) ) ;
#149 = ADVANCED_FACE ( 'NONE', ( #1691 ), #1529, .F. ) ;
#150 = EDGE_LOOP ( 'NONE', ( #1474, #87, #822, #1657 ) ) ;
#151 = VERTEX_POINT ( 'NONE', #1015 ) ;
#152 = FACE_OUTER_BOUND ( 'NONE', #1302, .T. ) ;
#153 = CIRCLE ( 'NONE', #1728, 4.299999999999999822 ) ;
#154 = CARTESIAN_POINT ( 'NONE',  ( -4.800010658358011106, 13.16005116012221698, -0.1304614984166204139 ) ) ;
#155 = DIRECTION ( 'NONE',  ( 0.000000000000000000, 0.000000000000000000, 1.000000000000000000 ) ) ;
#156 = COLOUR_RGB ( '',0.8509803921568627194, 0.8509803921568627194, 0.8509803921568627194 ) ;
#157 = DIRECTION ( 'NONE',  ( 0.000000000000000000, -1.000000000000000000, 0.000000000000000000 ) ) ;
#158 = DIRECTION ( 'NONE',  ( 0.000000000000000000, 0.000000000000000000, -1.000000000000000000 ) ) ;
#159 = ADVANCED_FACE ( 'NONE', ( #445 ), #315, .T. ) ;
#160 = CIRCLE ( 'NONE', #1040, 0.3199999999999998956 ) ;
#161 = ORIENTED_EDGE ( 'NONE', *, *, #768, .T. ) ;
#162 = EDGE_LOOP ( 'NONE', ( #1806, #1617 ) ) ;
#163 = DIRECTION ( 'NONE',  ( 0.000000000000000000, 1.000000000000000000, 0.000000000000000000 ) ) ;
#164 = DIRECTION ( 'NONE',  ( 0.000000000000000000, 0.000000000000000000, -1.000000000000000000 ) ) ;
#165 = CARTESIAN_POINT ( 'NONE',  ( 0.000000000000000000, 16.26000000000000512, 0.000000000000000000 ) ) ;
#166 = CARTESIAN_POINT ( 'NONE',  ( -7.725000000000000533, 0.000000000000000000, -8.724999999999999645 ) ) ;
#167 = FILL_AREA_STYLE_COLOUR ( '', #156 ) ;
#168 = EDGE_CURVE ( 'NONE', #258, #1756, #892, .T. ) ;
#169 = ORIENTED_EDGE ( 'NONE', *, *, #228, .F. ) ;
#170 = ORIENTED_EDGE ( 'NONE', *, *, #139, .T. ) ;
#171 = FACE_OUTER_BOUND ( 'NONE', #576, .T. ) ;
#172 = CARTESIAN_POINT ( 'NONE',  ( 5.879999999999933280, -7.929360748630709388, 6.350000000000060929 ) ) ;
#173 = DIRECTION ( 'NONE',  ( 0.000000000000000000, -1.000000000000000000, 0.000000000000000000 ) ) ;
#174 = CARTESIAN_POINT ( 'NONE',  ( 4.700466982778046088, 11.89743922962579781, 0.9737729858824365481 ) ) ;
#175 = FILL_AREA_STYLE ('',( #1560 ) ) ;
#176 = ORIENTED_EDGE ( 'NONE', *, *, #1228, .F. ) ;
#177 = ORIENTED_EDGE ( 'NONE', *, *, #1275, .F. ) ;
#178 = FACE_OUTER_BOUND ( 'NONE', #524, .T. ) ;
#179 = EDGE_CURVE ( 'NONE', #1005, #916, #871, .T. ) ;
#180 = SURFACE_STYLE_FILL_AREA ( #1464 ) ;
#181 = LINE ( 'NONE', #745, #1709 ) ;
#182 = AXIS2_PLACEMENT_3D ( 'NONE', #823, #793, #546 ) ;
#183 = VERTEX_POINT ( 'NONE', #1416 ) ;
#184 = CARTESIAN_POINT ( 'NONE',  ( 4.775027888955252209, 11.28633474119564539, 0.5036537856254602596 ) ) ;
#185 = AXIS2_PLACEMENT_3D ( 'NONE', #435, #1252, #1527 ) ;
#186 = LINE ( 'NONE', #1692, #654 ) ;
#187 = CIRCLE ( 'NONE', #1348, 1.000000000000000000 ) ;
#188 = VERTEX_POINT ( 'NONE', #166 ) ;
#189 = VECTOR ( 'NONE', #1407, 1000.000000000000000 ) ;
#190 = CIRCLE ( 'NONE', #1588, 0.4699999999999999178 ) ;
#191 = EDGE_LOOP ( 'NONE', ( #1707, #1593, #846, #117 ) ) ;
#192 = DIRECTION ( 'NONE',  ( 0.000000000000000000, 0.000000000000000000, -1.000000000000000000 ) ) ;
#193 = EDGE_CURVE ( 'NONE', #116, #1359, #450, .T. ) ;
#194 = EDGE_CURVE ( 'NONE', #1045, #618, #1403, .T. ) ;
#195 = LINE ( 'NONE', #221, #1294 ) ;
#196 = CARTESIAN_POINT ( 'NONE',  ( -6.349999999999977440, -6.399999999999999467, -6.350000000000022737 ) ) ;
#197 = CARTESIAN_POINT ( 'NONE',  ( -5.535000000000000142, 11.16000000000000369, 0.000000000000000000 ) ) ;
#198 = DIRECTION ( 'NONE',  ( 0.000000000000000000, 0.000000000000000000, 1.000000000000000000 ) ) ;
#199 = ORIENTED_EDGE ( 'NONE', *, *, #1570, .T. ) ;
#200 = ORIENTED_EDGE ( 'NONE', *, *, #456, .T. ) ;
#201 = PLANE ( 'NONE',  #1438 ) ;
#202 = PLANE ( 'NONE',  #1579 ) ;
#203 = DIRECTION ( 'NONE',  ( 1.000000000000000000, 0.000000000000000000, 3.690901012716611242E-15 ) ) ;
#204 = EDGE_CURVE ( 'NONE', #737, #1283, #1632, .T. ) ;
#205 = CARTESIAN_POINT ( 'NONE',  ( 6.349999999999933031, 0.000000000000000000, 6.350000000000066258 ) ) ;
#206 = DIRECTION ( 'NONE',  ( 0.000000000000000000, -1.000000000000000000, 0.000000000000000000 ) ) ;
#207 = ADVANCED_FACE ( 'NONE', ( #334 ), #907, .T. ) ;
#208 = VERTEX_POINT ( 'NONE', #55 ) ;
#209 = ORIENTED_EDGE ( 'NONE', *, *, #179, .T. ) ;
#210 =( LENGTH_UNIT ( ) NAMED_UNIT ( * ) SI_UNIT ( .MILLI., .METRE. ) );
#211 = CARTESIAN_POINT ( 'NONE',  ( 6.619999999999933493, -6.599999999999999645, 6.350000000000068923 ) ) ;
#212 = DIRECTION ( 'NONE',  ( 0.000000000000000000, -1.000000000000000000, 0.000000000000000000 ) ) ;
#213 = CARTESIAN_POINT ( 'NONE',  ( 6.079999999999932569, -6.599999999999999645, 6.350000000000061817 ) ) ;
#214 = AXIS2_PLACEMENT_3D ( 'NONE', #1041, #505, #1452 ) ;
#215 = AXIS2_PLACEMENT_3D ( 'NONE', #948, #967, #267 ) ;
#216 = ORIENTED_EDGE ( 'NONE', *, *, #82, .T. ) ;
#217 = EDGE_CURVE ( 'NONE', #1359, #116, #622, .T. ) ;
#218 = STYLED_ITEM ( 'NONE', ( #1772 ), #738 ) ;
#219 = ORIENTED_EDGE ( 'NONE', *, *, #789, .T. ) ;
#220 = CIRCLE ( 'NONE', #604, 1.000000000000000000 ) ;
#221 = CARTESIAN_POINT ( 'NONE',  ( 0.000000000000000000, 12.16000000000000369, 1.000000000000000888 ) ) ;
#222 = PRODUCT_DEFINITION_FORMATION_WITH_SPECIFIED_SOURCE ( 'ANY', '', #1400, .NOT_KNOWN. ) ;
#223 = CARTESIAN_POINT ( 'NONE',  ( 5.535000000000000142, 12.16000000000000369, -1.000000000000000888 ) ) ;
#224 = ORIENTED_EDGE ( 'NONE', *, *, #1089, .T. ) ;
#225 = PLANE ( 'NONE',  #1232 ) ;
#226 = DIRECTION ( 'NONE',  ( -0.000000000000000000, -1.000000000000000000, -0.000000000000000000 ) ) ;
#227 = EDGE_LOOP ( 'NONE', ( #1732, #1276, #382, #584 ) ) ;
#228 = EDGE_CURVE ( 'NONE', #1421, #1704, #1727, .T. ) ;
#229 = ORIENTED_EDGE ( 'NONE', *, *, #1310, .T. ) ;
#230 = CYLINDRICAL_SURFACE ( 'NONE', #1760, 0.4699999999999999178 ) ;
#231 = LINE ( 'NONE', #358, #1270 ) ;
#232 = ORIENTED_EDGE ( 'NONE', *, *, #250, .F. ) ;
#233 = CARTESIAN_POINT ( 'NONE',  ( 0.000000000000000000, -9.802236636408618864, 0.000000000000000000 ) ) ;
#234 = DIRECTION ( 'NONE',  ( 1.000000000000000000, 0.000000000000000000, 3.212450881438528296E-15 ) ) ;
#235 = ORIENTED_EDGE ( 'NONE', *, *, #1745, .F. ) ;
#236 = DIRECTION ( 'NONE',  ( 0.000000000000000000, 1.000000000000000000, 0.000000000000000000 ) ) ;
#237 = ORIENTED_EDGE ( 'NONE', *, *, #1392, .T. ) ;
#238 = LINE ( 'NONE', #966, #566 ) ;
#239 = EDGE_CURVE ( 'NONE', #108, #917, #125, .T. ) ;
#240 = EDGE_LOOP ( 'NONE', ( #1277, #802 ) ) ;
#241 = DIRECTION ( 'NONE',  ( -0.000000000000000000, 1.000000000000000000, -0.000000000000000000 ) ) ;
#242 = LINE ( 'NONE', #1795, #484 ) ;
#243 = DIRECTION ( 'NONE',  ( -0.000000000000000000, -1.000000000000000000, -0.000000000000000000 ) ) ;
#244 = AXIS2_PLACEMENT_3D ( 'NONE', #1485, #243, #1381 ) ;
#245 = CARTESIAN_POINT ( 'NONE',  ( 6.349999999999999645, -7.929360748630709388, -6.819999999999999396 ) ) ;
#246 = PRESENTATION_LAYER_ASSIGNMENT (  '', '', ( #1037 ) ) ;
#247 = EDGE_LOOP ( 'NONE', ( #43, #1256 ) ) ;
#248 = CIRCLE ( 'NONE', #836, 1.000000000000000888 ) ;
#249 = AXIS2_PLACEMENT_3D ( 'NONE', #735, #1415, #850 ) ;
#250 = EDGE_CURVE ( 'NONE', #711, #328, #361, .T. ) ;
#251 = ORIENTED_EDGE ( 'NONE', *, *, #239, .F. ) ;
#252 = DIRECTION ( 'NONE',  ( 0.000000000000000000, 0.000000000000000000, -1.000000000000000000 ) ) ;
#253 = FACE_OUTER_BOUND ( 'NONE', #1758, .T. ) ;
#254 = SURFACE_STYLE_USAGE ( .BOTH. , #1105 ) ;
#255 = DIRECTION ( 'NONE',  ( 0.000000000000000000, -1.000000000000000000, 0.000000000000000000 ) ) ;
#256 = EDGE_LOOP ( 'NONE', ( #788, #748, #1293, #828 ) ) ;
#257 = FACE_OUTER_BOUND ( 'NONE', #1032, .T. ) ;
#258 = VERTEX_POINT ( 'NONE', #481 ) ;
#259 = CARTESIAN_POINT ( 'NONE',  ( 0.000000000000000000, 14.26000000000000334, -0.4699999999999999734 ) ) ;
#260 = CARTESIAN_POINT ( 'NONE',  ( 0.000000000000000000, -9.802236636408618864, 4.299999999999999822 ) ) ;
#261 = EDGE_CURVE ( 'NONE', #635, #309, #860, .T. ) ;
#262 = CARTESIAN_POINT ( 'NONE',  ( -6.619999999999977902, -6.599999999999999645, -6.350000000000022737 ) ) ;
#263 = DIRECTION ( 'NONE',  ( -0.000000000000000000, -1.000000000000000000, -0.000000000000000000 ) ) ;
#264 = EDGE_CURVE ( 'NONE', #151, #1330, #95, .T. ) ;
#265 = VERTEX_POINT ( 'NONE', #625 ) ;
#266 = DIRECTION ( 'NONE',  ( 0.000000000000000000, 1.000000000000000000, 0.000000000000000000 ) ) ;
#267 = DIRECTION ( 'NONE',  ( 0.000000000000000000, 0.000000000000000000, -1.000000000000000000 ) ) ;
#268 = CARTESIAN_POINT ( 'NONE',  ( 4.694677837722200486, 12.16000000000000369, -1.000000000000000888 ) ) ;
#269 = CYLINDRICAL_SURFACE ( 'NONE', #1672, 1.000000000000000888 ) ;
#270 = ADVANCED_FACE ( 'NONE', ( #760 ), #346, .T. ) ;
#271 = ORIENTED_EDGE ( 'NONE', *, *, #1047, .T. ) ;
#272 = CIRCLE ( 'NONE', #563, 0.4699999999999999734 ) ;
#273 = AXIS2_PLACEMENT_3D ( 'NONE', #1048, #756, #1442 ) ;
#274 = FACE_OUTER_BOUND ( 'NONE', #150, .T. ) ;
#275 =( NAMED_UNIT ( * ) SI_UNIT ( $, .STERADIAN. ) SOLID_ANGLE_UNIT ( ) );
#276 = PRESENTATION_LAYER_ASSIGNMENT (  '', '', ( #218 ) ) ;
#277 = DIRECTION ( 'NONE',  ( 0.000000000000000000, -1.000000000000000000, 0.000000000000000000 ) ) ;
#278 = CARTESIAN_POINT ( 'NONE',  ( -4.694677837722200486, 12.02749775122507003, 1.000000000000001110 ) ) ;
#279 = AXIS2_PLACEMENT_3D ( 'NONE', #908, #206, #643 ) ;
#280 = SURFACE_SIDE_STYLE ('',( #419 ) ) ;
#281 = CARTESIAN_POINT ( 'NONE',  ( 0.000000000000000000, 12.16000000000000369, -1.000000000000000888 ) ) ;
#282 = ORIENTED_EDGE ( 'NONE', *, *, #47, .F. ) ;
#283 = ADVANCED_FACE ( 'NONE', ( #898, #774 ), #225, .F. ) ;
#284 = DIRECTION ( 'NONE',  ( 0.000000000000000000, -1.000000000000000000, 0.000000000000000000 ) ) ;
#285 = CARTESIAN_POINT ( 'NONE',  ( -4.794405989575077243, 13.13404522188840673, -0.2616885117374978531 ) ) ;
#286 = DIRECTION ( 'NONE',  ( 0.000000000000000000, 0.000000000000000000, -1.000000000000000000 ) ) ;
#287 = CARTESIAN_POINT ( 'NONE',  ( 5.535000000000000142, 12.16000000000000369, 0.000000000000000000 ) ) ;
#288 = DIRECTION ( 'NONE',  ( -0.000000000000000000, -1.000000000000000000, 0.000000000000000000 ) ) ;
#289 = ORIENTED_EDGE ( 'NONE', *, *, #228, .T. ) ;
#290 = VERTEX_POINT ( 'NONE', #1187 ) ;
#291 = CARTESIAN_POINT ( 'NONE',  ( -4.694677837722200486, 12.16000000000000192, 1.000000000000000888 ) ) ;
#292 = ADVANCED_FACE ( 'NONE', ( #786 ), #1725, .T. ) ;
#293 = CARTESIAN_POINT ( 'NONE',  ( -4.700466982778046088, 12.42256077037420603, 0.9737729858824365481 ) ) ;
#294 = DIRECTION ( 'NONE',  ( -0.000000000000000000, 1.000000000000000000, -0.000000000000000000 ) ) ;
#295 = DIRECTION ( 'NONE',  ( 0.000000000000000000, 1.000000000000000000, 0.000000000000000000 ) ) ;
#296 = LINE ( 'NONE', #1023, #189 ) ;
#297 = VERTEX_POINT ( 'NONE', #1590 ) ;
#298 = VERTEX_POINT ( 'NONE', #353 ) ;
#299 = CARTESIAN_POINT ( 'NONE',  ( -6.349999999999977440, -7.929360748630709388, -6.350000000000022737 ) ) ;
#300 = AXIS2_PLACEMENT_3D ( 'NONE', #913, #1059, #1444 ) ;
#301 = AXIS2_PLACEMENT_3D ( 'NONE', #140, #587, #1710 ) ;
#302 = CARTESIAN_POINT ( 'NONE',  ( 0.000000000000000000, 16.26000000000000512, 0.000000000000000000 ) ) ;
#303 = CYLINDRICAL_SURFACE ( 'NONE', #104, 0.4699999999999999178 ) ;
#304 = COLOUR_RGB ( '',0.8509803921568627194, 0.8509803921568627194, 0.8509803921568627194 ) ;
#305 = EDGE_CURVE ( 'NONE', #51, #1169, #1149, .T. ) ;
#306 = CIRCLE ( 'NONE', #1039, 1.000000000000000888 ) ;
#307 = DIRECTION ( 'NONE',  ( 0.000000000000000000, 0.000000000000000000, 1.000000000000000000 ) ) ;
#308 = CIRCLE ( 'NONE', #459, 4.299999999999999822 ) ;
#309 = VERTEX_POINT ( 'NONE', #1718 ) ;
#310 = AXIS2_PLACEMENT_3D ( 'NONE', #757, #1057, #1166 ) ;
#311 = EDGE_LOOP ( 'NONE', ( #770, #1793, #289, #1114 ) ) ;
#312 = DIRECTION ( 'NONE',  ( 0.000000000000000000, 0.000000000000000000, 1.000000000000000000 ) ) ;
#313 = CARTESIAN_POINT ( 'NONE',  ( -4.720176919283991523, 12.66459731598001781, 0.8732431132735344326 ) ) ;
#314 = DIRECTION ( 'NONE',  ( 0.000000000000000000, 0.000000000000000000, -1.000000000000000000 ) ) ;
#315 = CYLINDRICAL_SURFACE ( 'NONE', #918, 0.4699999999999999734 ) ;
#316 = ORIENTED_EDGE ( 'NONE', *, *, #1542, .T. ) ;
#317 = EDGE_CURVE ( 'NONE', #525, #365, #1194, .T. ) ;
#318 = VERTEX_POINT ( 'NONE', #1201 ) ;
#319 = LINE ( 'NONE', #245, #542 ) ;
#320 = FACE_OUTER_BOUND ( 'NONE', #1216, .T. ) ;
#321 = CARTESIAN_POINT ( 'NONE',  ( 6.349999999999999645, -6.599999999999999645, -6.620000000000000107 ) ) ;
#322 = VERTEX_POINT ( 'NONE', #1333 ) ;
#323 = CARTESIAN_POINT ( 'NONE',  ( 4.761353157039371453, 11.36078014898785860, 0.6149531500026925723 ) ) ;
#324 = SURFACE_STYLE_USAGE ( .BOTH. , #468 ) ;
#325 = B_SPLINE_CURVE_WITH_KNOTS ( 'NONE', 3,
 ( #1387, #1116, #293, #313, #1667, #427, #1414, #1401, #1130, #154, #285, #1011, #849, #5, #1271, #877, #1393, #1557 ),
 .UNSPECIFIED., .F., .F.,
 ( 4, 2, 2, 2, 2, 2, 2, 2, 4 ),
 ( 1.748223473168675632E-18, 0.0003918807198030639909, 0.0007837614396061262471, 0.001175642159409188287, 0.001567522879212250326, 0.001959403599015312365, 0.002351284318818373971, 0.002743165038621436010, 0.003135045758424497616 ),
 .UNSPECIFIED. ) ;
#326 = ORIENTED_EDGE ( 'NONE', *, *, #239, .T. ) ;
#327 = EDGE_CURVE ( 'NONE', #1799, #1492, #1260, .T. ) ;
#328 = VERTEX_POINT ( 'NONE', #374 ) ;
#329 = DIRECTION ( 'NONE',  ( -1.000000000000000000, -0.000000000000000000, -0.000000000000000000 ) ) ;
#330 = AXIS2_PLACEMENT_3D ( 'NONE', #616, #1052, #610 ) ;
#331 = FACE_OUTER_BOUND ( 'NONE', #902, .T. ) ;
#332 = PRESENTATION_STYLE_ASSIGNMENT (( #1028 ) ) ;
#333 = AXIS2_PLACEMENT_3D ( 'NONE', #443, #734, #1001 ) ;
#334 = FACE_OUTER_BOUND ( 'NONE', #397, .T. ) ;
#335 = AXIS2_PLACEMENT_3D ( 'NONE', #578, #1137, #1689 ) ;
#336 = CARTESIAN_POINT ( 'NONE',  ( 0.000000000000000000, 12.16000000000000369, 0.000000000000000000 ) ) ;
#337 = CIRCLE ( 'NONE', #1611, 0.4699999999999999178 ) ;
#338 = CYLINDRICAL_SURFACE ( 'NONE', #865, 0.4699999999999999178 ) ;
#339 = CIRCLE ( 'NONE', #482, 0.4699999999999999734 ) ;
#340 = AXIS2_PLACEMENT_3D ( 'NONE', #728, #1002, #1528 ) ;
#341 = VERTEX_POINT ( 'NONE', #933 ) ;
#342 = DIRECTION ( 'NONE',  ( 0.000000000000000000, 0.000000000000000000, 1.000000000000000000 ) ) ;
#343 = ADVANCED_FACE ( 'NONE', ( #1475 ), #48, .F. ) ;
#344 = ADVANCED_FACE ( 'NONE', ( #1766, #659 ), #1103, .T. ) ;
#345 = UNCERTAINTY_MEASURE_WITH_UNIT (LENGTH_MEASURE( 1.000000000000000082E-05 ), #1371, 'distance_accuracy_value', 'NONE');
#346 = CYLINDRICAL_SURFACE ( 'NONE', #1757, 1.000000000000000888 ) ;
#347 = CARTESIAN_POINT ( 'NONE',  ( 6.349999999999999645, 0.000000000000000000, -5.879999999999999893 ) ) ;
#348 = B_SPLINE_CURVE_WITH_KNOTS ( 'NONE', 3,
 ( #112, #1809, #392, #535, #1784, #804, #1085, #559, #1775, #1496, #418, #1093, #527, #1626, #1502, #975, #278, #660 ),
 .UNSPECIFIED., .F., .F.,
 ( 4, 2, 2, 2, 2, 2, 2, 2, 4 ),
 ( 0.003135045758424497616, 0.003526823917211153927, 0.003918602075997810671, 0.004310380234784466982, 0.004702158393571123293, 0.005093936552357779604, 0.005485714711144435915, 0.005877492869931093093, 0.006269271028717749404 ),
 .UNSPECIFIED. ) ;
#349 = ORIENTED_EDGE ( 'NONE', *, *, #1674, .F. ) ;
#350 = ORIENTED_EDGE ( 'NONE', *, *, #378, .T. ) ;
#351 = FILL_AREA_STYLE_COLOUR ( '', #4 ) ;
#352 = EDGE_CURVE ( 'NONE', #938, #1454, #272, .T. ) ;
#353 = CARTESIAN_POINT ( 'NONE',  ( -5.879999999999977689, 0.000000000000000000, -6.350000000000020961 ) ) ;
#354 = DIRECTION ( 'NONE',  ( -0.000000000000000000, 1.000000000000000000, -0.000000000000000000 ) ) ;
#355 = VERTEX_POINT ( 'NONE', #111 ) ;
#356 = EDGE_LOOP ( 'NONE', ( #575, #110, #620, #710 ) ) ;
#357 = CARTESIAN_POINT ( 'NONE',  ( 5.879999999999933280, -6.399999999999999467, 6.350000000000060929 ) ) ;
#358 = CARTESIAN_POINT ( 'NONE',  ( 7.724999999999998757, 2.359999999999999876, 8.724999999999997868 ) ) ;
#359 = CONICAL_SURFACE ( 'NONE', #1761, 0.2700000000000002953, 0.7853981633974469467 ) ;
#360 = VERTEX_POINT ( 'NONE', #259 ) ;
#361 = LINE ( 'NONE', #1618, #680 ) ;
#362 = CARTESIAN_POINT ( 'NONE',  ( 0.000000000000000000, -6.400000000000003020, 0.000000000000000000 ) ) ;
#363 = EDGE_CURVE ( 'NONE', #360, #533, #518, .T. ) ;
#364 =( GEOMETRIC_REPRESENTATION_CONTEXT ( 3 ) GLOBAL_UNCERTAINTY_ASSIGNED_CONTEXT ( ( #1616 ) ) GLOBAL_UNIT_ASSIGNED_CONTEXT ( ( #210, #480, #473 ) ) REPRESENTATION_CONTEXT ( 'NONE', 'WORKASPACE' ) );
#365 = VERTEX_POINT ( 'NONE', #1109 ) ;
#366 = AXIS2_PLACEMENT_3D ( 'NONE', #1695, #1269, #577 ) ;
#367 = ORIENTED_EDGE ( 'NONE', *, *, #1585, .F. ) ;
#368 = CIRCLE ( 'NONE', #1383, 0.4699999999999999178 ) ;
#369 = AXIS2_PLACEMENT_3D ( 'NONE', #336, #1445, #198 ) ;
#370 = LINE ( 'NONE', #930, #1463 ) ;
#371 = STYLED_ITEM ( 'NONE', ( #332 ), #718 ) ;
#372 = SURFACE_SIDE_STYLE ('',( #1064 ) ) ;
#373 = ORIENTED_EDGE ( 'NONE', *, *, #399, .T. ) ;
#374 = CARTESIAN_POINT ( 'NONE',  ( 7.724999999999998757, 0.000000000000000000, 8.724999999999997868 ) ) ;
#375 = CARTESIAN_POINT ( 'NONE',  ( 7.724999999999998757, 0.000000000000000000, -7.725000000000001421 ) ) ;
#376 = ORIENTED_EDGE ( 'NONE', *, *, #217, .F. ) ;
#377 = CYLINDRICAL_SURFACE ( 'NONE', #1583, 0.4699999999999999178 ) ;
#378 = EDGE_CURVE ( 'NONE', #1169, #1461, #1794, .T. ) ;
#379 = ADVANCED_FACE ( 'NONE', ( #1351 ), #1341, .F. ) ;
#380 = ORIENTED_EDGE ( 'NONE', *, *, #352, .T. ) ;
#381 = CARTESIAN_POINT ( 'NONE',  ( -7.725000000000000533, 0.000000000000000000, 8.724999999999999645 ) ) ;
#382 = ORIENTED_EDGE ( 'NONE', *, *, #363, .T. ) ;
#383 = DIRECTION ( 'NONE',  ( -0.000000000000000000, -1.000000000000000000, -0.000000000000000000 ) ) ;
#384 = CARTESIAN_POINT ( 'NONE',  ( 6.349999999999999645, -6.399999999999999467, -5.879999999999999893 ) ) ;
#385 = CARTESIAN_POINT ( 'NONE',  ( 5.879999999999933280, 0.000000000000000000, 6.350000000000060929 ) ) ;
#386 = DIRECTION ( 'NONE',  ( -0.000000000000000000, -1.000000000000000000, 0.000000000000000000 ) ) ;
#387 = EDGE_LOOP ( 'NONE', ( #462, #448, #1540, #1345 ) ) ;
#388 = EDGE_CURVE ( 'NONE', #1622, #290, #1205, .T. ) ;
#389 = DIRECTION ( 'NONE',  ( -0.000000000000000000, 1.000000000000000000, -0.000000000000000000 ) ) ;
#390 = ORIENTED_EDGE ( 'NONE', *, *, #782, .F. ) ;
#391 = CYLINDRICAL_SURFACE ( 'NONE', #215, 1.000000000000000000 ) ;
#392 = CARTESIAN_POINT ( 'NONE',  ( -4.700485708110213601, 11.89739273251106688, -0.9736637735716940911 ) ) ;
#393 = FACE_OUTER_BOUND ( 'NONE', #531, .T. ) ;
#394 = AXIS2_PLACEMENT_3D ( 'NONE', #287, #879, #307 ) ;
#395 = CARTESIAN_POINT ( 'NONE',  ( -6.819999999999977192, -7.929360748630709388, -6.350000000000023626 ) ) ;
#396 = AXIS2_PLACEMENT_3D ( 'NONE', #727, #1680, #16 ) ;
#397 = EDGE_LOOP ( 'NONE', ( #1229, #229 ) ) ;
#398 = COLOUR_RGB ( '',0.8000000000000000444, 0.8000000000000000444, 0.8000000000000000444 ) ;
#399 = EDGE_CURVE ( 'NONE', #1454, #938, #801, .T. ) ;
#400 =( LENGTH_UNIT ( ) NAMED_UNIT ( * ) SI_UNIT ( .MILLI., .METRE. ) );
#401 = VECTOR ( 'NONE', #314, 1000.000000000000000 ) ;
#402 = EDGE_LOOP ( 'NONE', ( #177, #1300 ) ) ;
#403 = EDGE_CURVE ( 'NONE', #365, #298, #1369, .T. ) ;
#404 = CARTESIAN_POINT ( 'NONE',  ( 0.000000000000000000, 9.260000000000005116, 0.3199999999999998956 ) ) ;
#405 = DIRECTION ( 'NONE',  ( 0.000000000000000000, 1.000000000000000000, 0.000000000000000000 ) ) ;
#406 = DIRECTION ( 'NONE',  ( 0.000000000000000000, -0.000000000000000000, -1.000000000000000000 ) ) ;
#407 = DIRECTION ( 'NONE',  ( 0.000000000000000000, -1.000000000000000000, 0.000000000000000000 ) ) ;
#408 = ORIENTED_EDGE ( 'NONE', *, *, #1743, .T. ) ;
#409 = CARTESIAN_POINT ( 'NONE',  ( -6.349999999999999645, -7.929360748630709388, 6.819999999999999396 ) ) ;
#410 = DIRECTION ( 'NONE',  ( 0.000000000000000000, 0.000000000000000000, 1.000000000000000000 ) ) ;
#411 = CARTESIAN_POINT ( 'NONE',  ( 4.734009018268501734, 12.77570004925754432, 0.7986228563291833948 ) ) ;
#412 = EDGE_CURVE ( 'NONE', #447, #1643, #37, .T. ) ;
#413 = DIRECTION ( 'NONE',  ( -0.000000000000000000, -1.000000000000000000, 0.000000000000000000 ) ) ;
#414 = LINE ( 'NONE', #1511, #897 ) ;
#415 = ORIENTED_EDGE ( 'NONE', *, *, #904, .F. ) ;
#416 = DIRECTION ( 'NONE',  ( 0.000000000000000000, 0.000000000000000000, 1.000000000000000000 ) ) ;
#417 = CARTESIAN_POINT ( 'NONE',  ( 0.000000000000000000, 0.000000000000000000, 0.000000000000000000 ) ) ;
#418 = CARTESIAN_POINT ( 'NONE',  ( -4.794366155104742511, 11.18616220926571891, 0.2621699772524731520 ) ) ;
#419 = SURFACE_STYLE_FILL_AREA ( #1086 ) ;
#420 = DIRECTION ( 'NONE',  ( 0.000000000000000000, 1.000000000000000000, 0.000000000000000000 ) ) ;
#421 = ADVANCED_FACE ( 'NONE', ( #974 ), #391, .T. ) ;
#422 = ORIENTED_EDGE ( 'NONE', *, *, #1606, .T. ) ;
#423 = AXIS2_PLACEMENT_3D ( 'NONE', #1076, #1659, #1774 ) ;
#424 = AXIS2_PLACEMENT_3D ( 'NONE', #302, #868, #164 ) ;
#425 = FACE_OUTER_BOUND ( 'NONE', #1123, .T. ) ;
#426 = AXIS2_PLACEMENT_3D ( 'NONE', #656, #389, #515 ) ;
#427 = CARTESIAN_POINT ( 'NONE',  ( -4.761353157039371453, 12.95921985101215235, 0.6149531500026925723 ) ) ;
#428 = DIRECTION ( 'NONE',  ( 1.000000000000000000, 0.000000000000000000, 0.000000000000000000 ) ) ;
#429 = CIRCLE ( 'NONE', #655, 0.2700000000000002953 ) ;
#430 = CARTESIAN_POINT ( 'NONE',  ( 4.694677837722200486, 12.16000000000000369, -1.000000000000000888 ) ) ;
#431 = DIRECTION ( 'NONE',  ( 0.000000000000000000, 0.000000000000000000, -1.000000000000000000 ) ) ;
#432 = ORIENTED_EDGE ( 'NONE', *, *, #1392, .F. ) ;
#433 = ORIENTED_EDGE ( 'NONE', *, *, #685, .F. ) ;
#434 = DIRECTION ( 'NONE',  ( -0.000000000000000000, -1.000000000000000000, -0.000000000000000000 ) ) ;
#435 = CARTESIAN_POINT ( 'NONE',  ( 0.000000000000000000, 12.16000000000000369, 0.000000000000000000 ) ) ;
#436 = DIRECTION ( 'NONE',  ( 0.000000000000000000, 0.000000000000000000, 1.000000000000000000 ) ) ;
#437 = LINE ( 'NONE', #1559, #1090 ) ;
#438 = DIRECTION ( 'NONE',  ( 0.000000000000000000, 1.000000000000000000, -0.000000000000000000 ) ) ;
#439 = EDGE_LOOP ( 'NONE', ( #94, #1500 ) ) ;
#440 = ORIENTED_EDGE ( 'NONE', *, *, #1688, .F. ) ;
#441 = CARTESIAN_POINT ( 'NONE',  ( -7.725000000000000533, 0.000000000000000000, 7.725000000000000533 ) ) ;
#442 = ADVANCED_FACE ( 'NONE', ( #92 ), #829, .T. ) ;
#443 = CARTESIAN_POINT ( 'NONE',  ( 0.000000000000000000, 14.26000000000000334, 0.000000000000000000 ) ) ;
#444 = DIRECTION ( 'NONE',  ( 0.000000000000000000, -1.000000000000000000, 0.000000000000000000 ) ) ;
#445 = FACE_OUTER_BOUND ( 'NONE', #144, .T. ) ;
#446 = DIRECTION ( 'NONE',  ( 0.000000000000000000, 0.7071067811865485719, -0.7071067811865465735 ) ) ;
#447 = VERTEX_POINT ( 'NONE', #131 ) ;
#448 = ORIENTED_EDGE ( 'NONE', *, *, #1696, .T. ) ;
#449 = CARTESIAN_POINT ( 'NONE',  ( 6.819999999999932783, 0.000000000000000000, 6.350000000000071587 ) ) ;
#450 = CIRCLE ( 'NONE', #741, 0.3199999999999998956 ) ;
#451 = VECTOR ( 'NONE', #24, 1000.000000000000114 ) ;
#452 = EDGE_CURVE ( 'NONE', #322, #1753, #773, .T. ) ;
#453 = DIRECTION ( 'NONE',  ( 0.000000000000000000, 0.000000000000000000, -1.000000000000000000 ) ) ;
#454 = CARTESIAN_POINT ( 'NONE',  ( 7.724999999999998757, 2.359999999999999876, 7.724999999999998757 ) ) ;
#455 = AXIS2_PLACEMENT_3D ( 'NONE', #441, #1555, #312 ) ;
#456 = EDGE_CURVE ( 'NONE', #360, #1694, #682, .T. ) ;
#457 = CIRCLE ( 'NONE', #513, 0.4699999999999999178 ) ;
#458 =( NAMED_UNIT ( * ) PLANE_ANGLE_UNIT ( ) SI_UNIT ( $, .RADIAN. ) );
#459 = AXIS2_PLACEMENT_3D ( 'NONE', #64, #1342, #492 ) ;
#460 = ORIENTED_EDGE ( 'NONE', *, *, #1712, .T. ) ;
#461 = VECTOR ( 'NONE', #885, 1000.000000000000000 ) ;
#462 = ORIENTED_EDGE ( 'NONE', *, *, #1673, .T. ) ;
#463 = CARTESIAN_POINT ( 'NONE',  ( 0.000000000000000000, -6.599999999999999645, 0.000000000000000000 ) ) ;
#464 = FACE_OUTER_BOUND ( 'NONE', #1142, .T. ) ;
#465 = CARTESIAN_POINT ( 'NONE',  ( 8.724999999999997868, 2.359999999999999876, 7.724999999999998757 ) ) ;
#466 = ORIENTED_EDGE ( 'NONE', *, *, #1631, .T. ) ;
#467 = CARTESIAN_POINT ( 'NONE',  ( 4.774985726374328721, 11.28654479880831296, -0.5043024717073970598 ) ) ;
#468 = SURFACE_SIDE_STYLE ('',( #736 ) ) ;
#469 = EDGE_CURVE ( 'NONE', #683, #1563, #1790, .T. ) ;
#470 = ORIENTED_EDGE ( 'NONE', *, *, #82, .F. ) ;
#471 = ORIENTED_EDGE ( 'NONE', *, *, #1349, .F. ) ;
#472 = DIRECTION ( 'NONE',  ( -1.000000000000000000, 0.000000000000000000, -1.107270303814983373E-14 ) ) ;
#473 =( NAMED_UNIT ( * ) SI_UNIT ( $, .STERADIAN. ) SOLID_ANGLE_UNIT ( ) );
#474 = FILL_AREA_STYLE_COLOUR ( '', #657 ) ;
#475 = DIRECTION ( 'NONE',  ( -0.000000000000000000, 1.000000000000000000, -0.000000000000000000 ) ) ;
#476 = EDGE_CURVE ( 'NONE', #322, #1359, #1483, .T. ) ;
#477 = VERTEX_POINT ( 'NONE', #1360 ) ;
#478 = ORIENTED_EDGE ( 'NONE', *, *, #1297, .T. ) ;
#479 = CARTESIAN_POINT ( 'NONE',  ( 7.724999999999998757, 2.359999999999999876, -8.725000000000001421 ) ) ;
#480 =( NAMED_UNIT ( * ) PLANE_ANGLE_UNIT ( ) SI_UNIT ( $, .RADIAN. ) );
#481 = CARTESIAN_POINT ( 'NONE',  ( 5.535000000000000142, 12.16000000000000369, 1.000000000000000888 ) ) ;
#482 = AXIS2_PLACEMENT_3D ( 'NONE', #1426, #1538, #158 ) ;
#483 = ORIENTED_EDGE ( 'NONE', *, *, #1595, .F. ) ;
#484 = VECTOR ( 'NONE', #1660, 1000.000000000000000 ) ;
#485 = ORIENTED_EDGE ( 'NONE', *, *, #469, .T. ) ;
#486 = DIRECTION ( 'NONE',  ( -0.000000000000000000, -0.000000000000000000, 1.000000000000000000 ) ) ;
#487 = SURFACE_SIDE_STYLE ('',( #1192 ) ) ;
#488 = DIRECTION ( 'NONE',  ( 1.000000000000000000, -0.000000000000000000, -0.000000000000000000 ) ) ;
#489 = PRODUCT_DEFINITION_CONTEXT ( 'detailed design', #1158, 'design' ) ;
#490 = ORIENTED_EDGE ( 'NONE', *, *, #646, .F. ) ;
#491 = CARTESIAN_POINT ( 'NONE',  ( -7.725000000000000533, 2.359999999999999876, 7.725000000000000533 ) ) ;
#492 = DIRECTION ( 'NONE',  ( 0.000000000000000000, 0.000000000000000000, 1.000000000000000000 ) ) ;
#493 = VERTEX_POINT ( 'NONE', #803 ) ;
#494 = ORIENTED_EDGE ( 'NONE', *, *, #979, .T. ) ;
#495 = EDGE_CURVE ( 'NONE', #965, #916, #153, .T. ) ;
#496 = DIRECTION ( 'NONE',  ( 0.000000000000000000, -1.000000000000000000, 0.000000000000000000 ) ) ;
#497 = DIRECTION ( 'NONE',  ( 0.7071067811865465735, 0.7071067811865485719, 7.406550393246786959E-15 ) ) ;
#498 = CARTESIAN_POINT ( 'NONE',  ( -6.079999999999976978, -6.599999999999999645, -6.350000000000021849 ) ) ;
#499 = CARTESIAN_POINT ( 'NONE',  ( 5.755839955992559655E-17, 0.2000000000000000111, 0.4699999999999999734 ) ) ;
#500 = EDGE_LOOP ( 'NONE', ( #1634, #1214, #644, #380 ) ) ;
#501 = ORIENTED_EDGE ( 'NONE', *, *, #70, .T. ) ;
#502 = DIRECTION ( 'NONE',  ( 0.000000000000000000, 0.000000000000000000, -1.000000000000000000 ) ) ;
#503 = FILL_AREA_STYLE ('',( #474 ) ) ;
#504 = VERTEX_POINT ( 'NONE', #1635 ) ;
#505 = DIRECTION ( 'NONE',  ( 0.000000000000000000, 1.000000000000000000, 0.000000000000000000 ) ) ;
#506 = CARTESIAN_POINT ( 'NONE',  ( -6.819999999999977192, 0.000000000000000000, -6.350000000000023626 ) ) ;
#507 = VECTOR ( 'NONE', #1783, 1000.000000000000000 ) ;
#508 = ADVANCED_FACE ( 'NONE', ( #464 ), #994, .T. ) ;
#509 = AXIS2_PLACEMENT_3D ( 'NONE', #815, #1625, #1377 ) ;
#510 = EDGE_LOOP ( 'NONE', ( #1189, #1061 ) ) ;
#511 = CIRCLE ( 'NONE', #684, 0.2700000000000002953 ) ;
#512 = VERTEX_POINT ( 'NONE', #1535 ) ;
#513 = AXIS2_PLACEMENT_3D ( 'NONE', #96, #652, #1770 ) ;
#514 = AXIS2_PLACEMENT_3D ( 'NONE', #362, #1591, #1468 ) ;
#515 = DIRECTION ( 'NONE',  ( 0.000000000000000000, 0.000000000000000000, 1.000000000000000000 ) ) ;
#516 = VECTOR ( 'NONE', #1173, 1000.000000000000114 ) ;
#517 = EDGE_LOOP ( 'NONE', ( #980, #30, #40, #795, #232, #1567, #1126, #1607 ) ) ;
#518 = LINE ( 'NONE', #676, #1578 ) ;
#519 = DIRECTION ( 'NONE',  ( 0.000000000000000000, -1.000000000000000000, 0.000000000000000000 ) ) ;
#520 = PLANE ( 'NONE',  #1153 ) ;
#521 = DIRECTION ( 'NONE',  ( -0.7071067811865465735, 0.7071067811865485719, -7.493145998870335228E-15 ) ) ;
#522 = EDGE_CURVE ( 'NONE', #318, #493, #66, .T. ) ;
#523 = B_SPLINE_CURVE_WITH_KNOTS ( 'NONE', 3,
 ( #268, #824, #1654, #949, #1370, #119, #133, #677, #1235, #141, #547, #1509, #1104, #411, #1378, #690, #1246, #1803 ),
 .UNSPECIFIED., .F., .F.,
 ( 4, 2, 2, 2, 2, 2, 2, 2, 4 ),
 ( 0.003135045758424497616, 0.003526823917211153927, 0.003918602075997810671, 0.004310380234784466982, 0.004702158393571123293, 0.005093936552357779604, 0.005485714711144435915, 0.005877492869931093093, 0.006269271028717749404 ),
 .UNSPECIFIED. ) ;
#524 = EDGE_LOOP ( 'NONE', ( #1639, #1675 ) ) ;
#525 = VERTEX_POINT ( 'NONE', #855 ) ;
#526 = DIRECTION ( 'NONE',  ( 0.000000000000000000, 0.000000000000000000, 1.000000000000000000 ) ) ;
#527 = CARTESIAN_POINT ( 'NONE',  ( -4.761378573810513437, 11.36064332820069644, 0.6147470443662607087 ) ) ;
#528 = FILL_AREA_STYLE_COLOUR ( '', #592 ) ;
#529 = FACE_OUTER_BOUND ( 'NONE', #739, .T. ) ;
#530 = ADVANCED_FACE ( 'NONE', ( #698 ), #1406, .T. ) ;
#531 = EDGE_LOOP ( 'NONE', ( #1738, #485 ) ) ;
#532 = EDGE_CURVE ( 'NONE', #612, #1335, #1065, .T. ) ;
#533 = VERTEX_POINT ( 'NONE', #558 ) ;
#534 = CARTESIAN_POINT ( 'NONE',  ( 0.000000000000000000, 0.2000000000000000111, 0.000000000000000000 ) ) ;
#535 = CARTESIAN_POINT ( 'NONE',  ( -4.720062666740170165, 11.65662314043654035, -0.8738394922180523494 ) ) ;
#536 = AXIS2_PLACEMENT_3D ( 'NONE', #886, #157, #1682 ) ;
#537 = DIRECTION ( 'NONE',  ( 0.000000000000000000, 1.000000000000000000, 0.000000000000000000 ) ) ;
#538 = AXIS2_PLACEMENT_3D ( 'NONE', #1574, #1183, #1322 ) ;
#539 = ORIENTED_EDGE ( 'NONE', *, *, #597, .T. ) ;
#540 = AXIS2_PLACEMENT_3D ( 'NONE', #1541, #1108, #847 ) ;
#541 = CLOSED_SHELL ( 'NONE', ( #1111, #1652, #873, #21, #1811, #1198 ) ) ;
#542 = VECTOR ( 'NONE', #420, 1000.000000000000000 ) ;
#543 = SURFACE_STYLE_FILL_AREA ( #1490 ) ;
#544 =( LENGTH_UNIT ( ) NAMED_UNIT ( * ) SI_UNIT ( .MILLI., .METRE. ) );
#545 = ORIENTED_EDGE ( 'NONE', *, *, #768, .F. ) ;
#546 = DIRECTION ( 'NONE',  ( 0.000000000000000000, 0.000000000000000000, -1.000000000000000000 ) ) ;
#547 = CARTESIAN_POINT ( 'NONE',  ( 4.794366155104742511, 13.13383779073429203, 0.2621699772524731520 ) ) ;
#548 = FACE_OUTER_BOUND ( 'NONE', #932, .T. ) ;
#549 = VERTEX_POINT ( 'NONE', #1258 ) ;
#550 = CARTESIAN_POINT ( 'NONE',  ( 7.724999999999998757, 2.359999999999999876, -7.725000000000001421 ) ) ;
#551 = EDGE_CURVE ( 'NONE', #1694, #360, #1610, .T. ) ;
#552 = DIRECTION ( 'NONE',  ( 0.000000000000000000, -1.000000000000000000, 0.000000000000000000 ) ) ;
#553 = PLANE ( 'NONE',  #42 ) ;
#554 = DIRECTION ( 'NONE',  ( 0.000000000000000000, -1.000000000000000000, 0.000000000000000000 ) ) ;
#555 = DIRECTION ( 'NONE',  ( 0.000000000000000000, 1.000000000000000000, 0.000000000000000000 ) ) ;
#556 = ORIENTED_EDGE ( 'NONE', *, *, #782, .T. ) ;
#557 = DIRECTION ( 'NONE',  ( 0.000000000000000000, 0.000000000000000000, -1.000000000000000000 ) ) ;
#558 = CARTESIAN_POINT ( 'NONE',  ( 0.000000000000000000, -6.400000000000003020, -0.4699999999999999734 ) ) ;
#559 = CARTESIAN_POINT ( 'NONE',  ( -4.794360043754650746, 11.18617222547314327, -0.2625624054760988257 ) ) ;
#560 = CARTESIAN_POINT ( 'NONE',  ( 4.720111445234118186, 11.65605463258508401, -0.8735884267657425539 ) ) ;
#561 = DIRECTION ( 'NONE',  ( 0.000000000000000000, 1.000000000000000000, 0.000000000000000000 ) ) ;
#562 = EDGE_CURVE ( 'NONE', #910, #1051, #325, .T. ) ;
#563 = AXIS2_PLACEMENT_3D ( 'NONE', #961, #1208, #1516 ) ;
#564 = VERTEX_POINT ( 'NONE', #569 ) ;
#565 = VECTOR ( 'NONE', #1305, 1000.000000000000000 ) ;
#566 = VECTOR ( 'NONE', #687, 1000.000000000000000 ) ;
#567 = LINE ( 'NONE', #1009, #775 ) ;
#568 = VECTOR ( 'NONE', #1036, 1000.000000000000000 ) ;
#569 = CARTESIAN_POINT ( 'NONE',  ( 8.724999999999997868, 2.359999999999999876, 7.724999999999998757 ) ) ;
#570 = AXIS2_PLACEMENT_3D ( 'NONE', #1805, #1220, #1813 ) ;
#571 = DIRECTION ( 'NONE',  ( -0.000000000000000000, 1.000000000000000000, -0.000000000000000000 ) ) ;
#572 = AXIS2_PLACEMENT_3D ( 'NONE', #767, #354, #934 ) ;
#573 = DIRECTION ( 'NONE',  ( 0.000000000000000000, 0.000000000000000000, 1.000000000000000000 ) ) ;
#574 = ADVANCED_FACE ( 'NONE', ( #1145 ), #147, .T. ) ;
#575 = ORIENTED_EDGE ( 'NONE', *, *, #1339, .F. ) ;
#576 = EDGE_LOOP ( 'NONE', ( #349, #1073, #1133, #1686 ) ) ;
#577 = DIRECTION ( 'NONE',  ( 0.000000000000000000, -0.000000000000000000, -1.000000000000000000 ) ) ;
#578 = CARTESIAN_POINT ( 'NONE',  ( 0.000000000000000000, 2.359999999999999876, 0.000000000000000000 ) ) ;
#579 = CARTESIAN_POINT ( 'NONE',  ( -6.349999999999977440, -7.929360748630709388, -6.350000000000022737 ) ) ;
#580 = CARTESIAN_POINT ( 'NONE',  ( 0.000000000000000000, 16.26000000000000512, 0.000000000000000000 ) ) ;
#581 = CARTESIAN_POINT ( 'NONE',  ( 4.694677837722200486, 12.16000000000000369, -1.000000000000000888 ) ) ;
#582 = ORIENTED_EDGE ( 'NONE', *, *, #1606, .F. ) ;
#583 = EDGE_CURVE ( 'NONE', #1773, #991, #1759, .T. ) ;
#584 = ORIENTED_EDGE ( 'NONE', *, *, #1318, .T. ) ;
#585 = CARTESIAN_POINT ( 'NONE',  ( 0.000000000000000000, -6.599999999999999645, 0.000000000000000000 ) ) ;
#586 = EDGE_CURVE ( 'NONE', #618, #1045, #834, .T. ) ;
#587 = DIRECTION ( 'NONE',  ( 0.000000000000000000, 1.000000000000000000, 0.000000000000000000 ) ) ;
#588 = LINE ( 'NONE', #17, #401 ) ;
#589 = CARTESIAN_POINT ( 'NONE',  ( 4.720176919283991523, 11.65540268401998958, 0.8732431132735344326 ) ) ;
#590 = DIRECTION ( 'NONE',  ( 1.000000000000000000, 0.000000000000000000, -9.941108744852762574E-17 ) ) ;
#591 = EDGE_LOOP ( 'NONE', ( #1592, #1303, #814, #282 ) ) ;
#592 = COLOUR_RGB ( '',0.8509803921568627194, 0.8509803921568627194, 0.8509803921568627194 ) ;
#593 = ORIENTED_EDGE ( 'NONE', *, *, #562, .T. ) ;
#594 = CARTESIAN_POINT ( 'NONE',  ( 6.079999999999932569, -6.599999999999999645, 6.350000000000063594 ) ) ;
#595 = AXIS2_PLACEMENT_3D ( 'NONE', #1697, #277, #453 ) ;
#596 = EDGE_CURVE ( 'NONE', #318, #1715, #1543, .T. ) ;
#597 = EDGE_CURVE ( 'NONE', #1764, #549, #1182, .T. ) ;
#598 = CARTESIAN_POINT ( 'NONE',  ( 0.000000000000000000, 14.26000000000000334, -0.4699999999999999734 ) ) ;
#599 = CYLINDRICAL_SURFACE ( 'NONE', #340, 1.000000000000000888 ) ;
#600 = AXIS2_PLACEMENT_3D ( 'NONE', #1430, #607, #1164 ) ;
#601 = CIRCLE ( 'NONE', #1612, 0.4699999999999999178 ) ;
#602 = AXIS2_PLACEMENT_3D ( 'NONE', #1417, #438, #19 ) ;
#603 = CARTESIAN_POINT ( 'NONE',  ( 4.800010658358011106, 11.15994883987779396, -0.1304614984166204139 ) ) ;
#604 = AXIS2_PLACEMENT_3D ( 'NONE', #375, #1605, #1599 ) ;
#605 = ORIENTED_EDGE ( 'NONE', *, *, #880, .T. ) ;
#606 = ORIENTED_EDGE ( 'NONE', *, *, #1595, .T. ) ;
#607 = DIRECTION ( 'NONE',  ( 0.000000000000000000, 1.000000000000000000, 0.000000000000000000 ) ) ;
#608 = LINE ( 'NONE', #911, #921 ) ;
#609 = EDGE_CURVE ( 'NONE', #635, #108, #1423, .T. ) ;
#610 = DIRECTION ( 'NONE',  ( -1.000000000000000000, 0.000000000000000000, -9.227252531791528105E-15 ) ) ;
#611 = SURFACE_STYLE_FILL_AREA ( #859 ) ;
#612 = VERTEX_POINT ( 'NONE', #33 ) ;
#613 = ORIENTED_EDGE ( 'NONE', *, *, #1100, .T. ) ;
#614 = PLANE ( 'NONE',  #1264 ) ;
#615 = LINE ( 'NONE', #1306, #75 ) ;
#616 = CARTESIAN_POINT ( 'NONE',  ( 6.349999999999933031, -6.399999999999999467, 6.350000000000066258 ) ) ;
#617 = DIRECTION ( 'NONE',  ( -1.000000000000000000, 0.000000000000000000, 9.941108744852762574E-17 ) ) ;
#618 = VERTEX_POINT ( 'NONE', #598 ) ;
#619 = ADVANCED_FACE ( 'NONE', ( #1155 ), #894, .T. ) ;
#620 = ORIENTED_EDGE ( 'NONE', *, *, #193, .T. ) ;
#621 = LINE ( 'NONE', #594, #1702 ) ;
#622 = CIRCLE ( 'NONE', #214, 0.3199999999999998956 ) ;
#623 = DIRECTION ( 'NONE',  ( 0.000000000000000000, -1.000000000000000000, 0.000000000000000000 ) ) ;
#624 = CARTESIAN_POINT ( 'NONE',  ( 6.349999999999999645, -6.399999999999999467, -6.819999999999999396 ) ) ;
#625 = CARTESIAN_POINT ( 'NONE',  ( 0.000000000000000000, 0.000000000000000000, -2.875000000000000000 ) ) ;
#626 = LINE ( 'NONE', #649, #752 ) ;
#627 = CLOSED_SHELL ( 'NONE', ( #1144, #707, #159, #1731, #1221, #778, #1385, #1025, #848 ) ) ;
#628 = MECHANICAL_DESIGN_GEOMETRIC_PRESENTATION_REPRESENTATION (  '', ( #839 ), #1441 ) ;
#629 = ORIENTED_EDGE ( 'NONE', *, *, #388, .T. ) ;
#630 = CIRCLE ( 'NONE', #1357, 0.4699999999999999178 ) ;
#631 = ADVANCED_FACE ( 'NONE', ( #320 ), #1462, .T. ) ;
#632 = ORIENTED_EDGE ( 'NONE', *, *, #1778, .F. ) ;
#633 = DIRECTION ( 'NONE',  ( 0.000000000000000000, 1.000000000000000000, 0.000000000000000000 ) ) ;
#634 = LINE ( 'NONE', #76, #516 ) ;
#635 = VERTEX_POINT ( 'NONE', #357 ) ;
#636 = DIRECTION ( 'NONE',  ( 0.000000000000000000, 0.000000000000000000, 1.000000000000000000 ) ) ;
#637 = PLANE ( 'NONE',  #1213 ) ;
#638 = ORIENTED_EDGE ( 'NONE', *, *, #1251, .T. ) ;
#639 = ORIENTED_EDGE ( 'NONE', *, *, #959, .T. ) ;
#640 = ADVANCED_FACE ( 'NONE', ( #765, #331 ), #1314, .T. ) ;
#641 = CARTESIAN_POINT ( 'NONE',  ( 5.878304635907294211E-16, 16.26000000000000512, 4.799999999999999822 ) ) ;
#642 = CARTESIAN_POINT ( 'NONE',  ( 0.000000000000000000, 0.000000000000000000, 0.000000000000000000 ) ) ;
#643 = DIRECTION ( 'NONE',  ( -1.000000000000000000, 0.000000000000000000, -9.637352644315584100E-15 ) ) ;
#644 = ORIENTED_EDGE ( 'NONE', *, *, #893, .T. ) ;
#645 = ORIENTED_EDGE ( 'NONE', *, *, #697, .T. ) ;
#646 = EDGE_CURVE ( 'NONE', #183, #910, #195, .T. ) ;
#647 = ORIENTED_EDGE ( 'NONE', *, *, #261, .T. ) ;
#648 = DIRECTION ( 'NONE',  ( 0.000000000000000000, 1.000000000000000000, 0.000000000000000000 ) ) ;
#649 = CARTESIAN_POINT ( 'NONE',  ( 0.000000000000000000, 24.39172798364529982, -2.875000000000000000 ) ) ;
#650 = PRESENTATION_LAYER_ASSIGNMENT (  '', '', ( #771 ) ) ;
#651 = CARTESIAN_POINT ( 'NONE',  ( 6.349999999999933031, -6.599999999999999645, 6.350000000000066258 ) ) ;
#652 = DIRECTION ( 'NONE',  ( 0.000000000000000000, -1.000000000000000000, 0.000000000000000000 ) ) ;
#653 = ORIENTED_EDGE ( 'NONE', *, *, #827, .T. ) ;
#654 = VECTOR ( 'NONE', #446, 1000.000000000000000 ) ;
#655 = AXIS2_PLACEMENT_3D ( 'NONE', #878, #1259, #155 ) ;
#656 = CARTESIAN_POINT ( 'NONE',  ( 0.000000000000000000, 9.260000000000005116, 0.000000000000000000 ) ) ;
#657 = COLOUR_RGB ( '',0.7921568627450980005, 0.8196078431372548767, 0.9333333333333333481 ) ;
#658 = ORIENTED_EDGE ( 'NONE', *, *, #1489, .T. ) ;
#659 = FACE_BOUND ( 'NONE', #240, .T. ) ;
#660 = CARTESIAN_POINT ( 'NONE',  ( -4.694677837722200486, 12.16000000000000192, 1.000000000000000888 ) ) ;
#661 = EDGE_CURVE ( 'NONE', #309, #917, #608, .T. ) ;
#662 = PLANE ( 'NONE',  #130 ) ;
#663 = FACE_OUTER_BOUND ( 'NONE', #1203, .T. ) ;
#664 = EDGE_CURVE ( 'NONE', #51, #265, #74, .T. ) ;
#665 = ORIENTED_EDGE ( 'NONE', *, *, #1480, .T. ) ;
#666 = LINE ( 'NONE', #1101, #1152 ) ;
#667 = UNCERTAINTY_MEASURE_WITH_UNIT (LENGTH_MEASURE( 1.000000000000000082E-05 ), #1282, 'distance_accuracy_value', 'NONE');
#668 = ORIENTED_EDGE ( 'NONE', *, *, #1778, .T. ) ;
#669 = DIRECTION ( 'NONE',  ( 0.000000000000000000, -1.000000000000000000, 0.000000000000000000 ) ) ;
#670 = FACE_OUTER_BOUND ( 'NONE', #1729, .T. ) ;
#671 = LINE ( 'NONE', #281, #1586 ) ;
#672 = EDGE_CURVE ( 'NONE', #945, #1088, #1518, .T. ) ;
#673 = ORIENTED_EDGE ( 'NONE', *, *, #532, .T. ) ;
#674 = FILL_AREA_STYLE_COLOUR ( '', #304 ) ;
#675 = ORIENTED_EDGE ( 'NONE', *, *, #126, .T. ) ;
#676 = CARTESIAN_POINT ( 'NONE',  ( 0.000000000000000000, 15.58936074863071219, -0.4699999999999999734 ) ) ;
#677 = CARTESIAN_POINT ( 'NONE',  ( 4.794360043754650746, 13.13382777452686589, -0.2625624054760988257 ) ) ;
#678 = CLOSED_SHELL ( 'NONE', ( #1428, #1049, #13, #915, #88, #619 ) ) ;
#679 = FACE_OUTER_BOUND ( 'NONE', #1499, .T. ) ;
#680 = VECTOR ( 'NONE', #63, 1000.000000000000000 ) ;
#681 = CARTESIAN_POINT ( 'NONE',  ( -8.725000000000001421, 2.359999999999999876, -7.725000000000002309 ) ) ;
#682 = CIRCLE ( 'NONE', #862, 0.4699999999999999734 ) ;
#683 = VERTEX_POINT ( 'NONE', #53 ) ;
#684 = AXIS2_PLACEMENT_3D ( 'NONE', #1127, #1250, #1526 ) ;
#685 = EDGE_CURVE ( 'NONE', #564, #504, #744, .T. ) ;
#686 = AXIS2_PLACEMENT_3D ( 'NONE', #1584, #1594, #342 ) ;
#687 = DIRECTION ( 'NONE',  ( 1.000000000000000000, -0.000000000000000000, -9.941108744852762574E-17 ) ) ;
#688 = VECTOR ( 'NONE', #497, 1000.000000000000000 ) ;
#689 = CARTESIAN_POINT ( 'NONE',  ( 0.000000000000000000, 9.260000000000005116, 0.000000000000000000 ) ) ;
#690 = CARTESIAN_POINT ( 'NONE',  ( 4.700567142279991728, 12.42400003914895379, 0.9732778532731590770 ) ) ;
#691 = MANIFOLD_SOLID_BREP ( 'Chamfer1', #627 ) ;
#692 = CARTESIAN_POINT ( 'NONE',  ( -6.349999999999977440, 0.000000000000000000, -6.350000000000022737 ) ) ;
#693 = CARTESIAN_POINT ( 'NONE',  ( -7.725000000000000533, 2.359999999999999876, -8.724999999999999645 ) ) ;
#694 = ORIENTED_EDGE ( 'NONE', *, *, #661, .T. ) ;
#695 = DIRECTION ( 'NONE',  ( 0.000000000000000000, -0.000000000000000000, 1.000000000000000000 ) ) ;
#696 = ADVANCED_FACE ( 'NONE', ( #905 ), #202, .T. ) ;
#697 = EDGE_CURVE ( 'NONE', #290, #1335, #1735, .T. ) ;
#698 = FACE_OUTER_BOUND ( 'NONE', #874, .T. ) ;
#699 = CYLINDRICAL_SURFACE ( 'NONE', #1497, 2.875000000000000000 ) ;
#700 = CARTESIAN_POINT ( 'NONE',  ( 0.000000000000000000, 2.359999999999999432, -2.875000000000000000 ) ) ;
#701 = DIRECTION ( 'NONE',  ( 8.659560562354922997E-17, 0.7071067811865485719, -0.7071067811865465735 ) ) ;
#702 = ORIENTED_EDGE ( 'NONE', *, *, #1418, .T. ) ;
#703 = MANIFOLD_SOLID_BREP ( 'Cut-Extrude3', #1642 ) ;
#704 = PLANE ( 'NONE',  #864 ) ;
#705 = DIRECTION ( 'NONE',  ( 0.000000000000000000, 0.000000000000000000, 1.000000000000000000 ) ) ;
#706 = DIRECTION ( 'NONE',  ( 0.000000000000000000, 0.000000000000000000, 1.000000000000000000 ) ) ;
#707 = ADVANCED_FACE ( 'NONE', ( #1063 ), #1596, .F. ) ;
#708 = DIRECTION ( 'NONE',  ( -1.000000000000000000, 0.000000000000000000, 0.000000000000000000 ) ) ;
#709 = VECTOR ( 'NONE', #1568, 1000.000000000000000 ) ;
#710 = ORIENTED_EDGE ( 'NONE', *, *, #476, .F. ) ;
#711 = VERTEX_POINT ( 'NONE', #381 ) ;
#712 = CONICAL_SURFACE ( 'NONE', #540, 0.2700000000000028488, 0.7853981633974529419 ) ;
#713 = PLANE ( 'NONE',  #366 ) ;
#714 = CIRCLE ( 'NONE', #954, 2.875000000000000000 ) ;
#715 = DIRECTION ( 'NONE',  ( 0.000000000000000000, -1.000000000000000000, 0.000000000000000000 ) ) ;
#716 = CIRCLE ( 'NONE', #1734, 1.000000000000000000 ) ;
#717 = DIRECTION ( 'NONE',  ( 0.000000000000000000, 0.000000000000000000, -1.000000000000000000 ) ) ;
#718 = ADVANCED_BREP_SHAPE_REPRESENTATION ( '5227699-1', ( #1337, #703, #691, #97, #1289, #738, #122, #928 ), #985 ) ;
#719 = AXIS2_PLACEMENT_3D ( 'NONE', #785, #931, #1473 ) ;
#720 =( NAMED_UNIT ( * ) SI_UNIT ( $, .STERADIAN. ) SOLID_ANGLE_UNIT ( ) );
#721 = PLANE ( 'NONE',  #1495 ) ;
#722 = ADVANCED_FACE ( 'NONE', ( #257 ), #1215, .F. ) ;
#723 = ORIENTED_EDGE ( 'NONE', *, *, #146, .F. ) ;
#724 = ADVANCED_FACE ( 'NONE', ( #1762 ), #230, .T. ) ;
#725 = ORIENTED_EDGE ( 'NONE', *, *, #193, .F. ) ;
#726 = CARTESIAN_POINT ( 'NONE',  ( -7.725000000000001421, 2.359999999999999876, -7.725000000000002309 ) ) ;
#727 = CARTESIAN_POINT ( 'NONE',  ( 6.349999999999933031, -7.929360748630709388, 6.350000000000066258 ) ) ;
#728 = CARTESIAN_POINT ( 'NONE',  ( 0.000000000000000000, 12.16000000000000369, 0.000000000000000000 ) ) ;
#729 = DIRECTION ( 'NONE',  ( 0.000000000000000000, 1.000000000000000000, 0.000000000000000000 ) ) ;
#730 = PRESENTATION_STYLE_ASSIGNMENT (( #1016 ) ) ;
#731 = EDGE_LOOP ( 'NONE', ( #582, #1523 ) ) ;
#732 = EDGE_LOOP ( 'NONE', ( #1368, #653 ) ) ;
#733 = DIRECTION ( 'NONE',  ( 0.000000000000000000, 1.000000000000000000, 0.000000000000000000 ) ) ;
#734 = DIRECTION ( 'NONE',  ( 0.000000000000000000, 1.000000000000000000, 0.000000000000000000 ) ) ;
#735 = CARTESIAN_POINT ( 'NONE',  ( 0.000000000000000000, 2.359999999999999432, 0.000000000000000000 ) ) ;
#736 = SURFACE_STYLE_FILL_AREA ( #175 ) ;
#737 = VERTEX_POINT ( 'NONE', #1367 ) ;
#738 = MANIFOLD_SOLID_BREP ( 'CirPattern1[2]', #746 ) ;
#739 = EDGE_LOOP ( 'NONE', ( #1029, #1071, #1066, #235 ) ) ;
#740 = CARTESIAN_POINT ( 'NONE',  ( 0.000000000000000000, 9.260000000000005116, 0.000000000000000000 ) ) ;
#741 = AXIS2_PLACEMENT_3D ( 'NONE', #1425, #295, #1273 ) ;
#742 = EDGE_CURVE ( 'NONE', #1088, #14, #1481, .T. ) ;
#743 = AXIS2_PLACEMENT_3D ( 'NONE', #772, #633, #1172 ) ;
#744 = LINE ( 'NONE', #1587, #127 ) ;
#745 = CARTESIAN_POINT ( 'NONE',  ( -6.349999999999999645, -7.929360748630709388, 5.879999999999999893 ) ) ;
#746 = CLOSED_SHELL ( 'NONE', ( #530, #1058, #724, #1493, #696, #631 ) ) ;
#747 = UNCERTAINTY_MEASURE_WITH_UNIT (LENGTH_MEASURE( 1.000000000000000082E-05 ), #102, 'distance_accuracy_value', 'NONE');
#748 = ORIENTED_EDGE ( 'NONE', *, *, #817, .F. ) ;
#749 = CONICAL_SURFACE ( 'NONE', #811, 0.2700000000000028488, 0.7853981633974529419 ) ;
#750 = CARTESIAN_POINT ( 'NONE',  ( 4.794302118382042899, 11.18648449089714703, 0.2631077227159169807 ) ) ;
#751 = PRESENTATION_STYLE_ASSIGNMENT (( #324 ) ) ;
#752 = VECTOR ( 'NONE', #519, 1000.000000000000000 ) ;
#753 = ORIENTED_EDGE ( 'NONE', *, *, #264, .F. ) ;
#754 = ORIENTED_EDGE ( 'NONE', *, *, #1663, .F. ) ;
#755 = DIRECTION ( 'NONE',  ( 0.000000000000000000, 1.000000000000000000, 0.000000000000000000 ) ) ;
#756 = DIRECTION ( 'NONE',  ( 0.000000000000000000, 1.000000000000000000, 0.000000000000000000 ) ) ;
#757 = CARTESIAN_POINT ( 'NONE',  ( 0.000000000000000000, 14.26000000000000334, 0.000000000000000000 ) ) ;
#758 = EDGE_CURVE ( 'NONE', #1492, #1421, #666, .T. ) ;
#759 = ORIENTED_EDGE ( 'NONE', *, *, #452, .F. ) ;
#760 = FACE_OUTER_BOUND ( 'NONE', #1340, .T. ) ;
#761 = CARTESIAN_POINT ( 'NONE',  ( 0.000000000000000000, 16.26000000000000512, 0.000000000000000000 ) ) ;
#762 = VERTEX_POINT ( 'NONE', #128 ) ;
#763 = VERTEX_POINT ( 'NONE', #1231 ) ;
#764 = FACE_OUTER_BOUND ( 'NONE', #881, .T. ) ;
#765 = FACE_BOUND ( 'NONE', #997, .T. ) ;
#766 = DIRECTION ( 'NONE',  ( -1.000000000000000000, 0.000000000000000000, -1.107270303814983373E-14 ) ) ;
#767 = CARTESIAN_POINT ( 'NONE',  ( 0.000000000000000000, 9.260000000000005116, 0.000000000000000000 ) ) ;
#768 = EDGE_CURVE ( 'NONE', #1330, #1222, #238, .T. ) ;
#769 = ORIENTED_EDGE ( 'NONE', *, *, #1534, .F. ) ;
#770 = ORIENTED_EDGE ( 'NONE', *, *, #327, .T. ) ;
#771 = STYLED_ITEM ( 'NONE', ( #858 ), #122 ) ;
#772 = CARTESIAN_POINT ( 'NONE',  ( -6.349999999999999645, -6.399999999999999467, 6.349999999999999645 ) ) ;
#773 = CIRCLE ( 'NONE', #1094, 0.3199999999999998956 ) ;
#774 = FACE_OUTER_BOUND ( 'NONE', #517, .T. ) ;
#775 = VECTOR ( 'NONE', #1143, 1000.000000000000000 ) ;
#776 = CARTESIAN_POINT ( 'NONE',  ( -6.349999999999999645, -6.599999999999999645, 6.349999999999999645 ) ) ;
#777 = VECTOR ( 'NONE', #977, 1000.000000000000000 ) ;
#778 = ADVANCED_FACE ( 'NONE', ( #1640 ), #799, .T. ) ;
#779 = ORIENTED_EDGE ( 'NONE', *, *, #1089, .F. ) ;
#780 = CIRCLE ( 'NONE', #1156, 2.875000000000000000 ) ;
#781 = MECHANICAL_DESIGN_GEOMETRIC_PRESENTATION_REPRESENTATION (  '', ( #371 ), #1677 ) ;
#782 = EDGE_CURVE ( 'NONE', #1330, #711, #370, .T. ) ;
#783 = ORIENTED_EDGE ( 'NONE', *, *, #1534, .T. ) ;
#784 = SURFACE_SIDE_STYLE ('',( #180 ) ) ;
#785 = CARTESIAN_POINT ( 'NONE',  ( 8.724999999999997868, 2.359999999999999876, 8.724999999999997868 ) ) ;
#786 = FACE_OUTER_BOUND ( 'NONE', #797, .T. ) ;
#787 = ORIENTED_EDGE ( 'NONE', *, *, #1404, .F. ) ;
#788 = ORIENTED_EDGE ( 'NONE', *, *, #993, .F. ) ;
#789 = EDGE_CURVE ( 'NONE', #447, #1492, #1391, .T. ) ;
#790 = SURFACE_SIDE_STYLE ('',( #543 ) ) ;
#791 = PLANE ( 'NONE',  #1556 ) ;
#792 = EDGE_LOOP ( 'NONE', ( #22, #647, #694, #1163 ) ) ;
#793 = DIRECTION ( 'NONE',  ( -0.000000000000000000, -1.000000000000000000, -0.000000000000000000 ) ) ;
#794 = CARTESIAN_POINT ( 'NONE',  ( -8.725000000000001421, 2.359999999999999876, -7.725000000000002309 ) ) ;
#795 = ORIENTED_EDGE ( 'NONE', *, *, #115, .T. ) ;
#796 = CARTESIAN_POINT ( 'NONE',  ( 6.349999999999999645, 0.000000000000000000, -6.349999999999999645 ) ) ;
#797 = EDGE_LOOP ( 'NONE', ( #753, #1479, #947, #390 ) ) ;
#798 = ADVANCED_FACE ( 'NONE', ( #425, #138 ), #983, .T. ) ;
#799 = PLANE ( 'NONE',  #39 ) ;
#800 = DIRECTION ( 'NONE',  ( 0.000000000000000000, 0.000000000000000000, 1.000000000000000000 ) ) ;
#801 = CIRCLE ( 'NONE', #3, 0.4699999999999999734 ) ;
#802 = ORIENTED_EDGE ( 'NONE', *, *, #1542, .F. ) ;
#803 = CARTESIAN_POINT ( 'NONE',  ( 4.531193156845214090E-17, -6.599999999999999645, -0.2700000000000010725 ) ) ;
#804 = CARTESIAN_POINT ( 'NONE',  ( -4.761298595701590308, 11.36107439431192212, -0.6153947615712306307 ) ) ;
#805 = VECTOR ( 'NONE', #623, 1000.000000000000000 ) ;
#806 = VECTOR ( 'NONE', #329, 1000.000000000000000 ) ;
#807 = CARTESIAN_POINT ( 'NONE',  ( -6.619999999999977902, -6.599999999999999645, -6.350000000000023626 ) ) ;
#808 = DIRECTION ( 'NONE',  ( 0.000000000000000000, -1.000000000000000000, -0.000000000000000000 ) ) ;
#809 = VECTOR ( 'NONE', #701, 1000.000000000000000 ) ;
#810 = ORIENTED_EDGE ( 'NONE', *, *, #1458, .F. ) ;
#811 = AXIS2_PLACEMENT_3D ( 'NONE', #1777, #561, #1106 ) ;
#812 = CIRCLE ( 'NONE', #1267, 4.799999999999999822 ) ;
#813 = AXIS2_PLACEMENT_3D ( 'NONE', #1668, #1131, #436 ) ;
#814 = ORIENTED_EDGE ( 'NONE', *, *, #1420, .T. ) ;
#815 = CARTESIAN_POINT ( 'NONE',  ( 0.000000000000000000, 24.39172798364529982, 0.000000000000000000 ) ) ;
#816 = CARTESIAN_POINT ( 'NONE',  ( 0.000000000000000000, 16.26000000000000512, 0.000000000000000000 ) ) ;
#817 = EDGE_CURVE ( 'NONE', #297, #1384, #511, .T. ) ;
#818 = DIRECTION ( 'NONE',  ( 0.000000000000000000, -1.000000000000000000, 0.000000000000000000 ) ) ;
#819 = DIRECTION ( 'NONE',  ( 0.000000000000000000, 1.000000000000000000, 0.000000000000000000 ) ) ;
#820 = ORIENTED_EDGE ( 'NONE', *, *, #742, .T. ) ;
#821 = DIRECTION ( 'NONE',  ( 0.000000000000000000, 0.000000000000000000, -1.000000000000000000 ) ) ;
#822 = ORIENTED_EDGE ( 'NONE', *, *, #1159, .T. ) ;
#823 = CARTESIAN_POINT ( 'NONE',  ( 0.000000000000000000, 16.26000000000000512, 0.000000000000000000 ) ) ;
#824 = CARTESIAN_POINT ( 'NONE',  ( 4.694677837722200486, 12.29069424724853299, -1.000000000000000444 ) ) ;
#825 = PRESENTATION_STYLE_ASSIGNMENT (( #120 ) ) ;
#826 = CARTESIAN_POINT ( 'NONE',  ( -6.349999999999977440, 0.000000000000000000, -6.350000000000022737 ) ) ;
#827 = EDGE_CURVE ( 'NONE', #493, #318, #1519, .T. ) ;
#828 = ORIENTED_EDGE ( 'NONE', *, *, #261, .F. ) ;
#829 = CYLINDRICAL_SURFACE ( 'NONE', #509, 2.875000000000000000 ) ;
#830 = DIRECTION ( 'NONE',  ( 0.000000000000000000, 0.000000000000000000, -1.000000000000000000 ) ) ;
#831 = PRESENTATION_LAYER_ASSIGNMENT (  '', '', ( #1069 ) ) ;
#832 = AXIS2_PLACEMENT_3D ( 'NONE', #1326, #78, #636 ) ;
#833 = CARTESIAN_POINT ( 'NONE',  ( -6.349999999999977440, -6.599999999999999645, -6.350000000000022737 ) ) ;
#834 = CIRCLE ( 'NONE', #333, 0.4699999999999999734 ) ;
#835 = ORIENTED_EDGE ( 'NONE', *, *, #1768, .T. ) ;
#836 = AXIS2_PLACEMENT_3D ( 'NONE', #1115, #999, #416 ) ;
#837 = MECHANICAL_DESIGN_GEOMETRIC_PRESENTATION_REPRESENTATION (  '', ( #1069 ), #1460 ) ;
#838 = EDGE_CURVE ( 'NONE', #1756, #258, #248, .T. ) ;
#839 = STYLED_ITEM ( 'NONE', ( #730 ), #1289 ) ;
#840 = DIRECTION ( 'NONE',  ( 0.000000000000000000, 0.000000000000000000, 1.000000000000000000 ) ) ;
#841 = PRODUCT_CONTEXT ( 'NONE', #1676, 'mechanical' ) ;
#842 = CIRCLE ( 'NONE', #1186, 0.2700000000000002953 ) ;
#843 = DIRECTION ( 'NONE',  ( -0.000000000000000000, -1.000000000000000000, -0.000000000000000000 ) ) ;
#844 = DIRECTION ( 'NONE',  ( 0.000000000000000000, 0.000000000000000000, -1.000000000000000000 ) ) ;
#845 = DIRECTION ( 'NONE',  ( 1.000000000000000000, -0.000000000000000000, -0.000000000000000000 ) ) ;
#846 = ORIENTED_EDGE ( 'NONE', *, *, #1489, .F. ) ;
#847 = DIRECTION ( 'NONE',  ( 0.000000000000000000, 0.000000000000000000, 1.000000000000000000 ) ) ;
#848 = ADVANCED_FACE ( 'NONE', ( #1412 ), #712, .T. ) ;
#849 = CARTESIAN_POINT ( 'NONE',  ( -4.761452820895681448, 12.95992192094029605, -0.6143184019498452164 ) ) ;
#850 = DIRECTION ( 'NONE',  ( 0.000000000000000000, 0.000000000000000000, 1.000000000000000000 ) ) ;
#851 = EDGE_LOOP ( 'NONE', ( #1398, #1017, #373, #1268 ) ) ;
#852 = ORIENTED_EDGE ( 'NONE', *, *, #827, .F. ) ;
#853 = DIRECTION ( 'NONE',  ( -0.000000000000000000, 1.000000000000000000, -0.000000000000000000 ) ) ;
#854 = ADVANCED_FACE ( 'NONE', ( #1658, #1278 ), #704, .T. ) ;
#855 = CARTESIAN_POINT ( 'NONE',  ( -6.079999999999976978, -6.599999999999999645, -6.350000000000020961 ) ) ;
#856 = DIRECTION ( 'NONE',  ( 0.000000000000000000, 0.000000000000000000, -1.000000000000000000 ) ) ;
#857 = ADVANCED_FACE ( 'NONE', ( #171 ), #145, .T. ) ;
#858 = PRESENTATION_STYLE_ASSIGNMENT (( #254 ) ) ;
#859 = FILL_AREA_STYLE ('',( #167 ) ) ;
#860 = CIRCLE ( 'NONE', #330, 0.4699999999999999178 ) ;
#861 = ORIENTED_EDGE ( 'NONE', *, *, #1752, .F. ) ;
#862 = AXIS2_PLACEMENT_3D ( 'NONE', #1224, #383, #1644 ) ;
#863 = VERTEX_POINT ( 'NONE', #1257 ) ;
#864 = AXIS2_PLACEMENT_3D ( 'NONE', #1514, #1807, #1285 ) ;
#865 = AXIS2_PLACEMENT_3D ( 'NONE', #900, #1311, #58 ) ;
#866 = CARTESIAN_POINT ( 'NONE',  ( 0.000000000000000000, 2.359999999999999876, 0.000000000000000000 ) ) ;
#867 = PRESENTATION_LAYER_ASSIGNMENT (  '', '', ( #1645 ) ) ;
#868 = DIRECTION ( 'NONE',  ( -0.000000000000000000, -1.000000000000000000, -0.000000000000000000 ) ) ;
#869 = VECTOR ( 'NONE', #571, 1000.000000000000000 ) ;
#870 = DIRECTION ( 'NONE',  ( 0.000000000000000000, 1.000000000000000000, 0.000000000000000000 ) ) ;
#871 = LINE ( 'NONE', #1537, #709 ) ;
#872 = FACE_OUTER_BOUND ( 'NONE', #387, .T. ) ;
#873 = ADVANCED_FACE ( 'NONE', ( #274 ), #992, .T. ) ;
#874 = EDGE_LOOP ( 'NONE', ( #50, #219, #1427, #1571 ) ) ;
#875 = EDGE_LOOP ( 'NONE', ( #1044, #432, #216, #1196 ) ) ;
#876 = CARTESIAN_POINT ( 'NONE',  ( 0.000000000000000000, 0.2000000000000000111, -0.4699999999999999734 ) ) ;
#877 = CARTESIAN_POINT ( 'NONE',  ( -4.700453215009535946, 12.42223902150960235, -0.9738317967265677222 ) ) ;
#878 = CARTESIAN_POINT ( 'NONE',  ( 6.349999999999999645, -6.599999999999999645, -6.349999999999999645 ) ) ;
#879 = DIRECTION ( 'NONE',  ( -1.000000000000000000, -0.000000000000000000, -0.000000000000000000 ) ) ;
#880 = EDGE_CURVE ( 'NONE', #1684, #1180, #187, .T. ) ;
#881 = EDGE_LOOP ( 'NONE', ( #658, #460, #606, #1366 ) ) ;
#882 = ORIENTED_EDGE ( 'NONE', *, *, #758, .F. ) ;
#883 = DIRECTION ( 'NONE',  ( -1.000000000000000000, 0.000000000000000000, 0.000000000000000000 ) ) ;
#884 = FILL_AREA_STYLE ('',( #1165 ) ) ;
#885 = DIRECTION ( 'NONE',  ( -0.000000000000000000, -1.000000000000000000, -0.000000000000000000 ) ) ;
#886 = CARTESIAN_POINT ( 'NONE',  ( 0.000000000000000000, 0.000000000000000000, 0.000000000000000000 ) ) ;
#887 = DIRECTION ( 'NONE',  ( 0.000000000000000000, 0.000000000000000000, 1.000000000000000000 ) ) ;
#888 = ORIENTED_EDGE ( 'NONE', *, *, #1696, .F. ) ;
#889 = AXIS2_PLACEMENT_3D ( 'NONE', #197, #1739, #1030 ) ;
#890 = ORIENTED_EDGE ( 'NONE', *, *, #586, .F. ) ;
#891 = CARTESIAN_POINT ( 'NONE',  ( 0.000000000000000000, 24.39172798364529982, 0.000000000000000000 ) ) ;
#892 = CIRCLE ( 'NONE', #394, 1.000000000000000888 ) ;
#893 = EDGE_CURVE ( 'NONE', #618, #938, #567, .T. ) ;
#894 = CONICAL_SURFACE ( 'NONE', #538, 0.2700000000000002953, 0.7853981633974469467 ) ;
#895 = DIRECTION ( 'NONE',  ( 0.000000000000000000, 1.000000000000000000, 0.000000000000000000 ) ) ;
#896 = VECTOR ( 'NONE', #486, 1000.000000000000000 ) ;
#897 = VECTOR ( 'NONE', #1382, 1000.000000000000000 ) ;
#898 = FACE_BOUND ( 'NONE', #731, .T. ) ;
#899 = CIRCLE ( 'NONE', #1012, 2.875000000000000000 ) ;
#900 = CARTESIAN_POINT ( 'NONE',  ( -6.349999999999999645, -7.929360748630709388, 6.349999999999999645 ) ) ;
#901 = AXIS2_PLACEMENT_3D ( 'NONE', #196, #1603, #203 ) ;
#902 = EDGE_LOOP ( 'NONE', ( #1482, #810 ) ) ;
#903 = CARTESIAN_POINT ( 'NONE',  ( -4.694677837722200486, 12.16000000000000369, -1.000000000000000888 ) ) ;
#904 = EDGE_CURVE ( 'NONE', #341, #188, #1209, .T. ) ;
#905 = FACE_OUTER_BOUND ( 'NONE', #1409, .T. ) ;
#906 =( NAMED_UNIT ( * ) SI_UNIT ( $, .STERADIAN. ) SOLID_ANGLE_UNIT ( ) );
#907 = PLANE ( 'NONE',  #889 ) ;
#908 = CARTESIAN_POINT ( 'NONE',  ( 6.349999999999933031, -6.599999999999999645, 6.350000000000066258 ) ) ;
#909 = ORIENTED_EDGE ( 'NONE', *, *, #1318, .F. ) ;
#910 = VERTEX_POINT ( 'NONE', #291 ) ;
#911 = CARTESIAN_POINT ( 'NONE',  ( 6.819999999999932783, -7.929360748630709388, 6.350000000000071587 ) ) ;
#912 = EDGE_CURVE ( 'NONE', #365, #1779, #1581, .T. ) ;
#913 = CARTESIAN_POINT ( 'NONE',  ( 6.349999999999999645, 0.000000000000000000, -6.349999999999999645 ) ) ;
#914 = CARTESIAN_POINT ( 'NONE',  ( -6.349999999999977440, -6.599999999999999645, -6.350000000000022737 ) ) ;
#915 = ADVANCED_FACE ( 'NONE', ( #152 ), #713, .F. ) ;
#916 = VERTEX_POINT ( 'NONE', #1136 ) ;
#917 = VERTEX_POINT ( 'NONE', #449 ) ;
#918 = AXIS2_PLACEMENT_3D ( 'NONE', #996, #1405, #1699 ) ;
#919 = CARTESIAN_POINT ( 'NONE',  ( 3.520859547548640440E-16, 24.39172798364529982, 2.875000000000000000 ) ) ;
#920 = CARTESIAN_POINT ( 'NONE',  ( 3.918869757271528981E-17, 9.260000000000005116, -0.3199999999999998956 ) ) ;
#921 = VECTOR ( 'NONE', #895, 1000.000000000000000 ) ;
#922 = ORIENTED_EDGE ( 'NONE', *, *, #168, .T. ) ;
#923 = DIRECTION ( 'NONE',  ( 0.000000000000000000, 1.000000000000000000, 0.000000000000000000 ) ) ;
#924 = CARTESIAN_POINT ( 'NONE',  ( 0.000000000000000000, 14.26000000000000334, 0.000000000000000000 ) ) ;
#925 = VECTOR ( 'NONE', #970, 1000.000000000000000 ) ;
#926 = ORIENTED_EDGE ( 'NONE', *, *, #1176, .F. ) ;
#927 = VECTOR ( 'NONE', #1188, 1000.000000000000000 ) ;
#928 = AXIS2_PLACEMENT_3D ( 'NONE', #1791, #800, #1074 ) ;
#929 = EDGE_LOOP ( 'NONE', ( #1539, #1284, #665, #605, #783, #1742, #161, #1207 ) ) ;
#930 = CARTESIAN_POINT ( 'NONE',  ( -7.725000000000000533, 2.359999999999999876, 8.724999999999999645 ) ) ;
#931 = DIRECTION ( 'NONE',  ( -9.941108744852762574E-17, 0.000000000000000000, -1.000000000000000000 ) ) ;
#932 = EDGE_LOOP ( 'NONE', ( #779, #1397, #1185, #470 ) ) ;
#933 = CARTESIAN_POINT ( 'NONE',  ( -8.725000000000001421, 0.000000000000000000, -7.725000000000002309 ) ) ;
#934 = DIRECTION ( 'NONE',  ( 0.000000000000000000, 0.000000000000000000, 1.000000000000000000 ) ) ;
#935 = VERTEX_POINT ( 'NONE', #23 ) ;
#936 = FACE_OUTER_BOUND ( 'NONE', #439, .T. ) ;
#937 = EDGE_CURVE ( 'NONE', #711, #512, #1730, .T. ) ;
#938 = VERTEX_POINT ( 'NONE', #876 ) ;
#939 =( NAMED_UNIT ( * ) PLANE_ANGLE_UNIT ( ) SI_UNIT ( $, .RADIAN. ) );
#940 = ORIENTED_EDGE ( 'NONE', *, *, #1134, .T. ) ;
#941 = DIRECTION ( 'NONE',  ( 0.000000000000000000, 0.000000000000000000, -1.000000000000000000 ) ) ;
#942 = DIRECTION ( 'NONE',  ( 0.000000000000000000, -1.000000000000000000, 0.000000000000000000 ) ) ;
#943 = LINE ( 'NONE', #1112, #1380 ) ;
#944 = LINE ( 'NONE', #1027, #806 ) ;
#945 = VERTEX_POINT ( 'NONE', #1717 ) ;
#946 = EDGE_CURVE ( 'NONE', #183, #763, #1008, .T. ) ;
#947 = ORIENTED_EDGE ( 'NONE', *, *, #937, .F. ) ;
#948 = CARTESIAN_POINT ( 'NONE',  ( 7.724999999999998757, 2.359999999999999876, 7.724999999999998757 ) ) ;
#949 = CARTESIAN_POINT ( 'NONE',  ( 4.720062666740170165, 12.66337685956346526, -0.8738394922180523494 ) ) ;
#950 = AXIS2_PLACEMENT_3D ( 'NONE', #1020, #843, #705 ) ;
#951 = MECHANICAL_DESIGN_GEOMETRIC_PRESENTATION_REPRESENTATION (  '', ( #218 ), #1641 ) ;
#952 = DIRECTION ( 'NONE',  ( 0.000000000000000000, 0.000000000000000000, 1.000000000000000000 ) ) ;
#953 = DIRECTION ( 'NONE',  ( 0.000000000000000000, -0.000000000000000000, -1.000000000000000000 ) ) ;
#954 = AXIS2_PLACEMENT_3D ( 'NONE', #1505, #263, #1530 ) ;
#955 = ORIENTED_EDGE ( 'NONE', *, *, #194, .F. ) ;
#956 = CIRCLE ( 'NONE', #279, 0.2700000000000002953 ) ;
#957 = CIRCLE ( 'NONE', #901, 0.4699999999999999178 ) ;
#958 =( NAMED_UNIT ( * ) SI_UNIT ( $, .STERADIAN. ) SOLID_ANGLE_UNIT ( ) );
#959 = EDGE_CURVE ( 'NONE', #916, #965, #1379, .T. ) ;
#960 = ORIENTED_EDGE ( 'NONE', *, *, #596, .T. ) ;
#961 = CARTESIAN_POINT ( 'NONE',  ( 0.000000000000000000, 0.2000000000000000111, 0.000000000000000000 ) ) ;
#962 = DIRECTION ( 'NONE',  ( -0.000000000000000000, -0.000000000000000000, 1.000000000000000000 ) ) ;
#963 =( NAMED_UNIT ( * ) PLANE_ANGLE_UNIT ( ) SI_UNIT ( $, .RADIAN. ) );
#964 = CARTESIAN_POINT ( 'NONE',  ( 7.724999999999998757, 2.359999999999999876, 8.724999999999997868 ) ) ;
#965 = VERTEX_POINT ( 'NONE', #31 ) ;
#966 = CARTESIAN_POINT ( 'NONE',  ( 8.724999999999997868, 2.359999999999999876, 8.724999999999997868 ) ) ;
#967 = DIRECTION ( 'NONE',  ( 0.000000000000000000, -1.000000000000000000, 0.000000000000000000 ) ) ;
#968 = DIRECTION ( 'NONE',  ( -0.000000000000000000, -1.000000000000000000, -0.000000000000000000 ) ) ;
#969 = CARTESIAN_POINT ( 'NONE',  ( 8.724999999999997868, 2.359999999999999876, 8.724999999999997868 ) ) ;
#970 = DIRECTION ( 'NONE',  ( 0.000000000000000000, 1.000000000000000000, 0.000000000000000000 ) ) ;
#971 = EDGE_CURVE ( 'NONE', #917, #108, #337, .T. ) ;
#972 = ORIENTED_EDGE ( 'NONE', *, *, #476, .T. ) ;
#973 = DIRECTION ( 'NONE',  ( -1.000000000000000000, 0.000000000000000000, -3.690901012716611242E-15 ) ) ;
#974 = FACE_OUTER_BOUND ( 'NONE', #1429, .T. ) ;
#975 = CARTESIAN_POINT ( 'NONE',  ( -4.700567142279991728, 11.89599996085105715, 0.9732778532731590770 ) ) ;
#976 = PLANE ( 'NONE',  #69 ) ;
#977 = DIRECTION ( 'NONE',  ( -1.000000000000000000, 0.000000000000000000, 9.941108744852762574E-17 ) ) ;
#978 = COLOUR_RGB ( '',0.8000000000000000444, 0.8000000000000000444, 0.8000000000000000444 ) ;
#979 = EDGE_CURVE ( 'NONE', #258, #737, #944, .T. ) ;
#980 = ORIENTED_EDGE ( 'NONE', *, *, #1134, .F. ) ;
#981 = AXIS2_PLACEMENT_3D ( 'NONE', #299, #163, #973 ) ;
#982 = AXIS2_PLACEMENT_3D ( 'NONE', #1262, #1161, #887 ) ;
#983 = PLANE ( 'NONE',  #1408 ) ;
#984 = MECHANICAL_DESIGN_GEOMETRIC_PRESENTATION_REPRESENTATION (  '', ( #1645 ), #1647 ) ;
#985 =( GEOMETRIC_REPRESENTATION_CONTEXT ( 3 ) GLOBAL_UNCERTAINTY_ASSIGNED_CONTEXT ( ( #1781 ) ) GLOBAL_UNIT_ASSIGNED_CONTEXT ( ( #54, #1724, #906 ) ) REPRESENTATION_CONTEXT ( 'NONE', 'WORKASPACE' ) );
#986 = CARTESIAN_POINT ( 'NONE',  ( 0.000000000000000000, -6.599999999999999645, 0.000000000000000000 ) ) ;
#987 = CARTESIAN_POINT ( 'NONE',  ( 5.755839955992559655E-17, -6.400000000000003020, 0.4699999999999999734 ) ) ;
#988 = LINE ( 'NONE', #143, #809 ) ;
#989 = EDGE_LOOP ( 'NONE', ( #1477, #1620 ) ) ;
#990 = ADVANCED_FACE ( 'NONE', ( #936 ), #201, .T. ) ;
#991 = VERTEX_POINT ( 'NONE', #1212 ) ;
#992 = CYLINDRICAL_SURFACE ( 'NONE', #981, 0.4699999999999999178 ) ;
#993 = EDGE_CURVE ( 'NONE', #1384, #635, #621, .T. ) ;
#994 = CYLINDRICAL_SURFACE ( 'NONE', #185, 1.000000000000000888 ) ;
#995 = FACE_BOUND ( 'NONE', #1358, .T. ) ;
#996 = CARTESIAN_POINT ( 'NONE',  ( 0.000000000000000000, 15.58936074863071219, 0.000000000000000000 ) ) ;
#997 = EDGE_LOOP ( 'NONE', ( #890, #955 ) ) ;
#998 = ORIENTED_EDGE ( 'NONE', *, *, #1080, .T. ) ;
#999 = DIRECTION ( 'NONE',  ( -1.000000000000000000, -0.000000000000000000, -0.000000000000000000 ) ) ;
#1000 = PRODUCT_DEFINITION ( 'UNKNOWN', '', #222, #489 ) ;
#1001 = DIRECTION ( 'NONE',  ( 0.000000000000000000, 0.000000000000000000, 1.000000000000000000 ) ) ;
#1002 = DIRECTION ( 'NONE',  ( -1.000000000000000000, -0.000000000000000000, -0.000000000000000000 ) ) ;
#1003 = FACE_BOUND ( 'NONE', #1582, .T. ) ;
#1004 = AXIS2_PLACEMENT_3D ( 'NONE', #1160, #729, #18 ) ;
#1005 = VERTEX_POINT ( 'NONE', #44 ) ;
#1006 = AXIS2_PLACEMENT_3D ( 'NONE', #1802, #552, #941 ) ;
#1007 = ORIENTED_EDGE ( 'NONE', *, *, #363, .F. ) ;
#1008 = CIRCLE ( 'NONE', #1236, 1.000000000000000888 ) ;
#1009 = CARTESIAN_POINT ( 'NONE',  ( 0.000000000000000000, 16.26000000000000512, -0.4699999999999999734 ) ) ;
#1010 = AXIS2_PLACEMENT_3D ( 'NONE', #1798, #407, #431 ) ;
#1011 = CARTESIAN_POINT ( 'NONE',  ( -4.774985726374328721, 13.03345520119170153, -0.5043024717073970598 ) ) ;
#1012 = AXIS2_PLACEMENT_3D ( 'NONE', #1681, #1138, #856 ) ;
#1013 = FACE_OUTER_BOUND ( 'NONE', #1141, .T. ) ;
#1014 = ADVANCED_FACE ( 'NONE', ( #1171 ), #1733, .T. ) ;
#1015 = CARTESIAN_POINT ( 'NONE',  ( -8.725000000000001421, 2.359999999999999876, 7.725000000000000533 ) ) ;
#1016 = SURFACE_STYLE_USAGE ( .BOTH. , #1140 ) ;
#1017 = ORIENTED_EDGE ( 'NONE', *, *, #1525, .T. ) ;
#1018 = ORIENTED_EDGE ( 'NONE', *, *, #1752, .T. ) ;
#1019 = CARTESIAN_POINT ( 'NONE',  ( -6.349999999999977440, -6.599999999999999645, -6.350000000000022737 ) ) ;
#1020 = CARTESIAN_POINT ( 'NONE',  ( 0.000000000000000000, 14.26000000000000334, 0.000000000000000000 ) ) ;
#1021 = LINE ( 'NONE', #1566, #461 ) ;
#1022 = CARTESIAN_POINT ( 'NONE',  ( 4.761452820895681448, 11.36007807905971490, -0.6143184019498452164 ) ) ;
#1023 = CARTESIAN_POINT ( 'NONE',  ( 5.755839955992559655E-17, 15.58936074863071219, 0.4699999999999999734 ) ) ;
#1024 = ORIENTED_EDGE ( 'NONE', *, *, #1159, .F. ) ;
#1025 = ADVANCED_FACE ( 'NONE', ( #178 ), #614, .T. ) ;
#1026 = ORIENTED_EDGE ( 'NONE', *, *, #250, .T. ) ;
#1027 = CARTESIAN_POINT ( 'NONE',  ( 0.000000000000000000, 12.16000000000000369, 1.000000000000000888 ) ) ;
#1028 = SURFACE_STYLE_USAGE ( .BOTH. , #372 ) ;
#1029 = ORIENTED_EDGE ( 'NONE', *, *, #1365, .F. ) ;
#1030 = DIRECTION ( 'NONE',  ( 0.000000000000000000, 0.000000000000000000, -1.000000000000000000 ) ) ;
#1031 = CYLINDRICAL_SURFACE ( 'NONE', #1125, 4.799999999999999822 ) ;
#1032 = EDGE_LOOP ( 'NONE', ( #769, #1572, #1506, #1600 ) ) ;
#1033 = VECTOR ( 'NONE', #118, 1000.000000000000000 ) ;
#1034 = EDGE_CURVE ( 'NONE', #341, #512, #1296, .T. ) ;
#1035 = ORIENTED_EDGE ( 'NONE', *, *, #532, .F. ) ;
#1036 = DIRECTION ( 'NONE',  ( 0.000000000000000000, -1.000000000000000000, 0.000000000000000000 ) ) ;
#1037 = STYLED_ITEM ( 'NONE', ( #1298 ), #703 ) ;
#1038 = FACE_OUTER_BOUND ( 'NONE', #59, .T. ) ;
#1039 = AXIS2_PLACEMENT_3D ( 'NONE', #1683, #708, #573 ) ;
#1040 = AXIS2_PLACEMENT_3D ( 'NONE', #1434, #1740, #1042 ) ;
#1041 = CARTESIAN_POINT ( 'NONE',  ( 0.000000000000000000, 14.26000000000000334, 0.000000000000000000 ) ) ;
#1042 = DIRECTION ( 'NONE',  ( 0.000000000000000000, 0.000000000000000000, 1.000000000000000000 ) ) ;
#1043 = AXIS2_PLACEMENT_3D ( 'NONE', #914, #1748, #234 ) ;
#1044 = ORIENTED_EDGE ( 'NONE', *, *, #317, .F. ) ;
#1045 = VERTEX_POINT ( 'NONE', #52 ) ;
#1046 = CYLINDRICAL_SURFACE ( 'NONE', #686, 0.4699999999999999178 ) ;
#1047 = EDGE_CURVE ( 'NONE', #762, #355, #1722, .T. ) ;
#1048 = CARTESIAN_POINT ( 'NONE',  ( 0.000000000000000000, 14.26000000000000334, 0.000000000000000000 ) ) ;
#1049 = ADVANCED_FACE ( 'NONE', ( #764 ), #1046, .T. ) ;
#1050 = DIRECTION ( 'NONE',  ( 1.000000000000000000, 0.000000000000000000, 3.491481338843133355E-15 ) ) ;
#1051 = VERTEX_POINT ( 'NONE', #903 ) ;
#1052 = DIRECTION ( 'NONE',  ( 0.000000000000000000, 1.000000000000000000, -0.000000000000000000 ) ) ;
#1053 = DIRECTION ( 'NONE',  ( 0.000000000000000000, 0.000000000000000000, 1.000000000000000000 ) ) ;
#1054 = ORIENTED_EDGE ( 'NONE', *, *, #1561, .F. ) ;
#1055 = ORIENTED_EDGE ( 'NONE', *, *, #1685, .T. ) ;
#1056 = DIRECTION ( 'NONE',  ( -0.000000000000000000, 0.000000000000000000, 1.000000000000000000 ) ) ;
#1057 = DIRECTION ( 'NONE',  ( 0.000000000000000000, 1.000000000000000000, 0.000000000000000000 ) ) ;
#1058 = ADVANCED_FACE ( 'NONE', ( #1448 ), #377, .T. ) ;
#1059 = DIRECTION ( 'NONE',  ( 0.000000000000000000, -1.000000000000000000, 0.000000000000000000 ) ) ;
#1060 = ORIENTED_EDGE ( 'NONE', *, *, #179, .F. ) ;
#1061 = ORIENTED_EDGE ( 'NONE', *, *, #597, .F. ) ;
#1062 = CLOSED_SHELL ( 'NONE', ( #1720, #508, #1470, #1307, #379, #1503, #722, #1801, #32, #1329, #854, #283, #1451, #344, #1629, #1621, #207, #1168, #857, #270, #421, #292, #798, #343 ) ) ;
#1063 = FACE_OUTER_BOUND ( 'NONE', #356, .T. ) ;
#1064 = SURFACE_STYLE_FILL_AREA ( #503 ) ;
#1065 = CIRCLE ( 'NONE', #595, 2.875000000000000000 ) ;
#1066 = ORIENTED_EDGE ( 'NONE', *, *, #1263, .F. ) ;
#1067 = DIRECTION ( 'NONE',  ( 0.000000000000000000, 0.000000000000000000, 1.000000000000000000 ) ) ;
#1068 = CYLINDRICAL_SURFACE ( 'NONE', #369, 1.000000000000000888 ) ;
#1069 = STYLED_ITEM ( 'NONE', ( #825 ), #97 ) ;
#1070 = EDGE_CURVE ( 'NONE', #1704, #1421, #1354, .T. ) ;
#1071 = ORIENTED_EDGE ( 'NONE', *, *, #993, .T. ) ;
#1072 = VECTOR ( 'NONE', #962, 1000.000000000000000 ) ;
#1073 = ORIENTED_EDGE ( 'NONE', *, *, #1685, .F. ) ;
#1074 = DIRECTION ( 'NONE',  ( 1.000000000000000000, 0.000000000000000000, 0.000000000000000000 ) ) ;
#1075 = EDGE_LOOP ( 'NONE', ( #673, #1150 ) ) ;
#1076 = CARTESIAN_POINT ( 'NONE',  ( 0.000000000000000000, 14.26000000000000334, 0.000000000000000000 ) ) ;
#1077 = DIRECTION ( 'NONE',  ( 0.000000000000000000, 0.000000000000000000, 1.000000000000000000 ) ) ;
#1078 = DIRECTION ( 'NONE',  ( -1.000000000000000000, 0.000000000000000000, 0.000000000000000000 ) ) ;
#1079 = DIRECTION ( 'NONE',  ( 0.000000000000000000, 0.000000000000000000, 1.000000000000000000 ) ) ;
#1080 = EDGE_CURVE ( 'NONE', #14, #935, #457, .T. ) ;
#1081 = EDGE_LOOP ( 'NONE', ( #723, #759, #972, #1107 ) ) ;
#1082 = APPLICATION_PROTOCOL_DEFINITION ( 'draft international standard', 'automotive_design', 1998, #1158 ) ;
#1083 = ORIENTED_EDGE ( 'NONE', *, *, #979, .F. ) ;
#1084 = DIRECTION ( 'NONE',  ( 0.000000000000000000, -1.000000000000000000, 0.000000000000000000 ) ) ;
#1085 = CARTESIAN_POINT ( 'NONE',  ( -4.774880368313839440, 11.28711121155227559, -0.5053164495755045893 ) ) ;
#1086 = FILL_AREA_STYLE ('',( #528 ) ) ;
#1087 = CARTESIAN_POINT ( 'NONE',  ( 0.000000000000000000, 12.16000000000000369, 0.000000000000000000 ) ) ;
#1088 = VERTEX_POINT ( 'NONE', #1628 ) ;
#1089 = EDGE_CURVE ( 'NONE', #525, #80, #72, .T. ) ;
#1090 = VECTOR ( 'NONE', #1139, 1000.000000000000000 ) ;
#1091 = ORIENTED_EDGE ( 'NONE', *, *, #1570, .F. ) ;
#1092 = CARTESIAN_POINT ( 'NONE',  ( -5.879999999999977689, -7.929360748630709388, -6.350000000000020961 ) ) ;
#1093 = CARTESIAN_POINT ( 'NONE',  ( -4.775033720290682737, 11.28629510510614864, 0.5037190648301071993 ) ) ;
#1094 = AXIS2_PLACEMENT_3D ( 'NONE', #689, #648, #1245 ) ;
#1095 = VECTOR ( 'NONE', #109, 1000.000000000000000 ) ;
#1096 = CARTESIAN_POINT ( 'NONE',  ( -6.349999999999999645, 0.000000000000000000, 6.819999999999999396 ) ) ;
#1097 = FACE_OUTER_BOUND ( 'NONE', #1447, .T. ) ;
#1098 = ORIENTED_EDGE ( 'NONE', *, *, #412, .T. ) ;
#1099 = AXIS2_PLACEMENT_3D ( 'NONE', #454, #1288, #34 ) ;
#1100 = EDGE_CURVE ( 'NONE', #1799, #1704, #319, .T. ) ;
#1101 = CARTESIAN_POINT ( 'NONE',  ( 6.349999999999999645, -7.929360748630709388, -5.879999999999999893 ) ) ;
#1102 = ADVANCED_FACE ( 'NONE', ( #1255 ), #114, .T. ) ;
#1103 = CYLINDRICAL_SURFACE ( 'NONE', #1292, 4.799999999999999822 ) ;
#1104 = CARTESIAN_POINT ( 'NONE',  ( 4.761378573810513437, 12.95935667179931272, 0.6147470443662607087 ) ) ;
#1105 = SURFACE_SIDE_STYLE ('',( #1648 ) ) ;
#1106 = DIRECTION ( 'NONE',  ( 0.000000000000000000, 0.000000000000000000, 1.000000000000000000 ) ) ;
#1107 = ORIENTED_EDGE ( 'NONE', *, *, #217, .T. ) ;
#1108 = DIRECTION ( 'NONE',  ( 0.000000000000000000, 1.000000000000000000, 0.000000000000000000 ) ) ;
#1109 = CARTESIAN_POINT ( 'NONE',  ( -5.879999999999977689, -6.399999999999999467, -6.350000000000020961 ) ) ;
#1110 = LINE ( 'NONE', #1388, #1072 ) ;
#1111 = ADVANCED_FACE ( 'NONE', ( #548 ), #1705, .T. ) ;
#1112 = CARTESIAN_POINT ( 'NONE',  ( 0.000000000000000000, 0.000000000000000000, -4.799999999999999822 ) ) ;
#1113 = CARTESIAN_POINT ( 'NONE',  ( 6.349999999999933031, -6.599999999999999645, 6.350000000000066258 ) ) ;
#1114 = ORIENTED_EDGE ( 'NONE', *, *, #1100, .F. ) ;
#1115 = CARTESIAN_POINT ( 'NONE',  ( 5.535000000000000142, 12.16000000000000369, 0.000000000000000000 ) ) ;
#1116 = CARTESIAN_POINT ( 'NONE',  ( -4.694677837722200486, 12.29253693566343664, 1.000000000000000888 ) ) ;
#1117 = CYLINDRICAL_SURFACE ( 'NONE', #813, 4.299999999999999822 ) ;
#1118 = AXIS2_PLACEMENT_3D ( 'NONE', #84, #475, #1067 ) ;
#1119 = CARTESIAN_POINT ( 'NONE',  ( 4.700453215009535946, 11.89776097849041392, -0.9738317967265677222 ) ) ;
#1120 = AXIS2_PLACEMENT_3D ( 'NONE', #986, #715, #1808 ) ;
#1121 = FACE_OUTER_BOUND ( 'NONE', #875, .T. ) ;
#1122 = ADVANCED_FACE ( 'NONE', ( #529 ), #1466, .T. ) ;
#1123 = EDGE_LOOP ( 'NONE', ( #754, #471 ) ) ;
#1124 = AXIS2_PLACEMENT_3D ( 'NONE', #1679, #434, #1386 ) ;
#1125 = AXIS2_PLACEMENT_3D ( 'NONE', #1701, #38, #28 ) ;
#1126 = ORIENTED_EDGE ( 'NONE', *, *, #1034, .F. ) ;
#1127 = CARTESIAN_POINT ( 'NONE',  ( 6.349999999999933031, -6.599999999999999645, 6.350000000000066258 ) ) ;
#1128 = CIRCLE ( 'NONE', #249, 4.299999999999999822 ) ;
#1129 = AXIS2_PLACEMENT_3D ( 'NONE', #1746, #1184, #1450 ) ;
#1130 = CARTESIAN_POINT ( 'NONE',  ( -4.799989309700538165, 13.15994868655882755, 0.1312446177188849039 ) ) ;
#1131 = DIRECTION ( 'NONE',  ( -0.000000000000000000, 1.000000000000000000, -0.000000000000000000 ) ) ;
#1132 = CARTESIAN_POINT ( 'NONE',  ( -7.725000000000000533, 2.359999999999999876, 8.724999999999999645 ) ) ;
#1133 = ORIENTED_EDGE ( 'NONE', *, *, #1362, .F. ) ;
#1134 = EDGE_CURVE ( 'NONE', #355, #188, #1356, .T. ) ;
#1135 = EDGE_LOOP ( 'NONE', ( #888, #539, #1609, #1328 ) ) ;
#1136 = CARTESIAN_POINT ( 'NONE',  ( 5.265981236333618470E-16, 16.26000000000000512, -4.299999999999999822 ) ) ;
#1137 = DIRECTION ( 'NONE',  ( 0.000000000000000000, 1.000000000000000000, 0.000000000000000000 ) ) ;
#1138 = DIRECTION ( 'NONE',  ( 0.000000000000000000, -1.000000000000000000, 0.000000000000000000 ) ) ;
#1139 = DIRECTION ( 'NONE',  ( -0.000000000000000000, 1.000000000000000000, -0.000000000000000000 ) ) ;
#1140 = SURFACE_SIDE_STYLE ('',( #611 ) ) ;
#1141 = EDGE_LOOP ( 'NONE', ( #408, #1749, #501, #1024 ) ) ;
#1142 = EDGE_LOOP ( 'NONE', ( #1513, #668, #316, #490 ) ) ;
#1143 = DIRECTION ( 'NONE',  ( -0.000000000000000000, -1.000000000000000000, -0.000000000000000000 ) ) ;
#1144 = ADVANCED_FACE ( 'NONE', ( #1097 ), #749, .T. ) ;
#1145 = FACE_OUTER_BOUND ( 'NONE', #1630, .T. ) ;
#1146 = LINE ( 'NONE', #1698, #869 ) ;
#1147 =( LENGTH_UNIT ( ) NAMED_UNIT ( * ) SI_UNIT ( .MILLI., .METRE. ) );
#1148 = CARTESIAN_POINT ( 'NONE',  ( 3.520859547548640440E-16, 0.2000000000000000111, 2.875000000000000000 ) ) ;
#1149 = CIRCLE ( 'NONE', #832, 2.875000000000000000 ) ;
#1150 = ORIENTED_EDGE ( 'NONE', *, *, #47, .T. ) ;
#1151 = ORIENTED_EDGE ( 'NONE', *, *, #672, .F. ) ;
#1152 = VECTOR ( 'NONE', #1780, 1000.000000000000000 ) ;
#1153 = AXIS2_PLACEMENT_3D ( 'NONE', #113, #1520, #1637 ) ;
#1154 = DIRECTION ( 'NONE',  ( 0.000000000000000000, 0.000000000000000000, 1.000000000000000000 ) ) ;
#1155 = FACE_OUTER_BOUND ( 'NONE', #137, .T. ) ;
#1156 = AXIS2_PLACEMENT_3D ( 'NONE', #924, #226, #1077 ) ;
#1157 = DIRECTION ( 'NONE',  ( -0.000000000000000000, -1.000000000000000000, -0.000000000000000000 ) ) ;
#1158 = APPLICATION_CONTEXT ( 'automotive_design' ) ;
#1159 = EDGE_CURVE ( 'NONE', #1779, #1469, #1649, .T. ) ;
#1160 = CARTESIAN_POINT ( 'NONE',  ( 0.000000000000000000, 14.26000000000000334, 0.000000000000000000 ) ) ;
#1161 = DIRECTION ( 'NONE',  ( 0.000000000000000000, 1.000000000000000000, 0.000000000000000000 ) ) ;
#1162 = ORIENTED_EDGE ( 'NONE', *, *, #789, .F. ) ;
#1163 = ORIENTED_EDGE ( 'NONE', *, *, #971, .T. ) ;
#1164 = DIRECTION ( 'NONE',  ( 0.000000000000000000, 0.000000000000000000, 1.000000000000000000 ) ) ;
#1165 = FILL_AREA_STYLE_COLOUR ( '', #978 ) ;
#1166 = DIRECTION ( 'NONE',  ( 0.000000000000000000, -0.000000000000000000, 1.000000000000000000 ) ) ;
#1167 = DIRECTION ( 'NONE',  ( 0.000000000000000000, 0.000000000000000000, 1.000000000000000000 ) ) ;
#1168 = ADVANCED_FACE ( 'NONE', ( #663 ), #269, .T. ) ;
#1169 = VERTEX_POINT ( 'NONE', #1521 ) ;
#1170 = ORIENTED_EDGE ( 'NONE', *, *, #495, .T. ) ;
#1171 = FACE_OUTER_BOUND ( 'NONE', #68, .T. ) ;
#1172 = DIRECTION ( 'NONE',  ( 0.000000000000000000, 0.000000000000000000, -1.000000000000000000 ) ) ;
#1173 = DIRECTION ( 'NONE',  ( 8.659560562354972301E-17, 0.7071067811865441310, -0.7071067811865507924 ) ) ;
#1174 = DIRECTION ( 'NONE',  ( 0.000000000000000000, 1.000000000000000000, 0.000000000000000000 ) ) ;
#1175 = FACE_OUTER_BOUND ( 'NONE', #1435, .T. ) ;
#1176 = EDGE_CURVE ( 'NONE', #1756, #1283, #671, .T. ) ;
#1177 = ORIENTED_EDGE ( 'NONE', *, *, #609, .T. ) ;
#1178 = AXIS2_PLACEMENT_3D ( 'NONE', #580, #1395, #1547 ) ;
#1179 = ADVANCED_FACE ( 'NONE', ( #1372, #1638 ), #1656, .T. ) ;
#1180 = VERTEX_POINT ( 'NONE', #681 ) ;
#1181 = DIRECTION ( 'NONE',  ( 0.000000000000000000, -1.000000000000000000, 0.000000000000000000 ) ) ;
#1182 = CIRCLE ( 'NONE', #424, 4.799999999999999822 ) ;
#1183 = DIRECTION ( 'NONE',  ( 0.000000000000000000, 1.000000000000000000, 0.000000000000000000 ) ) ;
#1184 = DIRECTION ( 'NONE',  ( -0.000000000000000000, 1.000000000000000000, -0.000000000000000000 ) ) ;
#1185 = ORIENTED_EDGE ( 'NONE', *, *, #1743, .F. ) ;
#1186 = AXIS2_PLACEMENT_3D ( 'NONE', #776, #1202, #1755 ) ;
#1187 = CARTESIAN_POINT ( 'NONE',  ( 3.520859547548640440E-16, 14.26000000000000334, 2.875000000000000000 ) ) ;
#1188 = DIRECTION ( 'NONE',  ( -0.000000000000000000, -1.000000000000000000, 0.000000000000000000 ) ) ;
#1189 = ORIENTED_EDGE ( 'NONE', *, *, #1673, .F. ) ;
#1190 = ORIENTED_EDGE ( 'NONE', *, *, #456, .F. ) ;
#1191 = EDGE_CURVE ( 'NONE', #683, #945, #988, .T. ) ;
#1192 = SURFACE_STYLE_FILL_AREA ( #884 ) ;
#1193 = PLANE ( 'NONE',  #719 ) ;
#1194 = LINE ( 'NONE', #498, #35 ) ;
#1195 = DIRECTION ( 'NONE',  ( 0.000000000000000000, 1.000000000000000000, 0.000000000000000000 ) ) ;
#1196 = ORIENTED_EDGE ( 'NONE', *, *, #912, .F. ) ;
#1197 = ORIENTED_EDGE ( 'NONE', *, *, #522, .F. ) ;
#1198 = ADVANCED_FACE ( 'NONE', ( #1121 ), #1324, .T. ) ;
#1199 = DIRECTION ( 'NONE',  ( 1.000000000000000000, -0.000000000000000000, -0.000000000000000000 ) ) ;
#1200 = ORIENTED_EDGE ( 'NONE', *, *, #204, .T. ) ;
#1201 = CARTESIAN_POINT ( 'NONE',  ( 0.000000000000000000, -6.599999999999999645, 0.2700000000000010725 ) ) ;
#1202 = DIRECTION ( 'NONE',  ( 0.000000000000000000, -1.000000000000000000, 0.000000000000000000 ) ) ;
#1203 = EDGE_LOOP ( 'NONE', ( #632, #1336, #1664, #593 ) ) ;
#1204 = ORIENTED_EDGE ( 'NONE', *, *, #971, .F. ) ;
#1205 = CIRCLE ( 'NONE', #423, 2.875000000000000000 ) ;
#1206 = PRESENTATION_LAYER_ASSIGNMENT (  '', '', ( #1488 ) ) ;
#1207 = ORIENTED_EDGE ( 'NONE', *, *, #1688, .T. ) ;
#1208 = DIRECTION ( 'NONE',  ( 0.000000000000000000, -1.000000000000000000, 0.000000000000000000 ) ) ;
#1209 = CIRCLE ( 'NONE', #1124, 1.000000000000000000 ) ;
#1210 = FACE_OUTER_BOUND ( 'NONE', #1081, .T. ) ;
#1211 = DIRECTION ( 'NONE',  ( 0.000000000000000000, 1.000000000000000000, 0.000000000000000000 ) ) ;
#1212 = CARTESIAN_POINT ( 'NONE',  ( 0.000000000000000000, 2.359999999999999876, -4.799999999999999822 ) ) ;
#1213 = AXIS2_PLACEMENT_3D ( 'NONE', #761, #1195, #1334 ) ;
#1214 = ORIENTED_EDGE ( 'NONE', *, *, #194, .T. ) ;
#1215 = PLANE ( 'NONE',  #129 ) ;
#1216 = EDGE_LOOP ( 'NONE', ( #1162, #1091, #478, #1650 ) ) ;
#1217 = DIRECTION ( 'NONE',  ( 0.000000000000000000, 1.000000000000000000, 0.000000000000000000 ) ) ;
#1218 = FACE_OUTER_BOUND ( 'NONE', #851, .T. ) ;
#1219 = FACE_OUTER_BOUND ( 'NONE', #1554, .T. ) ;
#1220 = DIRECTION ( 'NONE',  ( 0.000000000000000000, 1.000000000000000000, 0.000000000000000000 ) ) ;
#1221 = ADVANCED_FACE ( 'NONE', ( #1786 ), #1364, .T. ) ;
#1222 = VERTEX_POINT ( 'NONE', #964 ) ;
#1223 = ORIENTED_EDGE ( 'NONE', *, *, #1080, .F. ) ;
#1224 = CARTESIAN_POINT ( 'NONE',  ( 0.000000000000000000, 14.26000000000000334, 0.000000000000000000 ) ) ;
#1225 = CARTESIAN_POINT ( 'NONE',  ( -6.349999999999999645, -6.399999999999999467, 6.349999999999999645 ) ) ;
#1226 = FILL_AREA_STYLE_COLOUR ( '', #1319 ) ;
#1227 = DIRECTION ( 'NONE',  ( -1.000000000000000000, 0.000000000000000000, -3.212450881438528296E-15 ) ) ;
#1228 = EDGE_CURVE ( 'NONE', #1169, #51, #714, .T. ) ;
#1229 = ORIENTED_EDGE ( 'NONE', *, *, #946, .T. ) ;
#1230 = EDGE_CURVE ( 'NONE', #1469, #298, #368, .T. ) ;
#1231 = CARTESIAN_POINT ( 'NONE',  ( -5.535000000000000142, 12.16000000000000369, -1.000000000000000888 ) ) ;
#1232 = AXIS2_PLACEMENT_3D ( 'NONE', #642, #1174, #1315 ) ;
#1233 = ORIENTED_EDGE ( 'NONE', *, *, #1585, .T. ) ;
#1234 = DIRECTION ( 'NONE',  ( 0.000000000000000000, -1.000000000000000000, 0.000000000000000000 ) ) ;
#1235 = CARTESIAN_POINT ( 'NONE',  ( 4.799987146972025442, 13.15993830545930976, -0.1324851962095192071 ) ) ;
#1236 = AXIS2_PLACEMENT_3D ( 'NONE', #1573, #883, #1154 ) ;
#1237 = AXIS2_PLACEMENT_3D ( 'NONE', #1804, #554, #1627 ) ;
#1238 = LINE ( 'NONE', #262, #123 ) ;
#1239 = CARTESIAN_POINT ( 'NONE',  ( -6.349999999999977440, -6.599999999999999645, -6.350000000000022737 ) ) ;
#1240 = AXIS2_PLACEMENT_3D ( 'NONE', #1248, #255, #953 ) ;
#1241 = ORIENTED_EDGE ( 'NONE', *, *, #664, .F. ) ;
#1242 = AXIS2_PLACEMENT_3D ( 'NONE', #1646, #968, #830 ) ;
#1243 =( NAMED_UNIT ( * ) PLANE_ANGLE_UNIT ( ) SI_UNIT ( $, .RADIAN. ) );
#1244 = EDGE_CURVE ( 'NONE', #512, #151, #414, .T. ) ;
#1245 = DIRECTION ( 'NONE',  ( 0.000000000000000000, 0.000000000000000000, 1.000000000000000000 ) ) ;
#1246 = CARTESIAN_POINT ( 'NONE',  ( 4.694677837722200486, 12.29250224877494269, 1.000000000000001110 ) ) ;
#1247 = CARTESIAN_POINT ( 'NONE',  ( 0.000000000000000000, -6.599999999999999645, 0.000000000000000000 ) ) ;
#1248 = CARTESIAN_POINT ( 'NONE',  ( 0.000000000000000000, 0.2000000000000000111, 0.000000000000000000 ) ) ;
#1249 = ORIENTED_EDGE ( 'NONE', *, *, #1480, .F. ) ;
#1250 = DIRECTION ( 'NONE',  ( 0.000000000000000000, -1.000000000000000000, 0.000000000000000000 ) ) ;
#1251 = EDGE_CURVE ( 'NONE', #188, #1684, #136, .T. ) ;
#1252 = DIRECTION ( 'NONE',  ( 1.000000000000000000, -0.000000000000000000, -0.000000000000000000 ) ) ;
#1253 = DIRECTION ( 'NONE',  ( -0.000000000000000000, 1.000000000000000000, -0.000000000000000000 ) ) ;
#1254 =( NAMED_UNIT ( * ) SI_UNIT ( $, .STERADIAN. ) SOLID_ANGLE_UNIT ( ) );
#1255 = FACE_OUTER_BOUND ( 'NONE', #792, .T. ) ;
#1256 = ORIENTED_EDGE ( 'NONE', *, *, #959, .F. ) ;
#1257 = CARTESIAN_POINT ( 'NONE',  ( 8.724999999999997868, 0.000000000000000000, -7.725000000000000533 ) ) ;
#1258 = CARTESIAN_POINT ( 'NONE',  ( 0.000000000000000000, 16.26000000000000512, -4.799999999999999822 ) ) ;
#1259 = DIRECTION ( 'NONE',  ( 0.000000000000000000, -1.000000000000000000, 0.000000000000000000 ) ) ;
#1260 = CIRCLE ( 'NONE', #1118, 0.4699999999999999178 ) ;
#1261 = MECHANICAL_DESIGN_GEOMETRIC_PRESENTATION_REPRESENTATION (  '', ( #1037 ), #1669 ) ;
#1262 = CARTESIAN_POINT ( 'NONE',  ( 0.000000000000000000, 2.359999999999999876, 0.000000000000000000 ) ) ;
#1263 = EDGE_CURVE ( 'NONE', #309, #635, #1763, .T. ) ;
#1264 = AXIS2_PLACEMENT_3D ( 'NONE', #740, #755, #1708 ) ;
#1265 = ORIENTED_EDGE ( 'NONE', *, *, #1251, .F. ) ;
#1266 = AXIS2_PLACEMENT_3D ( 'NONE', #796, #1344, #1079 ) ;
#1267 = AXIS2_PLACEMENT_3D ( 'NONE', #165, #1157, #1299 ) ;
#1268 = ORIENTED_EDGE ( 'NONE', *, *, #893, .F. ) ;
#1269 = DIRECTION ( 'NONE',  ( 0.000000000000000000, -1.000000000000000000, 0.000000000000000000 ) ) ;
#1270 = VECTOR ( 'NONE', #1465, 1000.000000000000000 ) ;
#1271 = CARTESIAN_POINT ( 'NONE',  ( -4.720111445234118186, 12.66394536741492338, -0.8735884267657425539 ) ) ;
#1272 = FACE_OUTER_BOUND ( 'NONE', #1312, .T. ) ;
#1273 = DIRECTION ( 'NONE',  ( 0.000000000000000000, 0.000000000000000000, 1.000000000000000000 ) ) ;
#1274 = DIRECTION ( 'NONE',  ( -0.000000000000000000, 1.000000000000000000, -0.000000000000000000 ) ) ;
#1275 = EDGE_CURVE ( 'NONE', #991, #1773, #1615, .T. ) ;
#1276 = ORIENTED_EDGE ( 'NONE', *, *, #551, .T. ) ;
#1277 = ORIENTED_EDGE ( 'NONE', *, *, #562, .F. ) ;
#1278 = FACE_OUTER_BOUND ( 'NONE', #929, .T. ) ;
#1279 = CARTESIAN_POINT ( 'NONE',  ( 0.000000000000000000, -6.599999999999997868, 0.2700000000000028488 ) ) ;
#1280 = CARTESIAN_POINT ( 'NONE',  ( 7.724999999999998757, 2.359999999999999876, -7.725000000000001421 ) ) ;
#1281 = CARTESIAN_POINT ( 'NONE',  ( 4.799989309700538165, 11.16005131344117984, 0.1312446177188849039 ) ) ;
#1282 =( LENGTH_UNIT ( ) NAMED_UNIT ( * ) SI_UNIT ( .MILLI., .METRE. ) );
#1283 = VERTEX_POINT ( 'NONE', #581 ) ;
#1284 = ORIENTED_EDGE ( 'NONE', *, *, #1674, .T. ) ;
#1285 = DIRECTION ( 'NONE',  ( 0.000000000000000000, -0.000000000000000000, 1.000000000000000000 ) ) ;
#1286 = EDGE_CURVE ( 'NONE', #1694, #1715, #296, .T. ) ;
#1287 = DIRECTION ( 'NONE',  ( 0.000000000000000000, 1.000000000000000000, 0.000000000000000000 ) ) ;
#1288 = DIRECTION ( 'NONE',  ( 0.000000000000000000, 1.000000000000000000, 0.000000000000000000 ) ) ;
#1289 = MANIFOLD_SOLID_BREP ( 'CirPattern1[1]', #541 ) ;
#1290 = CARTESIAN_POINT ( 'NONE',  ( 4.694677837722200486, 12.02746306433656542, 1.000000000000000888 ) ) ;
#1291 =( NAMED_UNIT ( * ) PLANE_ANGLE_UNIT ( ) SI_UNIT ( $, .RADIAN. ) );
#1292 = AXIS2_PLACEMENT_3D ( 'NONE', #417, #1508, #1653 ) ;
#1293 = ORIENTED_EDGE ( 'NONE', *, *, #1745, .T. ) ;
#1294 = VECTOR ( 'NONE', #1199, 1000.000000000000000 ) ;
#1295 = ORIENTED_EDGE ( 'NONE', *, *, #551, .F. ) ;
#1296 = LINE ( 'NONE', #1304, #896 ) ;
#1297 = EDGE_CURVE ( 'NONE', #1643, #1799, #186, .T. ) ;
#1298 = PRESENTATION_STYLE_ASSIGNMENT (( #1331 ) ) ;
#1299 = DIRECTION ( 'NONE',  ( 0.000000000000000000, 0.000000000000000000, -1.000000000000000000 ) ) ;
#1300 = ORIENTED_EDGE ( 'NONE', *, *, #583, .F. ) ;
#1301 = DIRECTION ( 'NONE',  ( -0.000000000000000000, 1.000000000000000000, -0.000000000000000000 ) ) ;
#1302 = EDGE_LOOP ( 'NONE', ( #1223, #483 ) ) ;
#1303 = ORIENTED_EDGE ( 'NONE', *, *, #1458, .T. ) ;
#1304 = CARTESIAN_POINT ( 'NONE',  ( -8.725000000000001421, 0.000000000000000000, 8.724999999999999645 ) ) ;
#1305 = DIRECTION ( 'NONE',  ( -0.000000000000000000, -1.000000000000000000, -0.000000000000000000 ) ) ;
#1306 = CARTESIAN_POINT ( 'NONE',  ( 0.000000000000000000, 12.16000000000000369, -1.000000000000000888 ) ) ;
#1307 = ADVANCED_FACE ( 'NONE', ( #1003, #872 ), #1031, .T. ) ;
#1308 = DIRECTION ( 'NONE',  ( 0.000000000000000000, 0.000000000000000000, -1.000000000000000000 ) ) ;
#1309 = LINE ( 'NONE', #56, #1796 ) ;
#1310 = EDGE_CURVE ( 'NONE', #763, #183, #306, .T. ) ;
#1311 = DIRECTION ( 'NONE',  ( -0.000000000000000000, 1.000000000000000000, -0.000000000000000000 ) ) ;
#1312 = EDGE_LOOP ( 'NONE', ( #926, #1471, #494, #1200 ) ) ;
#1313 = CARTESIAN_POINT ( 'NONE',  ( 6.349999999999933031, 0.000000000000000000, 6.350000000000066258 ) ) ;
#1314 = PLANE ( 'NONE',  #273 ) ;
#1315 = DIRECTION ( 'NONE',  ( 0.000000000000000000, -0.000000000000000000, 1.000000000000000000 ) ) ;
#1316 = LINE ( 'NONE', #794, #927 ) ;
#1317 = ORIENTED_EDGE ( 'NONE', *, *, #1420, .F. ) ;
#1318 = EDGE_CURVE ( 'NONE', #533, #1715, #339, .T. ) ;
#1319 = COLOUR_RGB ( '',0.8509803921568627194, 0.8509803921568627194, 0.8509803921568627194 ) ;
#1320 = EDGE_LOOP ( 'NONE', ( #882, #835, #613, #77 ) ) ;
#1321 = VECTOR ( 'NONE', #1287, 1000.000000000000000 ) ;
#1322 = DIRECTION ( 'NONE',  ( 0.000000000000000000, 0.000000000000000000, 1.000000000000000000 ) ) ;
#1323 = FACE_OUTER_BOUND ( 'NONE', #1446, .T. ) ;
#1324 = CONICAL_SURFACE ( 'NONE', #132, 0.2700000000000002953, 0.7853981633974469467 ) ;
#1325 = ORIENTED_EDGE ( 'NONE', *, *, #661, .F. ) ;
#1326 = CARTESIAN_POINT ( 'NONE',  ( 0.000000000000000000, 2.359999999999999432, 0.000000000000000000 ) ) ;
#1327 =( NAMED_UNIT ( * ) SI_UNIT ( $, .STERADIAN. ) SOLID_ANGLE_UNIT ( ) );
#1328 = ORIENTED_EDGE ( 'NONE', *, *, #1275, .T. ) ;
#1329 = ADVANCED_FACE ( 'NONE', ( #1549 ), #721, .F. ) ;
#1330 = VERTEX_POINT ( 'NONE', #1132 ) ;
#1331 = SURFACE_STYLE_USAGE ( .BOTH. , #784 ) ;
#1332 = FACE_OUTER_BOUND ( 'NONE', #1750, .T. ) ;
#1333 = CARTESIAN_POINT ( 'NONE',  ( 0.000000000000000000, 9.260000000000005116, 0.3199999999999998956 ) ) ;
#1334 = DIRECTION ( 'NONE',  ( 0.000000000000000000, -0.000000000000000000, 1.000000000000000000 ) ) ;
#1335 = VERTEX_POINT ( 'NONE', #1148 ) ;
#1336 = ORIENTED_EDGE ( 'NONE', *, *, #946, .F. ) ;
#1337 = MANIFOLD_SOLID_BREP ( 'Cut-Extrude2', #1062 ) ;
#1338 = DIRECTION ( 'NONE',  ( 1.000000000000000000, -0.000000000000000000, 0.000000000000000000 ) ) ;
#1339 = EDGE_CURVE ( 'NONE', #1753, #322, #160, .T. ) ;
#1340 = EDGE_LOOP ( 'NONE', ( #1721, #1265, #415, #787 ) ) ;
#1341 = CYLINDRICAL_SURFACE ( 'NONE', #182, 2.875000000000000000 ) ;
#1342 = DIRECTION ( 'NONE',  ( -0.000000000000000000, -1.000000000000000000, -0.000000000000000000 ) ) ;
#1343 = FACE_OUTER_BOUND ( 'NONE', #256, .T. ) ;
#1344 = DIRECTION ( 'NONE',  ( 0.000000000000000000, -1.000000000000000000, 0.000000000000000000 ) ) ;
#1345 = ORIENTED_EDGE ( 'NONE', *, *, #67, .F. ) ;
#1346 = AXIS2_PLACEMENT_3D ( 'NONE', #233, #1301, #1167 ) ;
#1347 = CARTESIAN_POINT ( 'NONE',  ( 0.000000000000000000, -6.599999999999999645, 0.000000000000000000 ) ) ;
#1348 = AXIS2_PLACEMENT_3D ( 'NONE', #726, #2, #840 ) ;
#1349 = EDGE_CURVE ( 'NONE', #1005, #208, #308, .T. ) ;
#1350 = ORIENTED_EDGE ( 'NONE', *, *, #352, .F. ) ;
#1351 = FACE_OUTER_BOUND ( 'NONE', #99, .T. ) ;
#1352 = AXIS2_PLACEMENT_3D ( 'NONE', #891, #1439, #192 ) ;
#1353 = DIRECTION ( 'NONE',  ( -0.000000000000000000, 0.000000000000000000, 1.000000000000000000 ) ) ;
#1354 = CIRCLE ( 'NONE', #1266, 0.4699999999999999178 ) ;
#1355 = LINE ( 'NONE', #9, #1666 ) ;
#1356 = LINE ( 'NONE', #1662, #777 ) ;
#1357 = AXIS2_PLACEMENT_3D ( 'NONE', #1536, #173, #717 ) ;
#1358 = EDGE_LOOP ( 'NONE', ( #376, #725 ) ) ;
#1359 = VERTEX_POINT ( 'NONE', #1767 ) ;
#1360 = CARTESIAN_POINT ( 'NONE',  ( 8.724999999999997868, 0.000000000000000000, 7.724999999999998757 ) ) ;
#1361 = DIRECTION ( 'NONE',  ( -0.000000000000000000, -1.000000000000000000, -0.000000000000000000 ) ) ;
#1362 = EDGE_CURVE ( 'NONE', #355, #863, #220, .T. ) ;
#1363 = FACE_OUTER_BOUND ( 'NONE', #989, .T. ) ;
#1364 = CYLINDRICAL_SURFACE ( 'NONE', #1010, 0.4699999999999999734 ) ;
#1365 = EDGE_CURVE ( 'NONE', #1384, #297, #956, .T. ) ;
#1366 = ORIENTED_EDGE ( 'NONE', *, *, #742, .F. ) ;
#1367 = CARTESIAN_POINT ( 'NONE',  ( 4.694677837722200486, 12.16000000000000547, 1.000000000000000888 ) ) ;
#1368 = ORIENTED_EDGE ( 'NONE', *, *, #522, .T. ) ;
#1369 = LINE ( 'NONE', #1092, #1033 ) ;
#1370 = CARTESIAN_POINT ( 'NONE',  ( 4.733841077627457317, 12.77446656070711484, -0.7996397199777910414 ) ) ;
#1371 =( LENGTH_UNIT ( ) NAMED_UNIT ( * ) SI_UNIT ( .MILLI., .METRE. ) );
#1372 = FACE_BOUND ( 'NONE', #1624, .T. ) ;
#1373 = EDGE_LOOP ( 'NONE', ( #1678, #209, #639, #1562 ) ) ;
#1374 =( NAMED_UNIT ( * ) SI_UNIT ( $, .STERADIAN. ) SOLID_ANGLE_UNIT ( ) );
#1375 = AXIS2_PLACEMENT_3D ( 'NONE', #1247, #1661, #406 ) ;
#1376 = AXIS2_PLACEMENT_3D ( 'NONE', #491, #1576, #1598 ) ;
#1377 = DIRECTION ( 'NONE',  ( 0.000000000000000000, 0.000000000000000000, -1.000000000000000000 ) ) ;
#1378 = CARTESIAN_POINT ( 'NONE',  ( 4.720186633476336269, 12.66450611139711491, 0.8731777504641443644 ) ) ;
#1379 = CIRCLE ( 'NONE', #600, 4.299999999999999822 ) ;
#1380 = VECTOR ( 'NONE', #1797, 1000.000000000000000 ) ;
#1381 = DIRECTION ( 'NONE',  ( 0.000000000000000000, 0.000000000000000000, 1.000000000000000000 ) ) ;
#1382 = DIRECTION ( 'NONE',  ( 0.000000000000000000, 1.000000000000000000, -0.000000000000000000 ) ) ;
#1383 = AXIS2_PLACEMENT_3D ( 'NONE', #826, #288, #121 ) ;
#1384 = VERTEX_POINT ( 'NONE', #213 ) ;
#1385 = ADVANCED_FACE ( 'NONE', ( #1210 ), #93, .F. ) ;
#1386 = DIRECTION ( 'NONE',  ( 0.000000000000000000, 0.000000000000000000, 1.000000000000000000 ) ) ;
#1387 = CARTESIAN_POINT ( 'NONE',  ( -4.694677837722200486, 12.16000000000000192, 1.000000000000000888 ) ) ;
#1388 = CARTESIAN_POINT ( 'NONE',  ( -8.725000000000001421, 2.359999999999999876, 8.724999999999999645 ) ) ;
#1389 = DIRECTION ( 'NONE',  ( 0.000000000000000000, 0.000000000000000000, 1.000000000000000000 ) ) ;
#1390 = ORIENTED_EDGE ( 'NONE', *, *, #1349, .T. ) ;
#1391 = LINE ( 'NONE', #1422, #101 ) ;
#1392 = EDGE_CURVE ( 'NONE', #80, #525, #1553, .T. ) ;
#1393 = CARTESIAN_POINT ( 'NONE',  ( -4.694677837722200486, 12.29072846083226267, -1.000000000000001110 ) ) ;
#1394 = DIRECTION ( 'NONE',  ( 0.000000000000000000, 1.000000000000000000, 0.000000000000000000 ) ) ;
#1395 = DIRECTION ( 'NONE',  ( -0.000000000000000000, -1.000000000000000000, -0.000000000000000000 ) ) ;
#1396 =( NAMED_UNIT ( * ) PLANE_ANGLE_UNIT ( ) SI_UNIT ( $, .RADIAN. ) );
#1397 = ORIENTED_EDGE ( 'NONE', *, *, #317, .T. ) ;
#1398 = ORIENTED_EDGE ( 'NONE', *, *, #586, .T. ) ;
#1399 = DIRECTION ( 'NONE',  ( 1.000000000000000000, 0.000000000000000000, 3.690901012716611242E-15 ) ) ;
#1400 = PRODUCT ( '5227699-1', '5227699-1', '', ( #841 ) ) ;
#1401 = CARTESIAN_POINT ( 'NONE',  ( -4.794302118382042899, 13.13351550910285503, 0.2631077227159169807 ) ) ;
#1402 = PLANE ( 'NONE',  #12 ) ;
#1403 = CIRCLE ( 'NONE', #1004, 0.4699999999999999734 ) ;
#1404 = EDGE_CURVE ( 'NONE', #1180, #341, #1316, .T. ) ;
#1405 = DIRECTION ( 'NONE',  ( 0.000000000000000000, -1.000000000000000000, 0.000000000000000000 ) ) ;
#1406 = CONICAL_SURFACE ( 'NONE', #301, 0.2700000000000002953, 0.7853981633974469467 ) ;
#1407 = DIRECTION ( 'NONE',  ( 0.000000000000000000, -1.000000000000000000, 0.000000000000000000 ) ) ;
#1408 = AXIS2_PLACEMENT_3D ( 'NONE', #866, #733, #695 ) ;
#1409 = EDGE_LOOP ( 'NONE', ( #199, #1098 ) ) ;
#1410 = VECTOR ( 'NONE', #1274, 1000.000000000000000 ) ;
#1411 = EDGE_LOOP ( 'NONE', ( #1814, #91, #820, #998 ) ) ;
#1412 = FACE_OUTER_BOUND ( 'NONE', #1782, .T. ) ;
#1413 = PRESENTATION_LAYER_ASSIGNMENT (  '', '', ( #371 ) ) ;
#1414 = CARTESIAN_POINT ( 'NONE',  ( -4.775027888955252209, 13.03366525880436377, 0.5036537856254602596 ) ) ;
#1415 = DIRECTION ( 'NONE',  ( -0.000000000000000000, -1.000000000000000000, -0.000000000000000000 ) ) ;
#1416 = CARTESIAN_POINT ( 'NONE',  ( -5.535000000000000142, 12.16000000000000369, 1.000000000000000888 ) ) ;
#1417 = CARTESIAN_POINT ( 'NONE',  ( 6.349999999999933031, -6.399999999999999467, 6.350000000000066258 ) ) ;
#1418 = EDGE_CURVE ( 'NONE', #1715, #533, #1706, .T. ) ;
#1419 = EDGE_LOOP ( 'NONE', ( #1060, #1390, #86, #1170 ) ) ;
#1420 = EDGE_CURVE ( 'NONE', #1622, #612, #626, .T. ) ;
#1421 = VERTEX_POINT ( 'NONE', #347 ) ;
#1422 = CARTESIAN_POINT ( 'NONE',  ( 6.349999999999999645, -6.599999999999999645, -6.079999999999999183 ) ) ;
#1423 = LINE ( 'NONE', #172, #1321 ) ;
#1424 = DIRECTION ( 'NONE',  ( -1.000000000000000000, 0.000000000000000000, -3.690901012716611242E-15 ) ) ;
#1425 = CARTESIAN_POINT ( 'NONE',  ( 0.000000000000000000, 14.26000000000000334, 0.000000000000000000 ) ) ;
#1426 = CARTESIAN_POINT ( 'NONE',  ( 0.000000000000000000, -6.400000000000003020, 0.000000000000000000 ) ) ;
#1427 = ORIENTED_EDGE ( 'NONE', *, *, #327, .F. ) ;
#1428 = ADVANCED_FACE ( 'NONE', ( #1619 ), #1524, .T. ) ;
#1429 = EDGE_LOOP ( 'NONE', ( #440, #861, #1787, #367 ) ) ;
#1430 = CARTESIAN_POINT ( 'NONE',  ( 0.000000000000000000, 16.26000000000000512, 0.000000000000000000 ) ) ;
#1431 = CARTESIAN_POINT ( 'NONE',  ( 6.349999999999999645, 0.000000000000000000, -6.819999999999999396 ) ) ;
#1432 = UNCERTAINTY_MEASURE_WITH_UNIT (LENGTH_MEASURE( 1.000000000000000082E-05 ), #1147, 'distance_accuracy_value', 'NONE');
#1433 = CARTESIAN_POINT ( 'NONE',  ( 4.694677837722200486, 12.16000000000000547, 1.000000000000000888 ) ) ;
#1434 = CARTESIAN_POINT ( 'NONE',  ( 0.000000000000000000, 9.260000000000005116, 0.000000000000000000 ) ) ;
#1435 = EDGE_LOOP ( 'NONE', ( #922, #1459, #1437, #1083 ) ) ;
#1436 = MECHANICAL_DESIGN_GEOMETRIC_PRESENTATION_REPRESENTATION (  '', ( #1488 ), #364 ) ;
#1437 = ORIENTED_EDGE ( 'NONE', *, *, #1561, .T. ) ;
#1438 = AXIS2_PLACEMENT_3D ( 'NONE', #463, #808, #60 ) ;
#1439 = DIRECTION ( 'NONE',  ( 0.000000000000000000, -1.000000000000000000, 0.000000000000000000 ) ) ;
#1440 = EDGE_CURVE ( 'NONE', #1563, #683, #842, .T. ) ;
#1441 =( GEOMETRIC_REPRESENTATION_CONTEXT ( 3 ) GLOBAL_UNCERTAINTY_ASSIGNED_CONTEXT ( ( #667 ) ) GLOBAL_UNIT_ASSIGNED_CONTEXT ( ( #1282, #1291, #1714 ) ) REPRESENTATION_CONTEXT ( 'NONE', 'WORKASPACE' ) );
#1442 = DIRECTION ( 'NONE',  ( 0.000000000000000000, -0.000000000000000000, 1.000000000000000000 ) ) ;
#1443 = VECTOR ( 'NONE', #444, 1000.000000000000000 ) ;
#1444 = DIRECTION ( 'NONE',  ( 0.000000000000000000, 0.000000000000000000, 1.000000000000000000 ) ) ;
#1445 = DIRECTION ( 'NONE',  ( -1.000000000000000000, -0.000000000000000000, -0.000000000000000000 ) ) ;
#1446 = EDGE_LOOP ( 'NONE', ( #1026, #1018, #545, #556 ) ) ;
#1447 = EDGE_LOOP ( 'NONE', ( #852, #1693, #103, #1453 ) ) ;
#1448 = FACE_OUTER_BOUND ( 'NONE', #311, .T. ) ;
#1449 = CARTESIAN_POINT ( 'NONE',  ( 0.000000000000000000, 16.26000000000000512, -2.875000000000000000 ) ) ;
#1450 = DIRECTION ( 'NONE',  ( 0.000000000000000000, 0.000000000000000000, 1.000000000000000000 ) ) ;
#1451 = ADVANCED_FACE ( 'NONE', ( #79, #1476 ), #637, .T. ) ;
#1452 = DIRECTION ( 'NONE',  ( 0.000000000000000000, 0.000000000000000000, 1.000000000000000000 ) ) ;
#1453 = ORIENTED_EDGE ( 'NONE', *, *, #596, .F. ) ;
#1454 = VERTEX_POINT ( 'NONE', #499 ) ;
#1455 = CARTESIAN_POINT ( 'NONE',  ( -6.819999999999977192, -6.399999999999999467, -6.350000000000023626 ) ) ;
#1456 = DIRECTION ( 'NONE',  ( 0.000000000000000000, 0.000000000000000000, 1.000000000000000000 ) ) ;
#1457 = CARTESIAN_POINT ( 'NONE',  ( -6.349999999999999645, -6.599999999999999645, 6.349999999999999645 ) ) ;
#1458 = EDGE_CURVE ( 'NONE', #290, #1622, #780, .T. ) ;
#1459 = ORIENTED_EDGE ( 'NONE', *, *, #1176, .T. ) ;
#1460 =( GEOMETRIC_REPRESENTATION_CONTEXT ( 3 ) GLOBAL_UNCERTAINTY_ASSIGNED_CONTEXT ( ( #345 ) ) GLOBAL_UNIT_ASSIGNED_CONTEXT ( ( #1371, #963, #1254 ) ) REPRESENTATION_CONTEXT ( 'NONE', 'WORKASPACE' ) );
#1461 = VERTEX_POINT ( 'NONE', #85 ) ;
#1462 = CONICAL_SURFACE ( 'NONE', #1700, 0.2700000000000002953, 0.7853981633974469467 ) ;
#1463 = VECTOR ( 'NONE', #1472, 1000.000000000000000 ) ;
#1464 = FILL_AREA_STYLE ('',( #351 ) ) ;
#1465 = DIRECTION ( 'NONE',  ( -0.000000000000000000, 1.000000000000000000, -0.000000000000000000 ) ) ;
#1466 = CONICAL_SURFACE ( 'NONE', #1522, 0.2700000000000002953, 0.7853981633974469467 ) ;
#1467 = CARTESIAN_POINT ( 'NONE',  ( -7.725000000000000533, 2.359999999999999876, 7.725000000000000533 ) ) ;
#1468 = DIRECTION ( 'NONE',  ( 0.000000000000000000, 0.000000000000000000, -1.000000000000000000 ) ) ;
#1469 = VERTEX_POINT ( 'NONE', #506 ) ;
#1470 = ADVANCED_FACE ( 'NONE', ( #1175 ), #1068, .T. ) ;
#1471 = ORIENTED_EDGE ( 'NONE', *, *, #838, .T. ) ;
#1472 = DIRECTION ( 'NONE',  ( 0.000000000000000000, -1.000000000000000000, 0.000000000000000000 ) ) ;
#1473 = DIRECTION ( 'NONE',  ( -1.000000000000000000, 0.000000000000000000, 9.941108744852762574E-17 ) ) ;
#1474 = ORIENTED_EDGE ( 'NONE', *, *, #403, .F. ) ;
#1475 = FACE_OUTER_BOUND ( 'NONE', #1419, .T. ) ;
#1476 = FACE_OUTER_BOUND ( 'NONE', #510, .T. ) ;
#1477 = ORIENTED_EDGE ( 'NONE', *, *, #1230, .F. ) ;
#1478 = CARTESIAN_POINT ( 'NONE',  ( 6.349999999999999645, -7.929360748630709388, -6.349999999999999645 ) ) ;
#1479 = ORIENTED_EDGE ( 'NONE', *, *, #1244, .F. ) ;
#1480 = EDGE_CURVE ( 'NONE', #762, #1684, #1309, .T. ) ;
#1481 = LINE ( 'NONE', #409, #1095 ) ;
#1482 = ORIENTED_EDGE ( 'NONE', *, *, #388, .F. ) ;
#1483 = LINE ( 'NONE', #404, #1548 ) ;
#1484 = LINE ( 'NONE', #260, #1765 ) ;
#1485 = CARTESIAN_POINT ( 'NONE',  ( 7.724999999999998757, 0.000000000000000000, 7.724999999999998757 ) ) ;
#1486 = DIRECTION ( 'NONE',  ( 1.000000000000000000, 0.000000000000000000, 3.212450881438528296E-15 ) ) ;
#1487 = EDGE_LOOP ( 'NONE', ( #1249, #271, #940, #638 ) ) ;
#1488 = STYLED_ITEM ( 'NONE', ( #1565 ), #691 ) ;
#1489 = EDGE_CURVE ( 'NONE', #1088, #945, #190, .T. ) ;
#1490 = FILL_AREA_STYLE ('',( #674 ) ) ;
#1491 = AXIS2_PLACEMENT_3D ( 'NONE', #1533, #853, #1399 ) ;
#1492 = VERTEX_POINT ( 'NONE', #384 ) ;
#1493 = ADVANCED_FACE ( 'NONE', ( #253 ), #553, .F. ) ;
#1494 = CARTESIAN_POINT ( 'NONE',  ( 6.349999999999999645, -6.599999999999999645, -6.349999999999999645 ) ) ;
#1495 = AXIS2_PLACEMENT_3D ( 'NONE', #1569, #1577, #590 ) ;
#1496 = CARTESIAN_POINT ( 'NONE',  ( -4.800012807691476091, 11.15993852307451029, 0.1315522113424960893 ) ) ;
#1497 = AXIS2_PLACEMENT_3D ( 'NONE', #816, #1361, #844 ) ;
#1498 = DIRECTION ( 'NONE',  ( -1.000000000000000000, -0.000000000000000000, -0.000000000000000000 ) ) ;
#1499 = EDGE_LOOP ( 'NONE', ( #466, #1055, #433, #1233 ) ) ;
#1500 = ORIENTED_EDGE ( 'NONE', *, *, #1365, .T. ) ;
#1501 = CARTESIAN_POINT ( 'NONE',  ( 3.520859547548640440E-16, 16.26000000000000512, 2.875000000000000000 ) ) ;
#1502 = CARTESIAN_POINT ( 'NONE',  ( -4.720186633476336269, 11.65549388860289781, 0.8731777504641443644 ) ) ;
#1503 = ADVANCED_FACE ( 'NONE', ( #670 ), #699, .F. ) ;
#1504 = CARTESIAN_POINT ( 'NONE',  ( -6.349999999999977440, 0.000000000000000000, -6.350000000000022737 ) ) ;
#1505 = CARTESIAN_POINT ( 'NONE',  ( 0.000000000000000000, 2.359999999999999432, 0.000000000000000000 ) ) ;
#1506 = ORIENTED_EDGE ( 'NONE', *, *, #1034, .T. ) ;
#1507 = CARTESIAN_POINT ( 'NONE',  ( 6.349999999999999645, -7.929360748630709388, -6.349999999999999645 ) ) ;
#1508 = DIRECTION ( 'NONE',  ( -0.000000000000000000, -1.000000000000000000, -0.000000000000000000 ) ) ;
#1509 = CARTESIAN_POINT ( 'NONE',  ( 4.775033720290682737, 13.03370489489385875, 0.5037190648301071993 ) ) ;
#1510 = PLANE ( 'NONE',  #1375 ) ;
#1511 = CARTESIAN_POINT ( 'NONE',  ( -8.725000000000001421, 2.359999999999999876, 7.725000000000000533 ) ) ;
#1512 = EDGE_CURVE ( 'NONE', #208, #965, #1484, .T. ) ;
#1513 = ORIENTED_EDGE ( 'NONE', *, *, #1310, .F. ) ;
#1514 = CARTESIAN_POINT ( 'NONE',  ( 0.000000000000000000, 2.359999999999999876, 0.000000000000000000 ) ) ;
#1515 = CIRCLE ( 'NONE', #244, 1.000000000000000000 ) ;
#1516 = DIRECTION ( 'NONE',  ( 0.000000000000000000, 0.000000000000000000, -1.000000000000000000 ) ) ;
#1517 = CARTESIAN_POINT ( 'NONE',  ( 6.349999999999999645, 0.000000000000000000, -6.349999999999999645 ) ) ;
#1518 = CIRCLE ( 'NONE', #743, 0.4699999999999999178 ) ;
#1519 = CIRCLE ( 'NONE', #7, 0.2700000000000010725 ) ;
#1520 = DIRECTION ( 'NONE',  ( 0.000000000000000000, -1.000000000000000000, -0.000000000000000000 ) ) ;
#1521 = CARTESIAN_POINT ( 'NONE',  ( 3.520859547548640440E-16, 2.359999999999999432, 2.875000000000000000 ) ) ;
#1522 = AXIS2_PLACEMENT_3D ( 'NONE', #1113, #555, #107 ) ;
#1523 = ORIENTED_EDGE ( 'NONE', *, *, #139, .F. ) ;
#1524 = CONICAL_SURFACE ( 'NONE', #134, 0.2700000000000002953, 0.7853981633974469467 ) ;
#1525 = EDGE_CURVE ( 'NONE', #1045, #1454, #242, .T. ) ;
#1526 = DIRECTION ( 'NONE',  ( -1.000000000000000000, 0.000000000000000000, -9.637352644315584100E-15 ) ) ;
#1527 = DIRECTION ( 'NONE',  ( 0.000000000000000000, 0.000000000000000000, 1.000000000000000000 ) ) ;
#1528 = DIRECTION ( 'NONE',  ( 0.000000000000000000, 0.000000000000000000, 1.000000000000000000 ) ) ;
#1529 = CYLINDRICAL_SURFACE ( 'NONE', #1178, 0.4699999999999999734 ) ;
#1530 = DIRECTION ( 'NONE',  ( 0.000000000000000000, 0.000000000000000000, 1.000000000000000000 ) ) ;
#1531 = ORIENTED_EDGE ( 'NONE', *, *, #305, .F. ) ;
#1532 = ORIENTED_EDGE ( 'NONE', *, *, #378, .F. ) ;
#1533 = CARTESIAN_POINT ( 'NONE',  ( -6.349999999999977440, -6.399999999999999467, -6.350000000000022737 ) ) ;
#1534 = EDGE_CURVE ( 'NONE', #1180, #151, #1110, .T. ) ;
#1535 = CARTESIAN_POINT ( 'NONE',  ( -8.725000000000001421, 0.000000000000000000, 7.725000000000000533 ) ) ;
#1536 = CARTESIAN_POINT ( 'NONE',  ( -6.349999999999999645, 0.000000000000000000, 6.349999999999999645 ) ) ;
#1537 = CARTESIAN_POINT ( 'NONE',  ( 5.265981236333618470E-16, -9.802236636408618864, -4.299999999999999822 ) ) ;
#1538 = DIRECTION ( 'NONE',  ( 0.000000000000000000, 1.000000000000000000, 0.000000000000000000 ) ) ;
#1539 = ORIENTED_EDGE ( 'NONE', *, *, #685, .T. ) ;
#1540 = ORIENTED_EDGE ( 'NONE', *, *, #583, .T. ) ;
#1541 = CARTESIAN_POINT ( 'NONE',  ( 0.000000000000000000, -6.599999999999997868, 0.000000000000000000 ) ) ;
#1542 = EDGE_CURVE ( 'NONE', #1051, #910, #348, .T. ) ;
#1543 = LINE ( 'NONE', #1279, #451 ) ;
#1544 = FACE_OUTER_BOUND ( 'NONE', #162, .T. ) ;
#1545 = MECHANICAL_DESIGN_GEOMETRIC_PRESENTATION_REPRESENTATION (  '', ( #771 ), #65 ) ;
#1546 = ADVANCED_FACE ( 'NONE', ( #1218 ), #1636, .F. ) ;
#1547 = DIRECTION ( 'NONE',  ( 0.000000000000000000, 0.000000000000000000, -1.000000000000000000 ) ) ;
#1548 = VECTOR ( 'NONE', #241, 1000.000000000000000 ) ;
#1549 = FACE_OUTER_BOUND ( 'NONE', #1487, .T. ) ;
#1550 = AXIS2_PLACEMENT_3D ( 'NONE', #550, #15, #1687 ) ;
#1551 = ORIENTED_EDGE ( 'NONE', *, *, #305, .T. ) ;
#1552 = AXIS2_PLACEMENT_3D ( 'NONE', #1019, #386, #1486 ) ;
#1553 = CIRCLE ( 'NONE', #1043, 0.2700000000000002953 ) ;
#1554 = EDGE_LOOP ( 'NONE', ( #1204, #251 ) ) ;
#1555 = DIRECTION ( 'NONE',  ( -0.000000000000000000, -1.000000000000000000, -0.000000000000000000 ) ) ;
#1556 = AXIS2_PLACEMENT_3D ( 'NONE', #1575, #83, #1050 ) ;
#1557 = CARTESIAN_POINT ( 'NONE',  ( -4.694677837722200486, 12.16000000000000369, -1.000000000000000888 ) ) ;
#1558 = CARTESIAN_POINT ( 'NONE',  ( -6.349999999999999645, -6.599999999999999645, 6.620000000000000107 ) ) ;
#1559 = CARTESIAN_POINT ( 'NONE',  ( 3.918869757271528981E-17, 9.260000000000005116, -0.3199999999999998956 ) ) ;
#1560 = FILL_AREA_STYLE_COLOUR ( '', #398 ) ;
#1561 = EDGE_CURVE ( 'NONE', #1283, #737, #523, .T. ) ;
#1562 = ORIENTED_EDGE ( 'NONE', *, *, #1512, .F. ) ;
#1563 = VERTEX_POINT ( 'NONE', #1558 ) ;
#1564 = DIRECTION ( 'NONE',  ( 0.000000000000000000, 0.000000000000000000, -1.000000000000000000 ) ) ;
#1565 = PRESENTATION_STYLE_ASSIGNMENT (( #1723 ) ) ;
#1566 = CARTESIAN_POINT ( 'NONE',  ( 5.878304635907294211E-16, 0.000000000000000000, 4.799999999999999822 ) ) ;
#1567 = ORIENTED_EDGE ( 'NONE', *, *, #937, .T. ) ;
#1568 = DIRECTION ( 'NONE',  ( -0.000000000000000000, 1.000000000000000000, -0.000000000000000000 ) ) ;
#1569 = CARTESIAN_POINT ( 'NONE',  ( 8.724999999999997868, 2.359999999999999876, -8.725000000000001421 ) ) ;
#1570 = EDGE_CURVE ( 'NONE', #1643, #447, #429, .T. ) ;
#1571 = ORIENTED_EDGE ( 'NONE', *, *, #1297, .F. ) ;
#1572 = ORIENTED_EDGE ( 'NONE', *, *, #1404, .T. ) ;
#1573 = CARTESIAN_POINT ( 'NONE',  ( -5.535000000000000142, 12.16000000000000369, 0.000000000000000000 ) ) ;
#1574 = CARTESIAN_POINT ( 'NONE',  ( -6.349999999999999645, -6.599999999999999645, 6.349999999999999645 ) ) ;
#1575 = CARTESIAN_POINT ( 'NONE',  ( 0.000000000000000000, -6.599999999999999645, 0.000000000000000000 ) ) ;
#1576 = DIRECTION ( 'NONE',  ( 0.000000000000000000, -1.000000000000000000, 0.000000000000000000 ) ) ;
#1577 = DIRECTION ( 'NONE',  ( 9.941108744852762574E-17, -0.000000000000000000, 1.000000000000000000 ) ) ;
#1578 = VECTOR ( 'NONE', #1234, 1000.000000000000000 ) ;
#1579 = AXIS2_PLACEMENT_3D ( 'NONE', #61, #496, #1056 ) ;
#1580 = FACE_OUTER_BOUND ( 'NONE', #1411, .T. ) ;
#1581 = CIRCLE ( 'NONE', #1491, 0.4699999999999999178 ) ;
#1582 = EDGE_LOOP ( 'NONE', ( #1741, #1054 ) ) ;
#1583 = AXIS2_PLACEMENT_3D ( 'NONE', #1478, #236, #1564 ) ;
#1584 = CARTESIAN_POINT ( 'NONE',  ( -6.349999999999999645, -7.929360748630709388, 6.349999999999999645 ) ) ;
#1585 = EDGE_CURVE ( 'NONE', #564, #477, #1690, .T. ) ;
#1586 = VECTOR ( 'NONE', #1498, 1000.000000000000000 ) ;
#1587 = CARTESIAN_POINT ( 'NONE',  ( 8.724999999999997868, 2.359999999999999876, 8.724999999999997868 ) ) ;
#1588 = AXIS2_PLACEMENT_3D ( 'NONE', #1225, #405, #106 ) ;
#1589 = CARTESIAN_POINT ( 'NONE',  ( 5.878304635907294211E-16, 2.359999999999999876, 4.799999999999999822 ) ) ;
#1590 = CARTESIAN_POINT ( 'NONE',  ( 6.619999999999933493, -6.599999999999999645, 6.350000000000070699 ) ) ;
#1591 = DIRECTION ( 'NONE',  ( 0.000000000000000000, 1.000000000000000000, 0.000000000000000000 ) ) ;
#1592 = ORIENTED_EDGE ( 'NONE', *, *, #697, .F. ) ;
#1593 = ORIENTED_EDGE ( 'NONE', *, *, #1191, .T. ) ;
#1594 = DIRECTION ( 'NONE',  ( -0.000000000000000000, 1.000000000000000000, -0.000000000000000000 ) ) ;
#1595 = EDGE_CURVE ( 'NONE', #935, #14, #630, .T. ) ;
#1596 = CYLINDRICAL_SURFACE ( 'NONE', #426, 0.3199999999999998956 ) ;
#1597 = UNCERTAINTY_MEASURE_WITH_UNIT (LENGTH_MEASURE( 1.000000000000000082E-05 ), #544, 'distance_accuracy_value', 'NONE');
#1598 = DIRECTION ( 'NONE',  ( 0.000000000000000000, 0.000000000000000000, -1.000000000000000000 ) ) ;
#1599 = DIRECTION ( 'NONE',  ( 0.000000000000000000, 0.000000000000000000, 1.000000000000000000 ) ) ;
#1600 = ORIENTED_EDGE ( 'NONE', *, *, #1244, .T. ) ;
#1601 = ORIENTED_EDGE ( 'NONE', *, *, #664, .T. ) ;
#1602 = CARTESIAN_POINT ( 'NONE',  ( 6.349999999999999645, -6.599999999999999645, -6.349999999999999645 ) ) ;
#1603 = DIRECTION ( 'NONE',  ( -0.000000000000000000, 1.000000000000000000, -0.000000000000000000 ) ) ;
#1604 = DIRECTION ( 'NONE',  ( 0.7071067811865465735, 0.7071067811865485719, 2.555445736705811246E-15 ) ) ;
#1605 = DIRECTION ( 'NONE',  ( -0.000000000000000000, -1.000000000000000000, -0.000000000000000000 ) ) ;
#1606 = EDGE_CURVE ( 'NONE', #265, #1461, #899, .T. ) ;
#1607 = ORIENTED_EDGE ( 'NONE', *, *, #904, .T. ) ;
#1608 = AXIS2_PLACEMENT_3D ( 'NONE', #1467, #923, #1456 ) ;
#1609 = ORIENTED_EDGE ( 'NONE', *, *, #67, .T. ) ;
#1610 = CIRCLE ( 'NONE', #950, 0.4699999999999999734 ) ;
#1611 = AXIS2_PLACEMENT_3D ( 'NONE', #1313, #1181, #472 ) ;
#1612 = AXIS2_PLACEMENT_3D ( 'NONE', #692, #413, #142 ) ;
#1613 = DIRECTION ( 'NONE',  ( 0.000000000000000000, -0.000000000000000000, -1.000000000000000000 ) ) ;
#1614 = LINE ( 'NONE', #211, #688 ) ;
#1615 = CIRCLE ( 'NONE', #982, 4.799999999999999822 ) ;
#1616 = UNCERTAINTY_MEASURE_WITH_UNIT (LENGTH_MEASURE( 1.000000000000000082E-05 ), #210, 'distance_accuracy_value', 'NONE');
#1617 = ORIENTED_EDGE ( 'NONE', *, *, #838, .F. ) ;
#1618 = CARTESIAN_POINT ( 'NONE',  ( 8.724999999999997868, 0.000000000000000000, 8.724999999999997868 ) ) ;
#1619 = FACE_OUTER_BOUND ( 'NONE', #191, .T. ) ;
#1620 = ORIENTED_EDGE ( 'NONE', *, *, #70, .F. ) ;
#1621 = ADVANCED_FACE ( 'NONE', ( #1272 ), #599, .T. ) ;
#1622 = VERTEX_POINT ( 'NONE', #25 ) ;
#1623 =( NAMED_UNIT ( * ) PLANE_ANGLE_UNIT ( ) SI_UNIT ( $, .RADIAN. ) );
#1624 = EDGE_LOOP ( 'NONE', ( #1350, #1716 ) ) ;
#1625 = DIRECTION ( 'NONE',  ( 0.000000000000000000, -1.000000000000000000, 0.000000000000000000 ) ) ;
#1626 = CARTESIAN_POINT ( 'NONE',  ( -4.734009018268501734, 11.54429995074246484, 0.7986228563291833948 ) ) ;
#1627 = DIRECTION ( 'NONE',  ( 0.000000000000000000, 0.000000000000000000, -1.000000000000000000 ) ) ;
#1628 = CARTESIAN_POINT ( 'NONE',  ( -6.349999999999999645, -6.399999999999999467, 6.819999999999999396 ) ) ;
#1629 = ADVANCED_FACE ( 'NONE', ( #1544 ), #1402, .T. ) ;
#1630 = EDGE_LOOP ( 'NONE', ( #81, #1177, #326, #1325 ) ) ;
#1631 = EDGE_CURVE ( 'NONE', #477, #863, #588, .T. ) ;
#1632 = B_SPLINE_CURVE_WITH_KNOTS ( 'NONE', 3,
 ( #1433, #1290, #174, #589, #36, #323, #184, #750, #1281, #603, #1713, #467, #1022, #1812, #560, #1119, #1670, #430 ),
 .UNSPECIFIED., .F., .F.,
 ( 4, 2, 2, 2, 2, 2, 2, 2, 4 ),
 ( 1.748223473168675632E-18, 0.0003918807198030639909, 0.0007837614396061262471, 0.001175642159409188287, 0.001567522879212250326, 0.001959403599015312365, 0.002351284318818373971, 0.002743165038621436010, 0.003135045758424497616 ),
 .UNSPECIFIED. ) ;
#1633 = CARTESIAN_POINT ( 'NONE',  ( -8.725000000000001421, 2.359999999999999876, 8.724999999999999645 ) ) ;
#1634 = ORIENTED_EDGE ( 'NONE', *, *, #1525, .F. ) ;
#1635 = CARTESIAN_POINT ( 'NONE',  ( 8.724999999999997868, 2.359999999999999876, -7.725000000000000533 ) ) ;
#1636 = CYLINDRICAL_SURFACE ( 'NONE', #1242, 0.4699999999999999734 ) ;
#1637 = DIRECTION ( 'NONE',  ( -1.000000000000000000, 0.000000000000000000, -1.047444401652940007E-14 ) ) ;
#1638 = FACE_OUTER_BOUND ( 'NONE', #1075, .T. ) ;
#1639 = ORIENTED_EDGE ( 'NONE', *, *, #452, .T. ) ;
#1640 = FACE_OUTER_BOUND ( 'NONE', #732, .T. ) ;
#1641 =( GEOMETRIC_REPRESENTATION_CONTEXT ( 3 ) GLOBAL_UNCERTAINTY_ASSIGNED_CONTEXT ( ( #46 ) ) GLOBAL_UNIT_ASSIGNED_CONTEXT ( ( #400, #939, #958 ) ) REPRESENTATION_CONTEXT ( 'NONE', 'WORKASPACE' ) );
#1642 = CLOSED_SHELL ( 'NONE', ( #1546, #1014, #640, #1179, #442, #149 ) ) ;
#1643 = VERTEX_POINT ( 'NONE', #321 ) ;
#1644 = DIRECTION ( 'NONE',  ( 0.000000000000000000, 0.000000000000000000, 1.000000000000000000 ) ) ;
#1645 = STYLED_ITEM ( 'NONE', ( #751 ), #1337 ) ;
#1646 = CARTESIAN_POINT ( 'NONE',  ( 0.000000000000000000, 16.26000000000000512, 0.000000000000000000 ) ) ;
#1647 =( GEOMETRIC_REPRESENTATION_CONTEXT ( 3 ) GLOBAL_UNCERTAINTY_ASSIGNED_CONTEXT ( ( #26 ) ) GLOBAL_UNIT_ASSIGNED_CONTEXT ( ( #49, #1396, #1327 ) ) REPRESENTATION_CONTEXT ( 'NONE', 'WORKASPACE' ) );
#1648 = SURFACE_STYLE_FILL_AREA ( #1776 ) ;
#1649 = LINE ( 'NONE', #395, #925 ) ;
#1650 = ORIENTED_EDGE ( 'NONE', *, *, #1768, .F. ) ;
#1651 = SURFACE_STYLE_USAGE ( .BOTH. , #790 ) ;
#1652 = ADVANCED_FACE ( 'NONE', ( #1013 ), #303, .T. ) ;
#1653 = DIRECTION ( 'NONE',  ( 0.000000000000000000, 0.000000000000000000, -1.000000000000000000 ) ) ;
#1654 = CARTESIAN_POINT ( 'NONE',  ( 4.700485708110213601, 12.42260726748894228, -0.9736637735716940911 ) ) ;
#1655 = DIRECTION ( 'NONE',  ( -0.7071067811865465735, 0.7071067811865485719, -2.468850131082262188E-15 ) ) ;
#1656 = PLANE ( 'NONE',  #1240 ) ;
#1657 = ORIENTED_EDGE ( 'NONE', *, *, #1230, .T. ) ;
#1658 = FACE_BOUND ( 'NONE', #402, .T. ) ;
#1659 = DIRECTION ( 'NONE',  ( -0.000000000000000000, -1.000000000000000000, -0.000000000000000000 ) ) ;
#1660 = DIRECTION ( 'NONE',  ( -0.000000000000000000, -1.000000000000000000, -0.000000000000000000 ) ) ;
#1661 = DIRECTION ( 'NONE',  ( 0.000000000000000000, -1.000000000000000000, 0.000000000000000000 ) ) ;
#1662 = CARTESIAN_POINT ( 'NONE',  ( 8.724999999999997868, 0.000000000000000000, -8.725000000000001421 ) ) ;
#1663 = EDGE_CURVE ( 'NONE', #208, #1005, #1128, .T. ) ;
#1664 = ORIENTED_EDGE ( 'NONE', *, *, #646, .T. ) ;
#1665 = DIRECTION ( 'NONE',  ( -8.659560562354922997E-17, 0.7071067811865485719, 0.7071067811865465735 ) ) ;
#1666 = VECTOR ( 'NONE', #27, 1000.000000000000000 ) ;
#1667 = CARTESIAN_POINT ( 'NONE',  ( -4.733955223281300917, 12.77530524151467262, 0.7989488135761200205 ) ) ;
#1668 = CARTESIAN_POINT ( 'NONE',  ( 0.000000000000000000, -9.802236636408618864, 0.000000000000000000 ) ) ;
#1669 =( GEOMETRIC_REPRESENTATION_CONTEXT ( 3 ) GLOBAL_UNCERTAINTY_ASSIGNED_CONTEXT ( ( #747 ) ) GLOBAL_UNIT_ASSIGNED_CONTEXT ( ( #102, #1623, #1374 ) ) REPRESENTATION_CONTEXT ( 'NONE', 'WORKASPACE' ) );
#1670 = CARTESIAN_POINT ( 'NONE',  ( 4.694677837722200486, 12.02927153916775005, -1.000000000000001110 ) ) ;
#1671 = DIRECTION ( 'NONE',  ( -1.000000000000000000, 0.000000000000000000, -3.212450881438528296E-15 ) ) ;
#1672 = AXIS2_PLACEMENT_3D ( 'NONE', #1087, #845, #1389 ) ;
#1673 = EDGE_CURVE ( 'NONE', #549, #1764, #812, .T. ) ;
#1674 = EDGE_CURVE ( 'NONE', #504, #762, #716, .T. ) ;
#1675 = ORIENTED_EDGE ( 'NONE', *, *, #1339, .T. ) ;
#1676 = APPLICATION_CONTEXT ( 'automotive_design' ) ;
#1677 =( GEOMETRIC_REPRESENTATION_CONTEXT ( 3 ) GLOBAL_UNCERTAINTY_ASSIGNED_CONTEXT ( ( #1597 ) ) GLOBAL_UNIT_ASSIGNED_CONTEXT ( ( #544, #1243, #275 ) ) REPRESENTATION_CONTEXT ( 'NONE', 'WORKASPACE' ) );
#1678 = ORIENTED_EDGE ( 'NONE', *, *, #1663, .T. ) ;
#1679 = CARTESIAN_POINT ( 'NONE',  ( -7.725000000000001421, 0.000000000000000000, -7.725000000000002309 ) ) ;
#1680 = DIRECTION ( 'NONE',  ( 0.000000000000000000, 1.000000000000000000, 0.000000000000000000 ) ) ;
#1681 = CARTESIAN_POINT ( 'NONE',  ( 0.000000000000000000, 0.000000000000000000, 0.000000000000000000 ) ) ;
#1682 = DIRECTION ( 'NONE',  ( 0.000000000000000000, 0.000000000000000000, -1.000000000000000000 ) ) ;
#1683 = CARTESIAN_POINT ( 'NONE',  ( -5.535000000000000142, 12.16000000000000369, 0.000000000000000000 ) ) ;
#1684 = VERTEX_POINT ( 'NONE', #6 ) ;
#1685 = EDGE_CURVE ( 'NONE', #863, #504, #1146, .T. ) ;
#1686 = ORIENTED_EDGE ( 'NONE', *, *, #1047, .F. ) ;
#1687 = DIRECTION ( 'NONE',  ( 0.000000000000000000, 0.000000000000000000, -1.000000000000000000 ) ) ;
#1688 = EDGE_CURVE ( 'NONE', #1222, #564, #73, .T. ) ;
#1689 = DIRECTION ( 'NONE',  ( 0.000000000000000000, 0.000000000000000000, 1.000000000000000000 ) ) ;
#1690 = LINE ( 'NONE', #465, #1443 ) ;
#1691 = FACE_OUTER_BOUND ( 'NONE', #500, .T. ) ;
#1692 = CARTESIAN_POINT ( 'NONE',  ( 6.349999999999999645, -6.599999999999999645, -6.620000000000000107 ) ) ;
#1693 = ORIENTED_EDGE ( 'NONE', *, *, #1789, .T. ) ;
#1694 = VERTEX_POINT ( 'NONE', #1711 ) ;
#1695 = CARTESIAN_POINT ( 'NONE',  ( -6.349999999999999645, 0.000000000000000000, 6.349999999999999645 ) ) ;
#1696 = EDGE_CURVE ( 'NONE', #1764, #1773, #1021, .T. ) ;
#1697 = CARTESIAN_POINT ( 'NONE',  ( 0.000000000000000000, 0.2000000000000000111, 0.000000000000000000 ) ) ;
#1698 = CARTESIAN_POINT ( 'NONE',  ( 8.724999999999997868, 2.359999999999999876, -7.725000000000000533 ) ) ;
#1699 = DIRECTION ( 'NONE',  ( 0.000000000000000000, 0.000000000000000000, -1.000000000000000000 ) ) ;
#1700 = AXIS2_PLACEMENT_3D ( 'NONE', #1602, #1751, #1744 ) ;
#1701 = CARTESIAN_POINT ( 'NONE',  ( 0.000000000000000000, 0.000000000000000000, 0.000000000000000000 ) ) ;
#1702 = VECTOR ( 'NONE', #521, 1000.000000000000000 ) ;
#1703 = CLOSED_SHELL ( 'NONE', ( #1122, #574, #1102, #57, #990, #10 ) ) ;
#1704 = VERTEX_POINT ( 'NONE', #1431 ) ;
#1705 = CONICAL_SURFACE ( 'NONE', #41, 0.2700000000000002953, 0.7853981633974469467 ) ;
#1706 = CIRCLE ( 'NONE', #514, 0.4699999999999999734 ) ;
#1707 = ORIENTED_EDGE ( 'NONE', *, *, #469, .F. ) ;
#1708 = DIRECTION ( 'NONE',  ( 0.000000000000000000, -0.000000000000000000, 1.000000000000000000 ) ) ;
#1709 = VECTOR ( 'NONE', #294, 1000.000000000000000 ) ;
#1710 = DIRECTION ( 'NONE',  ( 0.000000000000000000, 0.000000000000000000, -1.000000000000000000 ) ) ;
#1711 = CARTESIAN_POINT ( 'NONE',  ( 5.755839955992559655E-17, 14.26000000000000334, 0.4699999999999999734 ) ) ;
#1712 = EDGE_CURVE ( 'NONE', #945, #935, #181, .T. ) ;
#1713 = CARTESIAN_POINT ( 'NONE',  ( 4.794405989575077243, 11.18595477811160244, -0.2616885117374978531 ) ) ;
#1714 =( NAMED_UNIT ( * ) SI_UNIT ( $, .STERADIAN. ) SOLID_ANGLE_UNIT ( ) );
#1715 = VERTEX_POINT ( 'NONE', #987 ) ;
#1716 = ORIENTED_EDGE ( 'NONE', *, *, #399, .F. ) ;
#1717 = CARTESIAN_POINT ( 'NONE',  ( -6.349999999999999645, -6.399999999999999467, 5.879999999999999893 ) ) ;
#1718 = CARTESIAN_POINT ( 'NONE',  ( 6.819999999999932783, -6.399999999999999467, 6.350000000000071587 ) ) ;
#1719 = ORIENTED_EDGE ( 'NONE', *, *, #1789, .F. ) ;
#1720 = ADVANCED_FACE ( 'NONE', ( #45 ), #1117, .F. ) ;
#1721 = ORIENTED_EDGE ( 'NONE', *, *, #880, .F. ) ;
#1722 = LINE ( 'NONE', #479, #568 ) ;
#1723 = SURFACE_STYLE_USAGE ( .BOTH. , #487 ) ;
#1724 =( NAMED_UNIT ( * ) PLANE_ANGLE_UNIT ( ) SI_UNIT ( $, .RADIAN. ) );
#1725 = CYLINDRICAL_SURFACE ( 'NONE', #1376, 1.000000000000000000 ) ;
#1726 = DIRECTION ( 'NONE',  ( 0.000000000000000000, 1.000000000000000000, 0.000000000000000000 ) ) ;
#1727 = CIRCLE ( 'NONE', #300, 0.4699999999999999178 ) ;
#1728 = AXIS2_PLACEMENT_3D ( 'NONE', #105, #1217, #526 ) ;
#1729 = EDGE_LOOP ( 'NONE', ( #1532, #1531, #1601, #422 ) ) ;
#1730 = CIRCLE ( 'NONE', #455, 1.000000000000000000 ) ;
#1731 = ADVANCED_FACE ( 'NONE', ( #995, #1038 ), #1737, .T. ) ;
#1732 = ORIENTED_EDGE ( 'NONE', *, *, #1286, .F. ) ;
#1733 = CYLINDRICAL_SURFACE ( 'NONE', #1352, 2.875000000000000000 ) ;
#1734 = AXIS2_PLACEMENT_3D ( 'NONE', #1280, #1394, #706 ) ;
#1735 = LINE ( 'NONE', #919, #805 ) ;
#1736 = CIRCLE ( 'NONE', #1129, 0.4699999999999999178 ) ;
#1737 = PLANE ( 'NONE',  #310 ) ;
#1738 = ORIENTED_EDGE ( 'NONE', *, *, #1440, .T. ) ;
#1739 = DIRECTION ( 'NONE',  ( -1.000000000000000000, 0.000000000000000000, 0.000000000000000000 ) ) ;
#1740 = DIRECTION ( 'NONE',  ( 0.000000000000000000, 1.000000000000000000, 0.000000000000000000 ) ) ;
#1741 = ORIENTED_EDGE ( 'NONE', *, *, #204, .F. ) ;
#1742 = ORIENTED_EDGE ( 'NONE', *, *, #264, .T. ) ;
#1743 = EDGE_CURVE ( 'NONE', #1779, #365, #957, .T. ) ;
#1744 = DIRECTION ( 'NONE',  ( 0.000000000000000000, 0.000000000000000000, -1.000000000000000000 ) ) ;
#1745 = EDGE_CURVE ( 'NONE', #297, #309, #1614, .T. ) ;
#1746 = CARTESIAN_POINT ( 'NONE',  ( 6.349999999999999645, -6.399999999999999467, -6.349999999999999645 ) ) ;
#1747 = CARTESIAN_POINT ( 'NONE',  ( -7.725000000000001421, 2.359999999999999876, -7.725000000000002309 ) ) ;
#1748 = DIRECTION ( 'NONE',  ( -0.000000000000000000, -1.000000000000000000, 0.000000000000000000 ) ) ;
#1749 = ORIENTED_EDGE ( 'NONE', *, *, #403, .T. ) ;
#1750 = EDGE_LOOP ( 'NONE', ( #237, #224 ) ) ;
#1751 = DIRECTION ( 'NONE',  ( 0.000000000000000000, 1.000000000000000000, 0.000000000000000000 ) ) ;
#1752 = EDGE_CURVE ( 'NONE', #328, #1222, #231, .T. ) ;
#1753 = VERTEX_POINT ( 'NONE', #920 ) ;
#1754 = DIRECTION ( 'NONE',  ( 0.000000000000000000, -1.000000000000000000, 0.000000000000000000 ) ) ;
#1755 = DIRECTION ( 'NONE',  ( 0.000000000000000000, 0.000000000000000000, -1.000000000000000000 ) ) ;
#1756 = VERTEX_POINT ( 'NONE', #223 ) ;
#1757 = AXIS2_PLACEMENT_3D ( 'NONE', #1747, #212, #1308 ) ;
#1758 = EDGE_LOOP ( 'NONE', ( #1771, #169 ) ) ;
#1759 = CIRCLE ( 'NONE', #335, 4.799999999999999822 ) ;
#1760 = AXIS2_PLACEMENT_3D ( 'NONE', #1507, #266, #821 ) ;
#1761 = AXIS2_PLACEMENT_3D ( 'NONE', #651, #1211, #1769 ) ;
#1762 = FACE_OUTER_BOUND ( 'NONE', #1320, .T. ) ;
#1763 = CIRCLE ( 'NONE', #602, 0.4699999999999999178 ) ;
#1764 = VERTEX_POINT ( 'NONE', #641 ) ;
#1765 = VECTOR ( 'NONE', #1253, 1000.000000000000000 ) ;
#1766 = FACE_OUTER_BOUND ( 'NONE', #1135, .T. ) ;
#1767 = CARTESIAN_POINT ( 'NONE',  ( 0.000000000000000000, 14.26000000000000334, 0.3199999999999998956 ) ) ;
#1768 = EDGE_CURVE ( 'NONE', #1492, #1799, #1736, .T. ) ;
#1769 = DIRECTION ( 'NONE',  ( 1.000000000000000000, 0.000000000000000000, 9.637352644315584100E-15 ) ) ;
#1770 = DIRECTION ( 'NONE',  ( 0.000000000000000000, 0.000000000000000000, -1.000000000000000000 ) ) ;
#1771 = ORIENTED_EDGE ( 'NONE', *, *, #1070, .F. ) ;
#1772 = PRESENTATION_STYLE_ASSIGNMENT (( #1651 ) ) ;
#1773 = VERTEX_POINT ( 'NONE', #1589 ) ;
#1774 = DIRECTION ( 'NONE',  ( 0.000000000000000000, 0.000000000000000000, 1.000000000000000000 ) ) ;
#1775 = CARTESIAN_POINT ( 'NONE',  ( -4.799987146972025442, 11.16006169454069763, -0.1324851962095192071 ) ) ;
#1776 = FILL_AREA_STYLE ('',( #1226 ) ) ;
#1777 = CARTESIAN_POINT ( 'NONE',  ( 0.000000000000000000, -6.599999999999997868, 0.000000000000000000 ) ) ;
#1778 = EDGE_CURVE ( 'NONE', #763, #1051, #615, .T. ) ;
#1779 = VERTEX_POINT ( 'NONE', #1455 ) ;
#1780 = DIRECTION ( 'NONE',  ( 0.000000000000000000, 1.000000000000000000, 0.000000000000000000 ) ) ;
#1781 = UNCERTAINTY_MEASURE_WITH_UNIT (LENGTH_MEASURE( 1.000000000000000082E-05 ), #54, 'distance_accuracy_value', 'NONE');
#1782 = EDGE_LOOP ( 'NONE', ( #1719, #1197, #960, #909 ) ) ;
#1783 = DIRECTION ( 'NONE',  ( -0.000000000000000000, -1.000000000000000000, -0.000000000000000000 ) ) ;
#1784 = CARTESIAN_POINT ( 'NONE',  ( -4.733841077627457317, 11.54553343929289788, -0.7996397199777910414 ) ) ;
#1785 = DIRECTION ( 'NONE',  ( 1.000000000000000000, 0.000000000000000000, 3.491481338843133355E-15 ) ) ;
#1786 = FACE_OUTER_BOUND ( 'NONE', #227, .T. ) ;
#1787 = ORIENTED_EDGE ( 'NONE', *, *, #115, .F. ) ;
#1788 = CIRCLE ( 'NONE', #536, 2.875000000000000000 ) ;
#1789 = EDGE_CURVE ( 'NONE', #493, #533, #634, .T. ) ;
#1790 = CIRCLE ( 'NONE', #1006, 0.2700000000000002953 ) ;
#1791 = CARTESIAN_POINT ( 'NONE',  ( 0.000000000000000000, 0.000000000000000000, 0.000000000000000000 ) ) ;
#1792 = CIRCLE ( 'NONE', #1237, 2.875000000000000000 ) ;
#1793 = ORIENTED_EDGE ( 'NONE', *, *, #758, .T. ) ;
#1794 = LINE ( 'NONE', #1501, #507 ) ;
#1795 = CARTESIAN_POINT ( 'NONE',  ( 5.755839955992559655E-17, 16.26000000000000512, 0.4699999999999999734 ) ) ;
#1796 = VECTOR ( 'NONE', #617, 1000.000000000000000 ) ;
#1797 = DIRECTION ( 'NONE',  ( -0.000000000000000000, -1.000000000000000000, -0.000000000000000000 ) ) ;
#1798 = CARTESIAN_POINT ( 'NONE',  ( 0.000000000000000000, 15.58936074863071219, 0.000000000000000000 ) ) ;
#1799 = VERTEX_POINT ( 'NONE', #624 ) ;
#1800 = DIRECTION ( 'NONE',  ( 0.000000000000000000, -1.000000000000000000, 0.000000000000000000 ) ) ;
#1801 = ADVANCED_FACE ( 'NONE', ( #1323 ), #1193, .F. ) ;
#1802 = CARTESIAN_POINT ( 'NONE',  ( -6.349999999999999645, -6.599999999999999645, 6.349999999999999645 ) ) ;
#1803 = CARTESIAN_POINT ( 'NONE',  ( 4.694677837722200486, 12.16000000000000547, 1.000000000000000888 ) ) ;
#1804 = CARTESIAN_POINT ( 'NONE',  ( 0.000000000000000000, 0.2000000000000000111, 0.000000000000000000 ) ) ;
#1805 = CARTESIAN_POINT ( 'NONE',  ( 6.349999999999933031, -7.929360748630709388, 6.350000000000066258 ) ) ;
#1806 = ORIENTED_EDGE ( 'NONE', *, *, #168, .F. ) ;
#1807 = DIRECTION ( 'NONE',  ( 0.000000000000000000, 1.000000000000000000, 0.000000000000000000 ) ) ;
#1808 = DIRECTION ( 'NONE',  ( 0.000000000000000000, 0.000000000000000000, -1.000000000000000000 ) ) ;
#1809 = CARTESIAN_POINT ( 'NONE',  ( -4.694677837722200486, 12.02930575275147085, -1.000000000000000444 ) ) ;
#1810 = PRODUCT_RELATED_PRODUCT_CATEGORY ( 'part', '', ( #1400 ) ) ;
#1811 = ADVANCED_FACE ( 'NONE', ( #1332 ), #791, .T. ) ;
#1812 = CARTESIAN_POINT ( 'NONE',  ( 4.733778803035934679, 11.54591216421615485, -0.8000989367055334478 ) ) ;
#1813 = DIRECTION ( 'NONE',  ( 1.000000000000000000, 0.000000000000000000, 1.107270303814983373E-14 ) ) ;
#1814 = ORIENTED_EDGE ( 'NONE', *, *, #1712, .F. ) ;
ENDSEC;
END-ISO-10303-21;
