  0
SECTION
  2
HEADER
  9
$ACADVER
  1
AC1018
  9
$HANDSEED
  5
FFFFFFFF
  9
$ANGBASE
  50
0.0
  9
$ANGDIR
  70
1
  9
$MEASUREMENT
  70
0
  9
$INSUNITS
  70
1
  0
ENDSEC
  0
SECTION
  2
TABLES
  0
TABLE
  2
APPID
  5
1
330
0
100
AcDbSymbolTable
 70
1
  0
APPID
  5
2
330
1
100
AcDbSymbolTableRecord
100
AcDbRegAppTableRecord
  2
ACAD
 70
0
  0
ENDTAB
  0
TABLE
  2
LTYPE
  5
3
330
0
100
AcDbSymbolTable
 70
6
  0
LTYPE
  5
4
330
3
100
AcDbSymbolTableRecord
100
AcDbLinetypeTableRecord
  2
ByBlock
 70
0
  3

 72
65
 73
0
 40
0
  0
LTYPE
  5
5
330
3
100
AcDbSymbolTableRecord
100
AcDbLinetypeTableRecord
  2
ByLayer
 70
0
  3

 72
65
 73
0
 40
0
  0
LTYPE
  5
6
330
3
100
AcDbSymbolTableRecord
100
AcDbLinetypeTableRecord
  2
CONTINUOUS
 70
0
  3
Solid line
 72
65
 73
0
 40
0
  0
LTYPE
  5
7
330
3
100
AcDbSymbolTableRecord
100
AcDbLinetypeTableRecord
  2
DASHDOT
 70
0
  3
Dash Dot ____ _ ____ _
 72
65
 73
4
 40
2
 49
1.25
 74
0
 49
-0.25
 74
0
 49
0.25
 74
0
 49
-0.25
 74
0
  0
LTYPE
  5
8
330
3
100
AcDbSymbolTableRecord
100
AcDbLinetypeTableRecord
  2
DASHED
 70
0
  3
Dashed __ __ __ __ __
 72
65
 73
2
 40
0.75
 49
0.5
 74
0
 49
-0.25
 74
0
  0
LTYPE
  5
9
330
3
100
AcDbSymbolTableRecord
100
AcDbLinetypeTableRecord
  2
DOTTED
 70
0
  3
Dotted .  .  .  .
 72
65
 73
2
 40
0.2
 49
0.0
 74
0
 49
-0.2
 74
0
  0
ENDTAB
  0
TABLE
  2
STYLE
  5
A
330
0
100
AcDbSymbolTable
 70
4
  0
STYLE
  5
B
330
A
100
AcDbSymbolTableRecord
100
AcDbTextStyleTableRecord
  2
KICAD
 70
0
 40
0
 41
1
 42
1
 50
0
 71
0
  3
isocp.shx
  0
STYLE
  5
C
330
A
100
AcDbSymbolTableRecord
100
AcDbTextStyleTableRecord
  2
KICADB
 70
0
 40
0
 41
1
 42
1
 50
0
 71
0
  3
isocp.shx
  0
STYLE
  5
D
330
A
100
AcDbSymbolTableRecord
100
AcDbTextStyleTableRecord
  2
KICADI
 70
0
 40
0
 41
1
 42
1
 50
15
 71
0
  3
isocp.shx
  0
STYLE
  5
E
330
A
100
AcDbSymbolTableRecord
100
AcDbTextStyleTableRecord
  2
KICADBI
 70
0
 40
0
 41
1
 42
1
 50
15
 71
0
  3
isocp.shx
  0
ENDTAB
  0
TABLE
  2
LAYER
  5
F
330
0
100
AcDbSymbolTable
 70
3
  0
LAYER
  5
12
330
F
100
AcDbSymbolTableRecord
100
AcDbLayerTableRecord
  2
0
 70
0
 62
7
  6
CONTINUOUS
390
10
  0
LAYER
  5
13
330
F
100
AcDbSymbolTableRecord
100
AcDbLayerTableRecord
  2
F.Paste
 70
0
 62
253
420
11837594
  6
CONTINUOUS
390
10
  0
LAYER
  5
14
330
F
100
AcDbSymbolTableRecord
100
AcDbLayerTableRecord
  2
Edge.Cuts
 70
0
 62
254
420
13685453
  6
CONTINUOUS
390
10
  0
ENDTAB
  0
TABLE
  2
VPORT
  5
15
330
0
100
AcDbSymbolTable
 70
0
  0
ENDTAB
  0
TABLE
  2
VIEW
  5
16
330
0
100
AcDbSymbolTable
 70
0
  0
ENDTAB
  0
TABLE
  2
UCS
  5
17
330
0
100
AcDbSymbolTable
 70
0
  0
ENDTAB
  0
TABLE
  2
DIMSTYLE
  5
18
330
0
100
AcDbSymbolTable
 70
1
100
AcDbDimStyleTable
 71
0
  0
DIMSTYLE
105
19
330
18
100
AcDbSymbolTableRecord
100
AcDbDimStyleTableRecord
  2
Standard
 70
0
  0
ENDTAB
  0
TABLE
  2
BLOCK_RECORD
  5
1A
330
0
100
AcDbSymbolTable
 70
3
  0
BLOCK_RECORD
  5
1B
330
1A
100
AcDbSymbolTableRecord
100
AcDbBlockTableRecord
  2
*Model_Space
340
1E
 70
0
280
1
281
0
  0
BLOCK_RECORD
  5
1C
330
1A
100
AcDbSymbolTableRecord
100
AcDbBlockTableRecord
  2
*Paper_Space
340
1F
 70
0
280
1
281
0
  0
BLOCK_RECORD
  5
1D
330
1A
100
AcDbSymbolTableRecord
100
AcDbBlockTableRecord
  2
*Paper_Space0
340
20
 70
0
280
1
281
0
  0
ENDTAB
  0
ENDSEC
  0
SECTION
  2
BLOCKS
  0
BLOCK
  5
24
330
1B
100
AcDbEntity
  8
0
100
AcDbBlockBegin
  2
*Model_Space
 70
0
 10
0.0
 20
0.0
 30
0.0
  3
*Model_Space
  1

  0
ENDBLK
  5
23
330
1B
100
AcDbEntity
  8
0
100
AcDbBlockEnd
  0
BLOCK
  5
26
330
1C
100
AcDbEntity
 67
1
  8
0
100
AcDbBlockBegin
  2
*Paper_Space
 70
0
 10
0.0
 20
0.0
 30
0.0
  3
*Paper_Space
  1

  0
ENDBLK
  5
25
330
1C
100
AcDbEntity
 67
1
  8
0
100
AcDbBlockEnd
  0
BLOCK
  5
28
330
1D
100
AcDbEntity
 67
1
  8
0
100
AcDbBlockBegin
  2
*Paper_Space0
 70
0
 10
0.0
 20
0.0
 30
0.0
  3
*Paper_Space0
  1

  0
ENDBLK
  5
27
330
1D
100
AcDbEntity
 67
1
  8
0
100
AcDbBlockEnd
  0
ENDSEC
  0
SECTION
  2
ENTITIES
  0
LINE
  5
29
330
1B
100
AcDbEntity
  8
BLACK
  6
CONTINUOUS
100
AcDbLine
 10
18.6615905511811029
 20
-14.8027165354330705
 30
0
 11
22.9135590551181103
 21
-14.8027165354330705
 31
0
  0
LINE
  5
2A
330
1B
100
AcDbEntity
  8
BLACK
  6
CONTINUOUS
100
AcDbLine
 10
22.9135590551181103
 20
-14.8027165354330705
 30
0
 11
22.9135590551181103
 21
-16.0625590551181112
 31
0
  0
LINE
  5
2B
330
1B
100
AcDbEntity
  8
BLACK
  6
CONTINUOUS
100
AcDbLine
 10
22.9135590551181103
 20
-16.0625590551181112
 30
0
 11
18.6615905511811029
 21
-16.0625590551181112
 31
0
  0
LINE
  5
2C
330
1B
100
AcDbEntity
  8
BLACK
  6
CONTINUOUS
100
AcDbLine
 10
18.6615905511811029
 20
-16.0625590551181112
 30
0
 11
18.6615905511811029
 21
-14.8027165354330705
 31
0
  0
LINE
  5
2D
330
1B
100
AcDbEntity
  8
BLACK
  6
CONTINUOUS
100
AcDbLine
 10
0.3937007874015748
 20
-0.3937007874015748
 30
0
 11
22.9922992125984251
 21
-0.3937007874015748
 31
0
  0
LINE
  5
2E
330
1B
100
AcDbEntity
  8
BLACK
  6
CONTINUOUS
100
AcDbLine
 10
22.9922992125984251
 20
-0.3937007874015748
 30
0
 11
22.9922992125984251
 21
-16.141299212598426
 31
0
  0
LINE
  5
2F
330
1B
100
AcDbEntity
  8
BLACK
  6
CONTINUOUS
100
AcDbLine
 10
22.9922992125984251
 20
-16.141299212598426
 30
0
 11
0.3937007874015748
 21
-16.141299212598426
 31
0
  0
LINE
  5
30
330
1B
100
AcDbEntity
  8
BLACK
  6
CONTINUOUS
100
AcDbLine
 10
0.3937007874015748
 20
-16.141299212598426
 30
0
 11
0.3937007874015748
 21
-0.3937007874015748
 31
0
  0
LINE
  5
31
330
1B
100
AcDbEntity
  8
BLACK
  6
CONTINUOUS
100
AcDbLine
 10
0.4724409448818898
 20
-0.4724409448818898
 30
0
 11
22.9135590551181103
 21
-0.4724409448818898
 31
0
  0
LINE
  5
32
330
1B
100
AcDbEntity
  8
BLACK
  6
CONTINUOUS
100
AcDbLine
 10
22.9135590551181103
 20
-0.4724409448818898
 30
0
 11
22.9135590551181103
 21
-16.0625590551181112
 31
0
  0
LINE
  5
33
330
1B
100
AcDbEntity
  8
BLACK
  6
CONTINUOUS
100
AcDbLine
 10
22.9135590551181103
 20
-16.0625590551181112
 30
0
 11
0.4724409448818898
 21
-16.0625590551181112
 31
0
  0
LINE
  5
34
330
1B
100
AcDbEntity
  8
BLACK
  6
CONTINUOUS
100
AcDbLine
 10
0.4724409448818898
 20
-16.0625590551181112
 30
0
 11
0.4724409448818898
 21
-0.4724409448818898
 31
0
  0
LINE
  5
35
330
1B
100
AcDbEntity
  8
BLACK
  6
CONTINUOUS
100
AcDbLine
 10
2.3622047244094486
 20
-0.4724409448818898
 30
0
 11
2.3622047244094486
 21
-0.3937007874015748
 31
0
  0
LINE
  5
36
330
1B
100
AcDbEntity
  8
BLACK
  6
CONTINUOUS
100
AcDbLine
 10
4.3307086614173231
 20
-0.4724409448818898
 30
0
 11
4.3307086614173231
 21
-0.3937007874015748
 31
0
  0
LINE
  5
37
330
1B
100
AcDbEntity
  8
BLACK
  6
CONTINUOUS
100
AcDbLine
 10
6.2992125984251963
 20
-0.4724409448818898
 30
0
 11
6.2992125984251963
 21
-0.3937007874015748
 31
0
  0
LINE
  5
38
330
1B
100
AcDbEntity
  8
BLACK
  6
CONTINUOUS
100
AcDbLine
 10
8.2677165354330704
 20
-0.4724409448818898
 30
0
 11
8.2677165354330704
 21
-0.3937007874015748
 31
0
  0
LINE
  5
39
330
1B
100
AcDbEntity
  8
BLACK
  6
CONTINUOUS
100
AcDbLine
 10
10.2362204724409445
 20
-0.4724409448818898
 30
0
 11
10.2362204724409445
 21
-0.3937007874015748
 31
0
  0
LINE
  5
3A
330
1B
100
AcDbEntity
  8
BLACK
  6
CONTINUOUS
100
AcDbLine
 10
12.2047244094488185
 20
-0.4724409448818898
 30
0
 11
12.2047244094488185
 21
-0.3937007874015748
 31
0
  0
LINE
  5
3B
330
1B
100
AcDbEntity
  8
BLACK
  6
CONTINUOUS
100
AcDbLine
 10
14.1732283464566926
 20
-0.4724409448818898
 30
0
 11
14.1732283464566926
 21
-0.3937007874015748
 31
0
  0
LINE
  5
3C
330
1B
100
AcDbEntity
  8
BLACK
  6
CONTINUOUS
100
AcDbLine
 10
16.1417322834645667
 20
-0.4724409448818898
 30
0
 11
16.1417322834645667
 21
-0.3937007874015748
 31
0
  0
LINE
  5
3D
330
1B
100
AcDbEntity
  8
BLACK
  6
CONTINUOUS
100
AcDbLine
 10
18.1102362204724407
 20
-0.4724409448818898
 30
0
 11
18.1102362204724407
 21
-0.3937007874015748
 31
0
  0
LINE
  5
3E
330
1B
100
AcDbEntity
  8
BLACK
  6
CONTINUOUS
100
AcDbLine
 10
20.0787401574803148
 20
-0.4724409448818898
 30
0
 11
20.0787401574803148
 21
-0.3937007874015748
 31
0
  0
LINE
  5
3F
330
1B
100
AcDbEntity
  8
BLACK
  6
CONTINUOUS
100
AcDbLine
 10
22.0472440944881889
 20
-0.4724409448818898
 30
0
 11
22.0472440944881889
 21
-0.3937007874015748
 31
0
  0
LINE
  5
40
330
1B
100
AcDbEntity
  8
BLACK
  6
CONTINUOUS
100
AcDbLine
 10
1.4208330708661416
 20
-0.4564411023622047
 30
0
 11
1.3915867322834645
 21
-0.4564411023622047
 31
0
  0
LINE
  5
41
330
1B
100
AcDbEntity
  8
BLACK
  6
CONTINUOUS
100
AcDbLine
 10
1.4062098818897637
 20
-0.4564411023622047
 30
0
 11
1.4062098818897637
 21
-0.40526
 31
0
  0
LINE
  5
42
330
1B
100
AcDbEntity
  8
BLACK
  6
CONTINUOUS
100
AcDbLine
 10
1.4062098818897637
 20
-0.40526
 30
0
 11
1.4013355118110236
 21
-0.4125716141732284
 31
0
  0
LINE
  5
43
330
1B
100
AcDbEntity
  8
BLACK
  6
CONTINUOUS
100
AcDbLine
 10
1.4013355118110236
 20
-0.4125716141732284
 30
0
 11
1.3964611023622047
 21
-0.4174459842519685
 31
0
  0
LINE
  5
44
330
1B
100
AcDbEntity
  8
BLACK
  6
CONTINUOUS
100
AcDbLine
 10
1.3964611023622047
 20
-0.4174459842519685
 30
0
 11
1.3915867322834645
 21
-0.4198831889763779
 31
0
  0
LINE
  5
45
330
1B
100
AcDbEntity
  8
BLACK
  6
CONTINUOUS
100
AcDbLine
 10
3.3600906692913384
 20
-0.4101344094488189
 30
0
 11
3.3625278346456691
 21
-0.4076972047244095
 31
0
  0
LINE
  5
46
330
1B
100
AcDbEntity
  8
BLACK
  6
CONTINUOUS
100
AcDbLine
 10
3.3625278346456691
 20
-0.4076972047244095
 30
0
 11
3.367402244094488
 21
-0.40526
 31
0
  0
LINE
  5
47
330
1B
100
AcDbEntity
  8
BLACK
  6
CONTINUOUS
100
AcDbLine
 10
3.367402244094488
 20
-0.40526
 30
0
 11
3.3795882283464564
 21
-0.40526
 31
0
  0
LINE
  5
48
330
1B
100
AcDbEntity
  8
BLACK
  6
CONTINUOUS
100
AcDbLine
 10
3.3795882283464564
 20
-0.40526
 30
0
 11
3.3844625984251966
 21
-0.4076972047244095
 31
0
  0
LINE
  5
49
330
1B
100
AcDbEntity
  8
BLACK
  6
CONTINUOUS
100
AcDbLine
 10
3.3844625984251966
 20
-0.4076972047244095
 30
0
 11
3.386899803149606
 21
-0.4101344094488189
 31
0
  0
LINE
  5
4A
330
1B
100
AcDbEntity
  8
BLACK
  6
CONTINUOUS
100
AcDbLine
 10
3.386899803149606
 20
-0.4101344094488189
 30
0
 11
3.3893370078740155
 21
-0.415008779527559
 31
0
  0
LINE
  5
4B
330
1B
100
AcDbEntity
  8
BLACK
  6
CONTINUOUS
100
AcDbLine
 10
3.3893370078740155
 20
-0.415008779527559
 30
0
 11
3.3893370078740155
 21
-0.4198831889763779
 31
0
  0
LINE
  5
4C
330
1B
100
AcDbEntity
  8
BLACK
  6
CONTINUOUS
100
AcDbLine
 10
3.3893370078740155
 20
-0.4198831889763779
 30
0
 11
3.386899803149606
 21
-0.4271947637795275
 31
0
  0
LINE
  5
4D
330
1B
100
AcDbEntity
  8
BLACK
  6
CONTINUOUS
100
AcDbLine
 10
3.386899803149606
 20
-0.4271947637795275
 30
0
 11
3.3576534645669289
 21
-0.4564411023622047
 31
0
  0
LINE
  5
4E
330
1B
100
AcDbEntity
  8
BLACK
  6
CONTINUOUS
100
AcDbLine
 10
3.3576534645669289
 20
-0.4564411023622047
 30
0
 11
3.3893370078740155
 21
-0.4564411023622047
 31
0
  0
LINE
  5
4F
330
1B
100
AcDbEntity
  8
BLACK
  6
CONTINUOUS
100
AcDbLine
 10
5.326157401574803
 20
-0.40526
 30
0
 11
5.3578409448818896
 21
-0.40526
 31
0
  0
LINE
  5
50
330
1B
100
AcDbEntity
  8
BLACK
  6
CONTINUOUS
100
AcDbLine
 10
5.3578409448818896
 20
-0.40526
 30
0
 11
5.3407805511811022
 21
-0.4247575590551181
 31
0
  0
LINE
  5
51
330
1B
100
AcDbEntity
  8
BLACK
  6
CONTINUOUS
100
AcDbLine
 10
5.3407805511811022
 20
-0.4247575590551181
 30
0
 11
5.3480921653543305
 21
-0.4247575590551181
 31
0
  0
LINE
  5
52
330
1B
100
AcDbEntity
  8
BLACK
  6
CONTINUOUS
100
AcDbLine
 10
5.3480921653543305
 20
-0.4247575590551181
 30
0
 11
5.3529665354330707
 21
-0.4271947637795275
 31
0
  0
LINE
  5
53
330
1B
100
AcDbEntity
  8
BLACK
  6
CONTINUOUS
100
AcDbLine
 10
5.3529665354330707
 20
-0.4271947637795275
 30
0
 11
5.3554037401574801
 21
-0.429631968503937
 31
0
  0
LINE
  5
54
330
1B
100
AcDbEntity
  8
BLACK
  6
CONTINUOUS
100
AcDbLine
 10
5.3554037401574801
 20
-0.429631968503937
 30
0
 11
5.3578409448818896
 21
-0.4345063385826772
 31
0
  0
LINE
  5
55
330
1B
100
AcDbEntity
  8
BLACK
  6
CONTINUOUS
100
AcDbLine
 10
5.3578409448818896
 20
-0.4345063385826772
 30
0
 11
5.3578409448818896
 21
-0.4466923228346457
 31
0
  0
LINE
  5
56
330
1B
100
AcDbEntity
  8
BLACK
  6
CONTINUOUS
100
AcDbLine
 10
5.3578409448818896
 20
-0.4466923228346457
 30
0
 11
5.3554037401574801
 21
-0.4515667322834646
 31
0
  0
LINE
  5
57
330
1B
100
AcDbEntity
  8
BLACK
  6
CONTINUOUS
100
AcDbLine
 10
5.3554037401574801
 20
-0.4515667322834646
 30
0
 11
5.3529665354330707
 21
-0.454003937007874
 31
0
  0
LINE
  5
58
330
1B
100
AcDbEntity
  8
BLACK
  6
CONTINUOUS
100
AcDbLine
 10
5.3529665354330707
 20
-0.454003937007874
 30
0
 11
5.3480921653543305
 21
-0.4564411023622047
 31
0
  0
LINE
  5
59
330
1B
100
AcDbEntity
  8
BLACK
  6
CONTINUOUS
100
AcDbLine
 10
5.3480921653543305
 20
-0.4564411023622047
 30
0
 11
5.3334689763779526
 21
-0.4564411023622047
 31
0
  0
LINE
  5
5A
330
1B
100
AcDbEntity
  8
BLACK
  6
CONTINUOUS
100
AcDbLine
 10
5.3334689763779526
 20
-0.4564411023622047
 30
0
 11
5.3285946062992124
 21
-0.454003937007874
 31
0
  0
LINE
  5
5B
330
1B
100
AcDbEntity
  8
BLACK
  6
CONTINUOUS
100
AcDbLine
 10
5.3285946062992124
 20
-0.454003937007874
 30
0
 11
5.326157401574803
 21
-0.4515667322834646
 31
0
  0
LINE
  5
5C
330
1B
100
AcDbEntity
  8
BLACK
  6
CONTINUOUS
100
AcDbLine
 10
7.3214704724409447
 20
-0.4223203937007874
 30
0
 11
7.3214704724409447
 21
-0.4564411023622047
 31
0
  0
LINE
  5
5D
330
1B
100
AcDbEntity
  8
BLACK
  6
CONTINUOUS
100
AcDbLine
 10
7.3092844881889762
 20
-0.4028228346456693
 30
0
 11
7.2970985433070865
 21
-0.4393807480314961
 31
0
  0
LINE
  5
5E
330
1B
100
AcDbEntity
  8
BLACK
  6
CONTINUOUS
100
AcDbLine
 10
7.2970985433070865
 20
-0.4393807480314961
 30
0
 11
7.3287820472440943
 21
-0.4393807480314961
 31
0
  0
LINE
  5
5F
330
1B
100
AcDbEntity
  8
BLACK
  6
CONTINUOUS
100
AcDbLine
 10
9.2924116141732274
 20
-0.40526
 30
0
 11
9.2680396456692904
 21
-0.40526
 31
0
  0
LINE
  5
60
330
1B
100
AcDbEntity
  8
BLACK
  6
CONTINUOUS
100
AcDbLine
 10
9.2680396456692904
 20
-0.40526
 30
0
 11
9.2656024803149606
 21
-0.429631968503937
 31
0
  0
LINE
  5
61
330
1B
100
AcDbEntity
  8
BLACK
  6
CONTINUOUS
100
AcDbLine
 10
9.2656024803149606
 20
-0.429631968503937
 30
0
 11
9.2680396456692904
 21
-0.4271947637795275
 31
0
  0
LINE
  5
62
330
1B
100
AcDbEntity
  8
BLACK
  6
CONTINUOUS
100
AcDbLine
 10
9.2680396456692904
 20
-0.4271947637795275
 30
0
 11
9.2729140551181093
 21
-0.4247575590551181
 31
0
  0
LINE
  5
63
330
1B
100
AcDbEntity
  8
BLACK
  6
CONTINUOUS
100
AcDbLine
 10
9.2729140551181093
 20
-0.4247575590551181
 30
0
 11
9.2851000393700787
 21
-0.4247575590551181
 31
0
  0
LINE
  5
64
330
1B
100
AcDbEntity
  8
BLACK
  6
CONTINUOUS
100
AcDbLine
 10
9.2851000393700787
 20
-0.4247575590551181
 30
0
 11
9.2899744094488188
 21
-0.4271947637795275
 31
0
  0
LINE
  5
65
330
1B
100
AcDbEntity
  8
BLACK
  6
CONTINUOUS
100
AcDbLine
 10
9.2899744094488188
 20
-0.4271947637795275
 30
0
 11
9.2924116141732274
 21
-0.429631968503937
 31
0
  0
LINE
  5
66
330
1B
100
AcDbEntity
  8
BLACK
  6
CONTINUOUS
100
AcDbLine
 10
9.2924116141732274
 20
-0.429631968503937
 30
0
 11
9.2948488188976377
 21
-0.4345063385826772
 31
0
  0
LINE
  5
67
330
1B
100
AcDbEntity
  8
BLACK
  6
CONTINUOUS
100
AcDbLine
 10
9.2948488188976377
 20
-0.4345063385826772
 30
0
 11
9.2948488188976377
 21
-0.4466923228346457
 31
0
  0
LINE
  5
68
330
1B
100
AcDbEntity
  8
BLACK
  6
CONTINUOUS
100
AcDbLine
 10
9.2948488188976377
 20
-0.4466923228346457
 30
0
 11
9.2924116141732274
 21
-0.4515667322834646
 31
0
  0
LINE
  5
69
330
1B
100
AcDbEntity
  8
BLACK
  6
CONTINUOUS
100
AcDbLine
 10
9.2924116141732274
 20
-0.4515667322834646
 30
0
 11
9.2899744094488188
 21
-0.454003937007874
 31
0
  0
LINE
  5
6A
330
1B
100
AcDbEntity
  8
BLACK
  6
CONTINUOUS
100
AcDbLine
 10
9.2899744094488188
 20
-0.454003937007874
 30
0
 11
9.2851000393700787
 21
-0.4564411023622047
 31
0
  0
LINE
  5
6B
330
1B
100
AcDbEntity
  8
BLACK
  6
CONTINUOUS
100
AcDbLine
 10
9.2851000393700787
 20
-0.4564411023622047
 30
0
 11
9.2729140551181093
 21
-0.4564411023622047
 31
0
  0
LINE
  5
6C
330
1B
100
AcDbEntity
  8
BLACK
  6
CONTINUOUS
100
AcDbLine
 10
9.2729140551181093
 20
-0.4564411023622047
 30
0
 11
9.2680396456692904
 21
-0.454003937007874
 31
0
  0
LINE
  5
6D
330
1B
100
AcDbEntity
  8
BLACK
  6
CONTINUOUS
100
AcDbLine
 10
9.2680396456692904
 20
-0.454003937007874
 30
0
 11
9.2656024803149606
 21
-0.4515667322834646
 31
0
  0
LINE
  5
6E
330
1B
100
AcDbEntity
  8
BLACK
  6
CONTINUOUS
100
AcDbLine
 10
11.2584783464566929
 20
-0.40526
 30
0
 11
11.2487295669291338
 21
-0.40526
 31
0
  0
LINE
  5
6F
330
1B
100
AcDbEntity
  8
BLACK
  6
CONTINUOUS
100
AcDbLine
 10
11.2487295669291338
 20
-0.40526
 30
0
 11
11.2438551968503937
 21
-0.4076972047244095
 31
0
  0
LINE
  5
70
330
1B
100
AcDbEntity
  8
BLACK
  6
CONTINUOUS
100
AcDbLine
 10
11.2438551968503937
 20
-0.4076972047244095
 30
0
 11
11.2414179921259834
 21
-0.4101344094488189
 31
0
  0
LINE
  5
71
330
1B
100
AcDbEntity
  8
BLACK
  6
CONTINUOUS
100
AcDbLine
 10
11.2414179921259834
 20
-0.4101344094488189
 30
0
 11
11.2365435826771645
 21
-0.4174459842519685
 31
0
  0
LINE
  5
72
330
1B
100
AcDbEntity
  8
BLACK
  6
CONTINUOUS
100
AcDbLine
 10
11.2365435826771645
 20
-0.4174459842519685
 30
0
 11
11.2341064173228347
 21
-0.4271947637795275
 31
0
  0
LINE
  5
73
330
1B
100
AcDbEntity
  8
BLACK
  6
CONTINUOUS
100
AcDbLine
 10
11.2341064173228347
 20
-0.4271947637795275
 30
0
 11
11.2341064173228347
 21
-0.4466923228346457
 31
0
  0
LINE
  5
74
330
1B
100
AcDbEntity
  8
BLACK
  6
CONTINUOUS
100
AcDbLine
 10
11.2341064173228347
 20
-0.4466923228346457
 30
0
 11
11.2365435826771645
 21
-0.4515667322834646
 31
0
  0
LINE
  5
75
330
1B
100
AcDbEntity
  8
BLACK
  6
CONTINUOUS
100
AcDbLine
 10
11.2365435826771645
 20
-0.4515667322834646
 30
0
 11
11.2389807874015748
 21
-0.454003937007874
 31
0
  0
LINE
  5
76
330
1B
100
AcDbEntity
  8
BLACK
  6
CONTINUOUS
100
AcDbLine
 10
11.2389807874015748
 20
-0.454003937007874
 30
0
 11
11.2438551968503937
 21
-0.4564411023622047
 31
0
  0
LINE
  5
77
330
1B
100
AcDbEntity
  8
BLACK
  6
CONTINUOUS
100
AcDbLine
 10
11.2438551968503937
 20
-0.4564411023622047
 30
0
 11
11.2536039763779527
 21
-0.4564411023622047
 31
0
  0
LINE
  5
78
330
1B
100
AcDbEntity
  8
BLACK
  6
CONTINUOUS
100
AcDbLine
 10
11.2536039763779527
 20
-0.4564411023622047
 30
0
 11
11.2584783464566929
 21
-0.454003937007874
 31
0
  0
LINE
  5
79
330
1B
100
AcDbEntity
  8
BLACK
  6
CONTINUOUS
100
AcDbLine
 10
11.2584783464566929
 20
-0.454003937007874
 30
0
 11
11.2609155511811014
 21
-0.4515667322834646
 31
0
  0
LINE
  5
7A
330
1B
100
AcDbEntity
  8
BLACK
  6
CONTINUOUS
100
AcDbLine
 10
11.2609155511811014
 20
-0.4515667322834646
 30
0
 11
11.2633527559055118
 21
-0.4466923228346457
 31
0
  0
LINE
  5
7B
330
1B
100
AcDbEntity
  8
BLACK
  6
CONTINUOUS
100
AcDbLine
 10
11.2633527559055118
 20
-0.4466923228346457
 30
0
 11
11.2633527559055118
 21
-0.4345063385826772
 31
0
  0
LINE
  5
7C
330
1B
100
AcDbEntity
  8
BLACK
  6
CONTINUOUS
100
AcDbLine
 10
11.2633527559055118
 20
-0.4345063385826772
 30
0
 11
11.2609155511811014
 21
-0.429631968503937
 31
0
  0
LINE
  5
7D
330
1B
100
AcDbEntity
  8
BLACK
  6
CONTINUOUS
100
AcDbLine
 10
11.2609155511811014
 20
-0.429631968503937
 30
0
 11
11.2584783464566929
 21
-0.4271947637795275
 31
0
  0
LINE
  5
7E
330
1B
100
AcDbEntity
  8
BLACK
  6
CONTINUOUS
100
AcDbLine
 10
11.2584783464566929
 20
-0.4271947637795275
 30
0
 11
11.2536039763779527
 21
-0.4247575590551181
 31
0
  0
LINE
  5
7F
330
1B
100
AcDbEntity
  8
BLACK
  6
CONTINUOUS
100
AcDbLine
 10
11.2536039763779527
 20
-0.4247575590551181
 30
0
 11
11.2438551968503937
 21
-0.4247575590551181
 31
0
  0
LINE
  5
80
330
1B
100
AcDbEntity
  8
BLACK
  6
CONTINUOUS
100
AcDbLine
 10
11.2438551968503937
 20
-0.4247575590551181
 30
0
 11
11.2389807874015748
 21
-0.4271947637795275
 31
0
  0
LINE
  5
81
330
1B
100
AcDbEntity
  8
BLACK
  6
CONTINUOUS
100
AcDbLine
 10
11.2389807874015748
 20
-0.4271947637795275
 30
0
 11
11.2365435826771645
 21
-0.429631968503937
 31
0
  0
LINE
  5
82
330
1B
100
AcDbEntity
  8
BLACK
  6
CONTINUOUS
100
AcDbLine
 10
11.2365435826771645
 20
-0.429631968503937
 30
0
 11
11.2341064173228347
 21
-0.4345063385826772
 31
0
  0
LINE
  5
83
330
1B
100
AcDbEntity
  8
BLACK
  6
CONTINUOUS
100
AcDbLine
 10
13.2001731496062984
 20
-0.40526
 30
0
 11
13.2342938582677156
 21
-0.40526
 31
0
  0
LINE
  5
84
330
1B
100
AcDbEntity
  8
BLACK
  6
CONTINUOUS
100
AcDbLine
 10
13.2342938582677156
 20
-0.40526
 30
0
 11
13.2123591338582678
 21
-0.4564411023622047
 31
0
  0
LINE
  5
85
330
1B
100
AcDbEntity
  8
BLACK
  6
CONTINUOUS
100
AcDbLine
 10
15.1808630708661418
 20
-0.4271947637795275
 30
0
 11
15.1759886614173229
 21
-0.4247575590551181
 31
0
  0
LINE
  5
86
330
1B
100
AcDbEntity
  8
BLACK
  6
CONTINUOUS
100
AcDbLine
 10
15.1759886614173229
 20
-0.4247575590551181
 30
0
 11
15.1735514566929126
 21
-0.4223203937007874
 31
0
  0
LINE
  5
87
330
1B
100
AcDbEntity
  8
BLACK
  6
CONTINUOUS
100
AcDbLine
 10
15.1735514566929126
 20
-0.4223203937007874
 30
0
 11
15.1711142913385828
 21
-0.4174459842519685
 31
0
  0
LINE
  5
88
330
1B
100
AcDbEntity
  8
BLACK
  6
CONTINUOUS
100
AcDbLine
 10
15.1711142913385828
 20
-0.4174459842519685
 30
0
 11
15.1711142913385828
 21
-0.415008779527559
 31
0
  0
LINE
  5
89
330
1B
100
AcDbEntity
  8
BLACK
  6
CONTINUOUS
100
AcDbLine
 10
15.1711142913385828
 20
-0.415008779527559
 30
0
 11
15.1735514566929126
 21
-0.4101344094488189
 31
0
  0
LINE
  5
8A
330
1B
100
AcDbEntity
  8
BLACK
  6
CONTINUOUS
100
AcDbLine
 10
15.1735514566929126
 20
-0.4101344094488189
 30
0
 11
15.1759886614173229
 21
-0.4076972047244095
 31
0
  0
LINE
  5
8B
330
1B
100
AcDbEntity
  8
BLACK
  6
CONTINUOUS
100
AcDbLine
 10
15.1759886614173229
 20
-0.4076972047244095
 30
0
 11
15.1808630708661418
 21
-0.40526
 31
0
  0
LINE
  5
8C
330
1B
100
AcDbEntity
  8
BLACK
  6
CONTINUOUS
100
AcDbLine
 10
15.1808630708661418
 20
-0.40526
 30
0
 11
15.1906118503937009
 21
-0.40526
 31
0
  0
LINE
  5
8D
330
1B
100
AcDbEntity
  8
BLACK
  6
CONTINUOUS
100
AcDbLine
 10
15.1906118503937009
 20
-0.40526
 30
0
 11
15.195486220472441
 21
-0.4076972047244095
 31
0
  0
LINE
  5
8E
330
1B
100
AcDbEntity
  8
BLACK
  6
CONTINUOUS
100
AcDbLine
 10
15.195486220472441
 20
-0.4076972047244095
 30
0
 11
15.1979234251968496
 21
-0.4101344094488189
 31
0
  0
LINE
  5
8F
330
1B
100
AcDbEntity
  8
BLACK
  6
CONTINUOUS
100
AcDbLine
 10
15.1979234251968496
 20
-0.4101344094488189
 30
0
 11
15.2003606299212599
 21
-0.415008779527559
 31
0
  0
LINE
  5
90
330
1B
100
AcDbEntity
  8
BLACK
  6
CONTINUOUS
100
AcDbLine
 10
15.2003606299212599
 20
-0.415008779527559
 30
0
 11
15.2003606299212599
 21
-0.4174459842519685
 31
0
  0
LINE
  5
91
330
1B
100
AcDbEntity
  8
BLACK
  6
CONTINUOUS
100
AcDbLine
 10
15.2003606299212599
 20
-0.4174459842519685
 30
0
 11
15.1979234251968496
 21
-0.4223203937007874
 31
0
  0
LINE
  5
92
330
1B
100
AcDbEntity
  8
BLACK
  6
CONTINUOUS
100
AcDbLine
 10
15.1979234251968496
 20
-0.4223203937007874
 30
0
 11
15.195486220472441
 21
-0.4247575590551181
 31
0
  0
LINE
  5
93
330
1B
100
AcDbEntity
  8
BLACK
  6
CONTINUOUS
100
AcDbLine
 10
15.195486220472441
 20
-0.4247575590551181
 30
0
 11
15.1906118503937009
 21
-0.4271947637795275
 31
0
  0
LINE
  5
94
330
1B
100
AcDbEntity
  8
BLACK
  6
CONTINUOUS
100
AcDbLine
 10
15.1906118503937009
 20
-0.4271947637795275
 30
0
 11
15.1808630708661418
 21
-0.4271947637795275
 31
0
  0
LINE
  5
95
330
1B
100
AcDbEntity
  8
BLACK
  6
CONTINUOUS
100
AcDbLine
 10
15.1808630708661418
 20
-0.4271947637795275
 30
0
 11
15.1759886614173229
 21
-0.429631968503937
 31
0
  0
LINE
  5
96
330
1B
100
AcDbEntity
  8
BLACK
  6
CONTINUOUS
100
AcDbLine
 10
15.1759886614173229
 20
-0.429631968503937
 30
0
 11
15.1735514566929126
 21
-0.4320691732283464
 31
0
  0
LINE
  5
97
330
1B
100
AcDbEntity
  8
BLACK
  6
CONTINUOUS
100
AcDbLine
 10
15.1735514566929126
 20
-0.4320691732283464
 30
0
 11
15.1711142913385828
 21
-0.4369435433070866
 31
0
  0
LINE
  5
98
330
1B
100
AcDbEntity
  8
BLACK
  6
CONTINUOUS
100
AcDbLine
 10
15.1711142913385828
 20
-0.4369435433070866
 30
0
 11
15.1711142913385828
 21
-0.4466923228346457
 31
0
  0
LINE
  5
99
330
1B
100
AcDbEntity
  8
BLACK
  6
CONTINUOUS
100
AcDbLine
 10
15.1711142913385828
 20
-0.4466923228346457
 30
0
 11
15.1735514566929126
 21
-0.4515667322834646
 31
0
  0
LINE
  5
9A
330
1B
100
AcDbEntity
  8
BLACK
  6
CONTINUOUS
100
AcDbLine
 10
15.1735514566929126
 20
-0.4515667322834646
 30
0
 11
15.1759886614173229
 21
-0.454003937007874
 31
0
  0
LINE
  5
9B
330
1B
100
AcDbEntity
  8
BLACK
  6
CONTINUOUS
100
AcDbLine
 10
15.1759886614173229
 20
-0.454003937007874
 30
0
 11
15.1808630708661418
 21
-0.4564411023622047
 31
0
  0
LINE
  5
9C
330
1B
100
AcDbEntity
  8
BLACK
  6
CONTINUOUS
100
AcDbLine
 10
15.1808630708661418
 20
-0.4564411023622047
 30
0
 11
15.1906118503937009
 21
-0.4564411023622047
 31
0
  0
LINE
  5
9D
330
1B
100
AcDbEntity
  8
BLACK
  6
CONTINUOUS
100
AcDbLine
 10
15.1906118503937009
 20
-0.4564411023622047
 30
0
 11
15.195486220472441
 21
-0.454003937007874
 31
0
  0
LINE
  5
9E
330
1B
100
AcDbEntity
  8
BLACK
  6
CONTINUOUS
100
AcDbLine
 10
15.195486220472441
 20
-0.454003937007874
 30
0
 11
15.1979234251968496
 21
-0.4515667322834646
 31
0
  0
LINE
  5
9F
330
1B
100
AcDbEntity
  8
BLACK
  6
CONTINUOUS
100
AcDbLine
 10
15.1979234251968496
 20
-0.4515667322834646
 30
0
 11
15.2003606299212599
 21
-0.4466923228346457
 31
0
  0
LINE
  5
A0
330
1B
100
AcDbEntity
  8
BLACK
  6
CONTINUOUS
100
AcDbLine
 10
15.2003606299212599
 20
-0.4466923228346457
 30
0
 11
15.2003606299212599
 21
-0.4369435433070866
 31
0
  0
LINE
  5
A1
330
1B
100
AcDbEntity
  8
BLACK
  6
CONTINUOUS
100
AcDbLine
 10
15.2003606299212599
 20
-0.4369435433070866
 30
0
 11
15.1979234251968496
 21
-0.4320691732283464
 31
0
  0
LINE
  5
A2
330
1B
100
AcDbEntity
  8
BLACK
  6
CONTINUOUS
100
AcDbLine
 10
15.1979234251968496
 20
-0.4320691732283464
 30
0
 11
15.195486220472441
 21
-0.429631968503937
 31
0
  0
LINE
  5
A3
330
1B
100
AcDbEntity
  8
BLACK
  6
CONTINUOUS
100
AcDbLine
 10
15.195486220472441
 20
-0.429631968503937
 30
0
 11
15.1906118503937009
 21
-0.4271947637795275
 31
0
  0
LINE
  5
A4
330
1B
100
AcDbEntity
  8
BLACK
  6
CONTINUOUS
100
AcDbLine
 10
17.1444925984251952
 20
-0.4564411023622047
 30
0
 11
17.1542413779527543
 21
-0.4564411023622047
 31
0
  0
LINE
  5
A5
330
1B
100
AcDbEntity
  8
BLACK
  6
CONTINUOUS
100
AcDbLine
 10
17.1542413779527543
 20
-0.4564411023622047
 30
0
 11
17.1591157874015749
 21
-0.454003937007874
 31
0
  0
LINE
  5
A6
330
1B
100
AcDbEntity
  8
BLACK
  6
CONTINUOUS
100
AcDbLine
 10
17.1591157874015749
 20
-0.454003937007874
 30
0
 11
17.1615529527559048
 21
-0.4515667322834646
 31
0
  0
LINE
  5
A7
330
1B
100
AcDbEntity
  8
BLACK
  6
CONTINUOUS
100
AcDbLine
 10
17.1615529527559048
 20
-0.4515667322834646
 30
0
 11
17.1664273622047254
 21
-0.4442551181102362
 31
0
  0
LINE
  5
A8
330
1B
100
AcDbEntity
  8
BLACK
  6
CONTINUOUS
100
AcDbLine
 10
17.1664273622047254
 20
-0.4442551181102362
 30
0
 11
17.168864566929134
 21
-0.4345063385826772
 31
0
  0
LINE
  5
A9
330
1B
100
AcDbEntity
  8
BLACK
  6
CONTINUOUS
100
AcDbLine
 10
17.168864566929134
 20
-0.4345063385826772
 30
0
 11
17.168864566929134
 21
-0.415008779527559
 31
0
  0
LINE
  5
AA
330
1B
100
AcDbEntity
  8
BLACK
  6
CONTINUOUS
100
AcDbLine
 10
17.168864566929134
 20
-0.415008779527559
 30
0
 11
17.1664273622047254
 21
-0.4101344094488189
 31
0
  0
LINE
  5
AB
330
1B
100
AcDbEntity
  8
BLACK
  6
CONTINUOUS
100
AcDbLine
 10
17.1664273622047254
 20
-0.4101344094488189
 30
0
 11
17.1639901574803133
 21
-0.4076972047244095
 31
0
  0
LINE
  5
AC
330
1B
100
AcDbEntity
  8
BLACK
  6
CONTINUOUS
100
AcDbLine
 10
17.1639901574803133
 20
-0.4076972047244095
 30
0
 11
17.1591157874015749
 21
-0.40526
 31
0
  0
LINE
  5
AD
330
1B
100
AcDbEntity
  8
BLACK
  6
CONTINUOUS
100
AcDbLine
 10
17.1591157874015749
 20
-0.40526
 30
0
 11
17.1493670078740159
 21
-0.40526
 31
0
  0
LINE
  5
AE
330
1B
100
AcDbEntity
  8
BLACK
  6
CONTINUOUS
100
AcDbLine
 10
17.1493670078740159
 20
-0.40526
 30
0
 11
17.1444925984251952
 21
-0.4076972047244095
 31
0
  0
LINE
  5
AF
330
1B
100
AcDbEntity
  8
BLACK
  6
CONTINUOUS
100
AcDbLine
 10
17.1444925984251952
 20
-0.4076972047244095
 30
0
 11
17.1420553937007867
 21
-0.4101344094488189
 31
0
  0
LINE
  5
B0
330
1B
100
AcDbEntity
  8
BLACK
  6
CONTINUOUS
100
AcDbLine
 10
17.1420553937007867
 20
-0.4101344094488189
 30
0
 11
17.1396182283464569
 21
-0.415008779527559
 31
0
  0
LINE
  5
B1
330
1B
100
AcDbEntity
  8
BLACK
  6
CONTINUOUS
100
AcDbLine
 10
17.1396182283464569
 20
-0.415008779527559
 30
0
 11
17.1396182283464569
 21
-0.4271947637795275
 31
0
  0
LINE
  5
B2
330
1B
100
AcDbEntity
  8
BLACK
  6
CONTINUOUS
100
AcDbLine
 10
17.1396182283464569
 20
-0.4271947637795275
 30
0
 11
17.1420553937007867
 21
-0.4320691732283464
 31
0
  0
LINE
  5
B3
330
1B
100
AcDbEntity
  8
BLACK
  6
CONTINUOUS
100
AcDbLine
 10
17.1420553937007867
 20
-0.4320691732283464
 30
0
 11
17.1444925984251952
 21
-0.4345063385826772
 31
0
  0
LINE
  5
B4
330
1B
100
AcDbEntity
  8
BLACK
  6
CONTINUOUS
100
AcDbLine
 10
17.1444925984251952
 20
-0.4345063385826772
 30
0
 11
17.1493670078740159
 21
-0.4369435433070866
 31
0
  0
LINE
  5
B5
330
1B
100
AcDbEntity
  8
BLACK
  6
CONTINUOUS
100
AcDbLine
 10
17.1493670078740159
 20
-0.4369435433070866
 30
0
 11
17.1591157874015749
 21
-0.4369435433070866
 31
0
  0
LINE
  5
B6
330
1B
100
AcDbEntity
  8
BLACK
  6
CONTINUOUS
100
AcDbLine
 10
17.1591157874015749
 20
-0.4369435433070866
 30
0
 11
17.1639901574803133
 21
-0.4345063385826772
 31
0
  0
LINE
  5
B7
330
1B
100
AcDbEntity
  8
BLACK
  6
CONTINUOUS
100
AcDbLine
 10
17.1639901574803133
 20
-0.4345063385826772
 30
0
 11
17.1664273622047254
 21
-0.4320691732283464
 31
0
  0
LINE
  5
B8
330
1B
100
AcDbEntity
  8
BLACK
  6
CONTINUOUS
100
AcDbLine
 10
17.1664273622047254
 20
-0.4320691732283464
 30
0
 11
17.168864566929134
 21
-0.4271947637795275
 31
0
  0
LINE
  5
B9
330
1B
100
AcDbEntity
  8
BLACK
  6
CONTINUOUS
100
AcDbLine
 10
19.1373685039370081
 20
-0.4564411023622047
 30
0
 11
19.1081221653543309
 21
-0.4564411023622047
 31
0
  0
LINE
  5
BA
330
1B
100
AcDbEntity
  8
BLACK
  6
CONTINUOUS
100
AcDbLine
 10
19.1227453149606283
 20
-0.4564411023622047
 30
0
 11
19.1227453149606283
 21
-0.40526
 31
0
  0
LINE
  5
BB
330
1B
100
AcDbEntity
  8
BLACK
  6
CONTINUOUS
100
AcDbLine
 10
19.1227453149606283
 20
-0.40526
 30
0
 11
19.11787094488189
 21
-0.4125716141732284
 31
0
  0
LINE
  5
BC
330
1B
100
AcDbEntity
  8
BLACK
  6
CONTINUOUS
100
AcDbLine
 10
19.11787094488189
 20
-0.4125716141732284
 30
0
 11
19.1129965354330693
 21
-0.4174459842519685
 31
0
  0
LINE
  5
BD
330
1B
100
AcDbEntity
  8
BLACK
  6
CONTINUOUS
100
AcDbLine
 10
19.1129965354330693
 20
-0.4174459842519685
 30
0
 11
19.1081221653543309
 21
-0.4198831889763779
 31
0
  0
LINE
  5
BE
330
1B
100
AcDbEntity
  8
BLACK
  6
CONTINUOUS
100
AcDbLine
 10
19.169052007874015
 20
-0.40526
 30
0
 11
19.1739264173228356
 21
-0.40526
 31
0
  0
LINE
  5
BF
330
1B
100
AcDbEntity
  8
BLACK
  6
CONTINUOUS
100
AcDbLine
 10
19.1739264173228356
 20
-0.40526
 30
0
 11
19.178800787401574
 21
-0.4076972047244095
 31
0
  0
LINE
  5
C0
330
1B
100
AcDbEntity
  8
BLACK
  6
CONTINUOUS
100
AcDbLine
 10
19.178800787401574
 20
-0.4076972047244095
 30
0
 11
19.1812379921259826
 21
-0.4101344094488189
 31
0
  0
LINE
  5
C1
330
1B
100
AcDbEntity
  8
BLACK
  6
CONTINUOUS
100
AcDbLine
 10
19.1812379921259826
 20
-0.4101344094488189
 30
0
 11
19.1836751968503947
 21
-0.415008779527559
 31
0
  0
LINE
  5
C2
330
1B
100
AcDbEntity
  8
BLACK
  6
CONTINUOUS
100
AcDbLine
 10
19.1836751968503947
 20
-0.415008779527559
 30
0
 11
19.1861124015748032
 21
-0.4247575590551181
 31
0
  0
LINE
  5
C3
330
1B
100
AcDbEntity
  8
BLACK
  6
CONTINUOUS
100
AcDbLine
 10
19.1861124015748032
 20
-0.4247575590551181
 30
0
 11
19.1861124015748032
 21
-0.4369435433070866
 31
0
  0
LINE
  5
C4
330
1B
100
AcDbEntity
  8
BLACK
  6
CONTINUOUS
100
AcDbLine
 10
19.1861124015748032
 20
-0.4369435433070866
 30
0
 11
19.1836751968503947
 21
-0.4466923228346457
 31
0
  0
LINE
  5
C5
330
1B
100
AcDbEntity
  8
BLACK
  6
CONTINUOUS
100
AcDbLine
 10
19.1836751968503947
 20
-0.4466923228346457
 30
0
 11
19.1812379921259826
 21
-0.4515667322834646
 31
0
  0
LINE
  5
C6
330
1B
100
AcDbEntity
  8
BLACK
  6
CONTINUOUS
100
AcDbLine
 10
19.1812379921259826
 20
-0.4515667322834646
 30
0
 11
19.178800787401574
 21
-0.454003937007874
 31
0
  0
LINE
  5
C7
330
1B
100
AcDbEntity
  8
BLACK
  6
CONTINUOUS
100
AcDbLine
 10
19.178800787401574
 20
-0.454003937007874
 30
0
 11
19.1739264173228356
 21
-0.4564411023622047
 31
0
  0
LINE
  5
C8
330
1B
100
AcDbEntity
  8
BLACK
  6
CONTINUOUS
100
AcDbLine
 10
19.1739264173228356
 20
-0.4564411023622047
 30
0
 11
19.169052007874015
 21
-0.4564411023622047
 31
0
  0
LINE
  5
C9
330
1B
100
AcDbEntity
  8
BLACK
  6
CONTINUOUS
100
AcDbLine
 10
19.169052007874015
 20
-0.4564411023622047
 30
0
 11
19.1641776377952766
 21
-0.454003937007874
 31
0
  0
LINE
  5
CA
330
1B
100
AcDbEntity
  8
BLACK
  6
CONTINUOUS
100
AcDbLine
 10
19.1641776377952766
 20
-0.454003937007874
 30
0
 11
19.1617404330708645
 21
-0.4515667322834646
 31
0
  0
LINE
  5
CB
330
1B
100
AcDbEntity
  8
BLACK
  6
CONTINUOUS
100
AcDbLine
 10
19.1617404330708645
 20
-0.4515667322834646
 30
0
 11
19.1593032283464559
 21
-0.4466923228346457
 31
0
  0
LINE
  5
CC
330
1B
100
AcDbEntity
  8
BLACK
  6
CONTINUOUS
100
AcDbLine
 10
19.1593032283464559
 20
-0.4466923228346457
 30
0
 11
19.1568660629921261
 21
-0.4369435433070866
 31
0
  0
LINE
  5
CD
330
1B
100
AcDbEntity
  8
BLACK
  6
CONTINUOUS
100
AcDbLine
 10
19.1568660629921261
 20
-0.4369435433070866
 30
0
 11
19.1568660629921261
 21
-0.4247575590551181
 31
0
  0
LINE
  5
CE
330
1B
100
AcDbEntity
  8
BLACK
  6
CONTINUOUS
100
AcDbLine
 10
19.1568660629921261
 20
-0.4247575590551181
 30
0
 11
19.1593032283464559
 21
-0.415008779527559
 31
0
  0
LINE
  5
CF
330
1B
100
AcDbEntity
  8
BLACK
  6
CONTINUOUS
100
AcDbLine
 10
19.1593032283464559
 20
-0.415008779527559
 30
0
 11
19.1617404330708645
 21
-0.4101344094488189
 31
0
  0
LINE
  5
D0
330
1B
100
AcDbEntity
  8
BLACK
  6
CONTINUOUS
100
AcDbLine
 10
19.1617404330708645
 20
-0.4101344094488189
 30
0
 11
19.1641776377952766
 21
-0.4076972047244095
 31
0
  0
LINE
  5
D1
330
1B
100
AcDbEntity
  8
BLACK
  6
CONTINUOUS
100
AcDbLine
 10
19.1641776377952766
 20
-0.4076972047244095
 30
0
 11
19.169052007874015
 21
-0.40526
 31
0
  0
LINE
  5
D2
330
1B
100
AcDbEntity
  8
BLACK
  6
CONTINUOUS
100
AcDbLine
 10
21.1058724409448821
 20
-0.4564411023622047
 30
0
 11
21.076626102362205
 21
-0.4564411023622047
 31
0
  0
LINE
  5
D3
330
1B
100
AcDbEntity
  8
BLACK
  6
CONTINUOUS
100
AcDbLine
 10
21.0912492519685024
 20
-0.4564411023622047
 30
0
 11
21.0912492519685024
 21
-0.40526
 31
0
  0
LINE
  5
D4
330
1B
100
AcDbEntity
  8
BLACK
  6
CONTINUOUS
100
AcDbLine
 10
21.0912492519685024
 20
-0.40526
 30
0
 11
21.0863748818897641
 21
-0.4125716141732284
 31
0
  0
LINE
  5
D5
330
1B
100
AcDbEntity
  8
BLACK
  6
CONTINUOUS
100
AcDbLine
 10
21.0863748818897641
 20
-0.4125716141732284
 30
0
 11
21.0815004724409434
 21
-0.4174459842519685
 31
0
  0
LINE
  5
D6
330
1B
100
AcDbEntity
  8
BLACK
  6
CONTINUOUS
100
AcDbLine
 10
21.0815004724409434
 20
-0.4174459842519685
 30
0
 11
21.076626102362205
 21
-0.4198831889763779
 31
0
  0
LINE
  5
D7
330
1B
100
AcDbEntity
  8
BLACK
  6
CONTINUOUS
100
AcDbLine
 10
21.1546163385826773
 20
-0.4564411023622047
 30
0
 11
21.1253700000000002
 21
-0.4564411023622047
 31
0
  0
LINE
  5
D8
330
1B
100
AcDbEntity
  8
BLACK
  6
CONTINUOUS
100
AcDbLine
 10
21.1399931496062976
 20
-0.4564411023622047
 30
0
 11
21.1399931496062976
 21
-0.40526
 31
0
  0
LINE
  5
D9
330
1B
100
AcDbEntity
  8
BLACK
  6
CONTINUOUS
100
AcDbLine
 10
21.1399931496062976
 20
-0.40526
 30
0
 11
21.1351187795275592
 21
-0.4125716141732284
 31
0
  0
LINE
  5
DA
330
1B
100
AcDbEntity
  8
BLACK
  6
CONTINUOUS
100
AcDbLine
 10
21.1351187795275592
 20
-0.4125716141732284
 30
0
 11
21.1302443700787386
 21
-0.4174459842519685
 31
0
  0
LINE
  5
DB
330
1B
100
AcDbEntity
  8
BLACK
  6
CONTINUOUS
100
AcDbLine
 10
21.1302443700787386
 20
-0.4174459842519685
 30
0
 11
21.1253700000000002
 21
-0.4198831889763779
 31
0
  0
LINE
  5
DC
330
1B
100
AcDbEntity
  8
BLACK
  6
CONTINUOUS
100
AcDbLine
 10
2.3622047244094486
 20
-16.0625590551181112
 30
0
 11
2.3622047244094486
 21
-16.141299212598426
 31
0
  0
LINE
  5
DD
330
1B
100
AcDbEntity
  8
BLACK
  6
CONTINUOUS
100
AcDbLine
 10
4.3307086614173231
 20
-16.0625590551181112
 30
0
 11
4.3307086614173231
 21
-16.141299212598426
 31
0
  0
LINE
  5
DE
330
1B
100
AcDbEntity
  8
BLACK
  6
CONTINUOUS
100
AcDbLine
 10
6.2992125984251963
 20
-16.0625590551181112
 30
0
 11
6.2992125984251963
 21
-16.141299212598426
 31
0
  0
LINE
  5
DF
330
1B
100
AcDbEntity
  8
BLACK
  6
CONTINUOUS
100
AcDbLine
 10
8.2677165354330704
 20
-16.0625590551181112
 30
0
 11
8.2677165354330704
 21
-16.141299212598426
 31
0
  0
LINE
  5
E0
330
1B
100
AcDbEntity
  8
BLACK
  6
CONTINUOUS
100
AcDbLine
 10
10.2362204724409445
 20
-16.0625590551181112
 30
0
 11
10.2362204724409445
 21
-16.141299212598426
 31
0
  0
LINE
  5
E1
330
1B
100
AcDbEntity
  8
BLACK
  6
CONTINUOUS
100
AcDbLine
 10
12.2047244094488185
 20
-16.0625590551181112
 30
0
 11
12.2047244094488185
 21
-16.141299212598426
 31
0
  0
LINE
  5
E2
330
1B
100
AcDbEntity
  8
BLACK
  6
CONTINUOUS
100
AcDbLine
 10
14.1732283464566926
 20
-16.0625590551181112
 30
0
 11
14.1732283464566926
 21
-16.141299212598426
 31
0
  0
LINE
  5
E3
330
1B
100
AcDbEntity
  8
BLACK
  6
CONTINUOUS
100
AcDbLine
 10
16.1417322834645667
 20
-16.0625590551181112
 30
0
 11
16.1417322834645667
 21
-16.141299212598426
 31
0
  0
LINE
  5
E4
330
1B
100
AcDbEntity
  8
BLACK
  6
CONTINUOUS
100
AcDbLine
 10
18.1102362204724407
 20
-16.0625590551181112
 30
0
 11
18.1102362204724407
 21
-16.141299212598426
 31
0
  0
LINE
  5
E5
330
1B
100
AcDbEntity
  8
BLACK
  6
CONTINUOUS
100
AcDbLine
 10
20.0787401574803148
 20
-16.0625590551181112
 30
0
 11
20.0787401574803148
 21
-16.141299212598426
 31
0
  0
LINE
  5
E6
330
1B
100
AcDbEntity
  8
BLACK
  6
CONTINUOUS
100
AcDbLine
 10
22.0472440944881889
 20
-16.0625590551181112
 30
0
 11
22.0472440944881889
 21
-16.141299212598426
 31
0
  0
LINE
  5
E7
330
1B
100
AcDbEntity
  8
BLACK
  6
CONTINUOUS
100
AcDbLine
 10
1.4208330708661416
 20
-16.1252993700787393
 30
0
 11
1.3915867322834645
 21
-16.1252993700787393
 31
0
  0
LINE
  5
E8
330
1B
100
AcDbEntity
  8
BLACK
  6
CONTINUOUS
100
AcDbLine
 10
1.4062098818897637
 20
-16.1252993700787393
 30
0
 11
1.4062098818897637
 21
-16.0741182677165355
 31
0
  0
LINE
  5
E9
330
1B
100
AcDbEntity
  8
BLACK
  6
CONTINUOUS
100
AcDbLine
 10
1.4062098818897637
 20
-16.0741182677165355
 30
0
 11
1.4013355118110236
 21
-16.0814298818897647
 31
0
  0
LINE
  5
EA
330
1B
100
AcDbEntity
  8
BLACK
  6
CONTINUOUS
100
AcDbLine
 10
1.4013355118110236
 20
-16.0814298818897647
 30
0
 11
1.3964611023622047
 21
-16.0863042519685031
 31
0
  0
LINE
  5
EB
330
1B
100
AcDbEntity
  8
BLACK
  6
CONTINUOUS
100
AcDbLine
 10
1.3964611023622047
 20
-16.0863042519685031
 30
0
 11
1.3915867322834645
 21
-16.0887414566929117
 31
0
  0
LINE
  5
EC
330
1B
100
AcDbEntity
  8
BLACK
  6
CONTINUOUS
100
AcDbLine
 10
3.3600906692913384
 20
-16.0789926771653526
 30
0
 11
3.3625278346456691
 21
-16.0765554724409441
 31
0
  0
LINE
  5
ED
330
1B
100
AcDbEntity
  8
BLACK
  6
CONTINUOUS
100
AcDbLine
 10
3.3625278346456691
 20
-16.0765554724409441
 30
0
 11
3.367402244094488
 21
-16.0741182677165355
 31
0
  0
LINE
  5
EE
330
1B
100
AcDbEntity
  8
BLACK
  6
CONTINUOUS
100
AcDbLine
 10
3.367402244094488
 20
-16.0741182677165355
 30
0
 11
3.3795882283464564
 21
-16.0741182677165355
 31
0
  0
LINE
  5
EF
330
1B
100
AcDbEntity
  8
BLACK
  6
CONTINUOUS
100
AcDbLine
 10
3.3795882283464564
 20
-16.0741182677165355
 30
0
 11
3.3844625984251966
 21
-16.0765554724409441
 31
0
  0
LINE
  5
F0
330
1B
100
AcDbEntity
  8
BLACK
  6
CONTINUOUS
100
AcDbLine
 10
3.3844625984251966
 20
-16.0765554724409441
 30
0
 11
3.386899803149606
 21
-16.0789926771653526
 31
0
  0
LINE
  5
F1
330
1B
100
AcDbEntity
  8
BLACK
  6
CONTINUOUS
100
AcDbLine
 10
3.386899803149606
 20
-16.0789926771653526
 30
0
 11
3.3893370078740155
 21
-16.0838670472440946
 31
0
  0
LINE
  5
F2
330
1B
100
AcDbEntity
  8
BLACK
  6
CONTINUOUS
100
AcDbLine
 10
3.3893370078740155
 20
-16.0838670472440946
 30
0
 11
3.3893370078740155
 21
-16.0887414566929117
 31
0
  0
LINE
  5
F3
330
1B
100
AcDbEntity
  8
BLACK
  6
CONTINUOUS
100
AcDbLine
 10
3.3893370078740155
 20
-16.0887414566929117
 30
0
 11
3.386899803149606
 21
-16.0960530314960621
 31
0
  0
LINE
  5
F4
330
1B
100
AcDbEntity
  8
BLACK
  6
CONTINUOUS
100
AcDbLine
 10
3.386899803149606
 20
-16.0960530314960621
 30
0
 11
3.3576534645669289
 21
-16.1252993700787393
 31
0
  0
LINE
  5
F5
330
1B
100
AcDbEntity
  8
BLACK
  6
CONTINUOUS
100
AcDbLine
 10
3.3576534645669289
 20
-16.1252993700787393
 30
0
 11
3.3893370078740155
 21
-16.1252993700787393
 31
0
  0
LINE
  5
F6
330
1B
100
AcDbEntity
  8
BLACK
  6
CONTINUOUS
100
AcDbLine
 10
5.326157401574803
 20
-16.0741182677165355
 30
0
 11
5.3578409448818896
 21
-16.0741182677165355
 31
0
  0
LINE
  5
F7
330
1B
100
AcDbEntity
  8
BLACK
  6
CONTINUOUS
100
AcDbLine
 10
5.3578409448818896
 20
-16.0741182677165355
 30
0
 11
5.3407805511811022
 21
-16.0936158267716536
 31
0
  0
LINE
  5
F8
330
1B
100
AcDbEntity
  8
BLACK
  6
CONTINUOUS
100
AcDbLine
 10
5.3407805511811022
 20
-16.0936158267716536
 30
0
 11
5.3480921653543305
 21
-16.0936158267716536
 31
0
  0
LINE
  5
F9
330
1B
100
AcDbEntity
  8
BLACK
  6
CONTINUOUS
100
AcDbLine
 10
5.3480921653543305
 20
-16.0936158267716536
 30
0
 11
5.3529665354330707
 21
-16.0960530314960621
 31
0
  0
LINE
  5
FA
330
1B
100
AcDbEntity
  8
BLACK
  6
CONTINUOUS
100
AcDbLine
 10
5.3529665354330707
 20
-16.0960530314960621
 30
0
 11
5.3554037401574801
 21
-16.0984902362204707
 31
0
  0
LINE
  5
FB
330
1B
100
AcDbEntity
  8
BLACK
  6
CONTINUOUS
100
AcDbLine
 10
5.3554037401574801
 20
-16.0984902362204707
 30
0
 11
5.3578409448818896
 21
-16.1033646062992126
 31
0
  0
LINE
  5
FC
330
1B
100
AcDbEntity
  8
BLACK
  6
CONTINUOUS
100
AcDbLine
 10
5.3578409448818896
 20
-16.1033646062992126
 30
0
 11
5.3578409448818896
 21
-16.1155505905511802
 31
0
  0
LINE
  5
FD
330
1B
100
AcDbEntity
  8
BLACK
  6
CONTINUOUS
100
AcDbLine
 10
5.3578409448818896
 20
-16.1155505905511802
 30
0
 11
5.3554037401574801
 21
-16.1204250000000009
 31
0
  0
LINE
  5
FE
330
1B
100
AcDbEntity
  8
BLACK
  6
CONTINUOUS
100
AcDbLine
 10
5.3554037401574801
 20
-16.1204250000000009
 30
0
 11
5.3529665354330707
 21
-16.1228622047244095
 31
0
  0
LINE
  5
FF
330
1B
100
AcDbEntity
  8
BLACK
  6
CONTINUOUS
100
AcDbLine
 10
5.3529665354330707
 20
-16.1228622047244095
 30
0
 11
5.3480921653543305
 21
-16.1252993700787393
 31
0
  0
LINE
  5
100
330
1B
100
AcDbEntity
  8
BLACK
  6
CONTINUOUS
100
AcDbLine
 10
5.3480921653543305
 20
-16.1252993700787393
 30
0
 11
5.3334689763779526
 21
-16.1252993700787393
 31
0
  0
LINE
  5
101
330
1B
100
AcDbEntity
  8
BLACK
  6
CONTINUOUS
100
AcDbLine
 10
5.3334689763779526
 20
-16.1252993700787393
 30
0
 11
5.3285946062992124
 21
-16.1228622047244095
 31
0
  0
LINE
  5
102
330
1B
100
AcDbEntity
  8
BLACK
  6
CONTINUOUS
100
AcDbLine
 10
5.3285946062992124
 20
-16.1228622047244095
 30
0
 11
5.326157401574803
 21
-16.1204250000000009
 31
0
  0
LINE
  5
103
330
1B
100
AcDbEntity
  8
BLACK
  6
CONTINUOUS
100
AcDbLine
 10
7.3214704724409447
 20
-16.0911786614173238
 30
0
 11
7.3214704724409447
 21
-16.1252993700787393
 31
0
  0
LINE
  5
104
330
1B
100
AcDbEntity
  8
BLACK
  6
CONTINUOUS
100
AcDbLine
 10
7.3092844881889762
 20
-16.0716811023622057
 30
0
 11
7.2970985433070865
 21
-16.1082390157480297
 31
0
  0
LINE
  5
105
330
1B
100
AcDbEntity
  8
BLACK
  6
CONTINUOUS
100
AcDbLine
 10
7.2970985433070865
 20
-16.1082390157480297
 30
0
 11
7.3287820472440943
 21
-16.1082390157480297
 31
0
  0
LINE
  5
106
330
1B
100
AcDbEntity
  8
BLACK
  6
CONTINUOUS
100
AcDbLine
 10
9.2924116141732274
 20
-16.0741182677165355
 30
0
 11
9.2680396456692904
 21
-16.0741182677165355
 31
0
  0
LINE
  5
107
330
1B
100
AcDbEntity
  8
BLACK
  6
CONTINUOUS
100
AcDbLine
 10
9.2680396456692904
 20
-16.0741182677165355
 30
0
 11
9.2656024803149606
 21
-16.0984902362204707
 31
0
  0
LINE
  5
108
330
1B
100
AcDbEntity
  8
BLACK
  6
CONTINUOUS
100
AcDbLine
 10
9.2656024803149606
 20
-16.0984902362204707
 30
0
 11
9.2680396456692904
 21
-16.0960530314960621
 31
0
  0
LINE
  5
109
330
1B
100
AcDbEntity
  8
BLACK
  6
CONTINUOUS
100
AcDbLine
 10
9.2680396456692904
 20
-16.0960530314960621
 30
0
 11
9.2729140551181093
 21
-16.0936158267716536
 31
0
  0
LINE
  5
10A
330
1B
100
AcDbEntity
  8
BLACK
  6
CONTINUOUS
100
AcDbLine
 10
9.2729140551181093
 20
-16.0936158267716536
 30
0
 11
9.2851000393700787
 21
-16.0936158267716536
 31
0
  0
LINE
  5
10B
330
1B
100
AcDbEntity
  8
BLACK
  6
CONTINUOUS
100
AcDbLine
 10
9.2851000393700787
 20
-16.0936158267716536
 30
0
 11
9.2899744094488188
 21
-16.0960530314960621
 31
0
  0
LINE
  5
10C
330
1B
100
AcDbEntity
  8
BLACK
  6
CONTINUOUS
100
AcDbLine
 10
9.2899744094488188
 20
-16.0960530314960621
 30
0
 11
9.2924116141732274
 21
-16.0984902362204707
 31
0
  0
LINE
  5
10D
330
1B
100
AcDbEntity
  8
BLACK
  6
CONTINUOUS
100
AcDbLine
 10
9.2924116141732274
 20
-16.0984902362204707
 30
0
 11
9.2948488188976377
 21
-16.1033646062992126
 31
0
  0
LINE
  5
10E
330
1B
100
AcDbEntity
  8
BLACK
  6
CONTINUOUS
100
AcDbLine
 10
9.2948488188976377
 20
-16.1033646062992126
 30
0
 11
9.2948488188976377
 21
-16.1155505905511802
 31
0
  0
LINE
  5
10F
330
1B
100
AcDbEntity
  8
BLACK
  6
CONTINUOUS
100
AcDbLine
 10
9.2948488188976377
 20
-16.1155505905511802
 30
0
 11
9.2924116141732274
 21
-16.1204250000000009
 31
0
  0
LINE
  5
110
330
1B
100
AcDbEntity
  8
BLACK
  6
CONTINUOUS
100
AcDbLine
 10
9.2924116141732274
 20
-16.1204250000000009
 30
0
 11
9.2899744094488188
 21
-16.1228622047244095
 31
0
  0
LINE
  5
111
330
1B
100
AcDbEntity
  8
BLACK
  6
CONTINUOUS
100
AcDbLine
 10
9.2899744094488188
 20
-16.1228622047244095
 30
0
 11
9.2851000393700787
 21
-16.1252993700787393
 31
0
  0
LINE
  5
112
330
1B
100
AcDbEntity
  8
BLACK
  6
CONTINUOUS
100
AcDbLine
 10
9.2851000393700787
 20
-16.1252993700787393
 30
0
 11
9.2729140551181093
 21
-16.1252993700787393
 31
0
  0
LINE
  5
113
330
1B
100
AcDbEntity
  8
BLACK
  6
CONTINUOUS
100
AcDbLine
 10
9.2729140551181093
 20
-16.1252993700787393
 30
0
 11
9.2680396456692904
 21
-16.1228622047244095
 31
0
  0
LINE
  5
114
330
1B
100
AcDbEntity
  8
BLACK
  6
CONTINUOUS
100
AcDbLine
 10
9.2680396456692904
 20
-16.1228622047244095
 30
0
 11
9.2656024803149606
 21
-16.1204250000000009
 31
0
  0
LINE
  5
115
330
1B
100
AcDbEntity
  8
BLACK
  6
CONTINUOUS
100
AcDbLine
 10
11.2584783464566929
 20
-16.0741182677165355
 30
0
 11
11.2487295669291338
 21
-16.0741182677165355
 31
0
  0
LINE
  5
116
330
1B
100
AcDbEntity
  8
BLACK
  6
CONTINUOUS
100
AcDbLine
 10
11.2487295669291338
 20
-16.0741182677165355
 30
0
 11
11.2438551968503937
 21
-16.0765554724409441
 31
0
  0
LINE
  5
117
330
1B
100
AcDbEntity
  8
BLACK
  6
CONTINUOUS
100
AcDbLine
 10
11.2438551968503937
 20
-16.0765554724409441
 30
0
 11
11.2414179921259834
 21
-16.0789926771653526
 31
0
  0
LINE
  5
118
330
1B
100
AcDbEntity
  8
BLACK
  6
CONTINUOUS
100
AcDbLine
 10
11.2414179921259834
 20
-16.0789926771653526
 30
0
 11
11.2365435826771645
 21
-16.0863042519685031
 31
0
  0
LINE
  5
119
330
1B
100
AcDbEntity
  8
BLACK
  6
CONTINUOUS
100
AcDbLine
 10
11.2365435826771645
 20
-16.0863042519685031
 30
0
 11
11.2341064173228347
 21
-16.0960530314960621
 31
0
  0
LINE
  5
11A
330
1B
100
AcDbEntity
  8
BLACK
  6
CONTINUOUS
100
AcDbLine
 10
11.2341064173228347
 20
-16.0960530314960621
 30
0
 11
11.2341064173228347
 21
-16.1155505905511802
 31
0
  0
LINE
  5
11B
330
1B
100
AcDbEntity
  8
BLACK
  6
CONTINUOUS
100
AcDbLine
 10
11.2341064173228347
 20
-16.1155505905511802
 30
0
 11
11.2365435826771645
 21
-16.1204250000000009
 31
0
  0
LINE
  5
11C
330
1B
100
AcDbEntity
  8
BLACK
  6
CONTINUOUS
100
AcDbLine
 10
11.2365435826771645
 20
-16.1204250000000009
 30
0
 11
11.2389807874015748
 21
-16.1228622047244095
 31
0
  0
LINE
  5
11D
330
1B
100
AcDbEntity
  8
BLACK
  6
CONTINUOUS
100
AcDbLine
 10
11.2389807874015748
 20
-16.1228622047244095
 30
0
 11
11.2438551968503937
 21
-16.1252993700787393
 31
0
  0
LINE
  5
11E
330
1B
100
AcDbEntity
  8
BLACK
  6
CONTINUOUS
100
AcDbLine
 10
11.2438551968503937
 20
-16.1252993700787393
 30
0
 11
11.2536039763779527
 21
-16.1252993700787393
 31
0
  0
LINE
  5
11F
330
1B
100
AcDbEntity
  8
BLACK
  6
CONTINUOUS
100
AcDbLine
 10
11.2536039763779527
 20
-16.1252993700787393
 30
0
 11
11.2584783464566929
 21
-16.1228622047244095
 31
0
  0
LINE
  5
120
330
1B
100
AcDbEntity
  8
BLACK
  6
CONTINUOUS
100
AcDbLine
 10
11.2584783464566929
 20
-16.1228622047244095
 30
0
 11
11.2609155511811014
 21
-16.1204250000000009
 31
0
  0
LINE
  5
121
330
1B
100
AcDbEntity
  8
BLACK
  6
CONTINUOUS
100
AcDbLine
 10
11.2609155511811014
 20
-16.1204250000000009
 30
0
 11
11.2633527559055118
 21
-16.1155505905511802
 31
0
  0
LINE
  5
122
330
1B
100
AcDbEntity
  8
BLACK
  6
CONTINUOUS
100
AcDbLine
 10
11.2633527559055118
 20
-16.1155505905511802
 30
0
 11
11.2633527559055118
 21
-16.1033646062992126
 31
0
  0
LINE
  5
123
330
1B
100
AcDbEntity
  8
BLACK
  6
CONTINUOUS
100
AcDbLine
 10
11.2633527559055118
 20
-16.1033646062992126
 30
0
 11
11.2609155511811014
 21
-16.0984902362204707
 31
0
  0
LINE
  5
124
330
1B
100
AcDbEntity
  8
BLACK
  6
CONTINUOUS
100
AcDbLine
 10
11.2609155511811014
 20
-16.0984902362204707
 30
0
 11
11.2584783464566929
 21
-16.0960530314960621
 31
0
  0
LINE
  5
125
330
1B
100
AcDbEntity
  8
BLACK
  6
CONTINUOUS
100
AcDbLine
 10
11.2584783464566929
 20
-16.0960530314960621
 30
0
 11
11.2536039763779527
 21
-16.0936158267716536
 31
0
  0
LINE
  5
126
330
1B
100
AcDbEntity
  8
BLACK
  6
CONTINUOUS
100
AcDbLine
 10
11.2536039763779527
 20
-16.0936158267716536
 30
0
 11
11.2438551968503937
 21
-16.0936158267716536
 31
0
  0
LINE
  5
127
330
1B
100
AcDbEntity
  8
BLACK
  6
CONTINUOUS
100
AcDbLine
 10
11.2438551968503937
 20
-16.0936158267716536
 30
0
 11
11.2389807874015748
 21
-16.0960530314960621
 31
0
  0
LINE
  5
128
330
1B
100
AcDbEntity
  8
BLACK
  6
CONTINUOUS
100
AcDbLine
 10
11.2389807874015748
 20
-16.0960530314960621
 30
0
 11
11.2365435826771645
 21
-16.0984902362204707
 31
0
  0
LINE
  5
129
330
1B
100
AcDbEntity
  8
BLACK
  6
CONTINUOUS
100
AcDbLine
 10
11.2365435826771645
 20
-16.0984902362204707
 30
0
 11
11.2341064173228347
 21
-16.1033646062992126
 31
0
  0
LINE
  5
12A
330
1B
100
AcDbEntity
  8
BLACK
  6
CONTINUOUS
100
AcDbLine
 10
13.2001731496062984
 20
-16.0741182677165355
 30
0
 11
13.2342938582677156
 21
-16.0741182677165355
 31
0
  0
LINE
  5
12B
330
1B
100
AcDbEntity
  8
BLACK
  6
CONTINUOUS
100
AcDbLine
 10
13.2342938582677156
 20
-16.0741182677165355
 30
0
 11
13.2123591338582678
 21
-16.1252993700787393
 31
0
  0
LINE
  5
12C
330
1B
100
AcDbEntity
  8
BLACK
  6
CONTINUOUS
100
AcDbLine
 10
15.1808630708661418
 20
-16.0960530314960621
 30
0
 11
15.1759886614173229
 21
-16.0936158267716536
 31
0
  0
LINE
  5
12D
330
1B
100
AcDbEntity
  8
BLACK
  6
CONTINUOUS
100
AcDbLine
 10
15.1759886614173229
 20
-16.0936158267716536
 30
0
 11
15.1735514566929126
 21
-16.0911786614173238
 31
0
  0
LINE
  5
12E
330
1B
100
AcDbEntity
  8
BLACK
  6
CONTINUOUS
100
AcDbLine
 10
15.1735514566929126
 20
-16.0911786614173238
 30
0
 11
15.1711142913385828
 21
-16.0863042519685031
 31
0
  0
LINE
  5
12F
330
1B
100
AcDbEntity
  8
BLACK
  6
CONTINUOUS
100
AcDbLine
 10
15.1711142913385828
 20
-16.0863042519685031
 30
0
 11
15.1711142913385828
 21
-16.0838670472440946
 31
0
  0
LINE
  5
130
330
1B
100
AcDbEntity
  8
BLACK
  6
CONTINUOUS
100
AcDbLine
 10
15.1711142913385828
 20
-16.0838670472440946
 30
0
 11
15.1735514566929126
 21
-16.0789926771653526
 31
0
  0
LINE
  5
131
330
1B
100
AcDbEntity
  8
BLACK
  6
CONTINUOUS
100
AcDbLine
 10
15.1735514566929126
 20
-16.0789926771653526
 30
0
 11
15.1759886614173229
 21
-16.0765554724409441
 31
0
  0
LINE
  5
132
330
1B
100
AcDbEntity
  8
BLACK
  6
CONTINUOUS
100
AcDbLine
 10
15.1759886614173229
 20
-16.0765554724409441
 30
0
 11
15.1808630708661418
 21
-16.0741182677165355
 31
0
  0
LINE
  5
133
330
1B
100
AcDbEntity
  8
BLACK
  6
CONTINUOUS
100
AcDbLine
 10
15.1808630708661418
 20
-16.0741182677165355
 30
0
 11
15.1906118503937009
 21
-16.0741182677165355
 31
0
  0
LINE
  5
134
330
1B
100
AcDbEntity
  8
BLACK
  6
CONTINUOUS
100
AcDbLine
 10
15.1906118503937009
 20
-16.0741182677165355
 30
0
 11
15.195486220472441
 21
-16.0765554724409441
 31
0
  0
LINE
  5
135
330
1B
100
AcDbEntity
  8
BLACK
  6
CONTINUOUS
100
AcDbLine
 10
15.195486220472441
 20
-16.0765554724409441
 30
0
 11
15.1979234251968496
 21
-16.0789926771653526
 31
0
  0
LINE
  5
136
330
1B
100
AcDbEntity
  8
BLACK
  6
CONTINUOUS
100
AcDbLine
 10
15.1979234251968496
 20
-16.0789926771653526
 30
0
 11
15.2003606299212599
 21
-16.0838670472440946
 31
0
  0
LINE
  5
137
330
1B
100
AcDbEntity
  8
BLACK
  6
CONTINUOUS
100
AcDbLine
 10
15.2003606299212599
 20
-16.0838670472440946
 30
0
 11
15.2003606299212599
 21
-16.0863042519685031
 31
0
  0
LINE
  5
138
330
1B
100
AcDbEntity
  8
BLACK
  6
CONTINUOUS
100
AcDbLine
 10
15.2003606299212599
 20
-16.0863042519685031
 30
0
 11
15.1979234251968496
 21
-16.0911786614173238
 31
0
  0
LINE
  5
139
330
1B
100
AcDbEntity
  8
BLACK
  6
CONTINUOUS
100
AcDbLine
 10
15.1979234251968496
 20
-16.0911786614173238
 30
0
 11
15.195486220472441
 21
-16.0936158267716536
 31
0
  0
LINE
  5
13A
330
1B
100
AcDbEntity
  8
BLACK
  6
CONTINUOUS
100
AcDbLine
 10
15.195486220472441
 20
-16.0936158267716536
 30
0
 11
15.1906118503937009
 21
-16.0960530314960621
 31
0
  0
LINE
  5
13B
330
1B
100
AcDbEntity
  8
BLACK
  6
CONTINUOUS
100
AcDbLine
 10
15.1906118503937009
 20
-16.0960530314960621
 30
0
 11
15.1808630708661418
 21
-16.0960530314960621
 31
0
  0
LINE
  5
13C
330
1B
100
AcDbEntity
  8
BLACK
  6
CONTINUOUS
100
AcDbLine
 10
15.1808630708661418
 20
-16.0960530314960621
 30
0
 11
15.1759886614173229
 21
-16.0984902362204707
 31
0
  0
LINE
  5
13D
330
1B
100
AcDbEntity
  8
BLACK
  6
CONTINUOUS
100
AcDbLine
 10
15.1759886614173229
 20
-16.0984902362204707
 30
0
 11
15.1735514566929126
 21
-16.1009274409448828
 31
0
  0
LINE
  5
13E
330
1B
100
AcDbEntity
  8
BLACK
  6
CONTINUOUS
100
AcDbLine
 10
15.1735514566929126
 20
-16.1009274409448828
 30
0
 11
15.1711142913385828
 21
-16.1058018110236212
 31
0
  0
LINE
  5
13F
330
1B
100
AcDbEntity
  8
BLACK
  6
CONTINUOUS
100
AcDbLine
 10
15.1711142913385828
 20
-16.1058018110236212
 30
0
 11
15.1711142913385828
 21
-16.1155505905511802
 31
0
  0
LINE
  5
140
330
1B
100
AcDbEntity
  8
BLACK
  6
CONTINUOUS
100
AcDbLine
 10
15.1711142913385828
 20
-16.1155505905511802
 30
0
 11
15.1735514566929126
 21
-16.1204250000000009
 31
0
  0
LINE
  5
141
330
1B
100
AcDbEntity
  8
BLACK
  6
CONTINUOUS
100
AcDbLine
 10
15.1735514566929126
 20
-16.1204250000000009
 30
0
 11
15.1759886614173229
 21
-16.1228622047244095
 31
0
  0
LINE
  5
142
330
1B
100
AcDbEntity
  8
BLACK
  6
CONTINUOUS
100
AcDbLine
 10
15.1759886614173229
 20
-16.1228622047244095
 30
0
 11
15.1808630708661418
 21
-16.1252993700787393
 31
0
  0
LINE
  5
143
330
1B
100
AcDbEntity
  8
BLACK
  6
CONTINUOUS
100
AcDbLine
 10
15.1808630708661418
 20
-16.1252993700787393
 30
0
 11
15.1906118503937009
 21
-16.1252993700787393
 31
0
  0
LINE
  5
144
330
1B
100
AcDbEntity
  8
BLACK
  6
CONTINUOUS
100
AcDbLine
 10
15.1906118503937009
 20
-16.1252993700787393
 30
0
 11
15.195486220472441
 21
-16.1228622047244095
 31
0
  0
LINE
  5
145
330
1B
100
AcDbEntity
  8
BLACK
  6
CONTINUOUS
100
AcDbLine
 10
15.195486220472441
 20
-16.1228622047244095
 30
0
 11
15.1979234251968496
 21
-16.1204250000000009
 31
0
  0
LINE
  5
146
330
1B
100
AcDbEntity
  8
BLACK
  6
CONTINUOUS
100
AcDbLine
 10
15.1979234251968496
 20
-16.1204250000000009
 30
0
 11
15.2003606299212599
 21
-16.1155505905511802
 31
0
  0
LINE
  5
147
330
1B
100
AcDbEntity
  8
BLACK
  6
CONTINUOUS
100
AcDbLine
 10
15.2003606299212599
 20
-16.1155505905511802
 30
0
 11
15.2003606299212599
 21
-16.1058018110236212
 31
0
  0
LINE
  5
148
330
1B
100
AcDbEntity
  8
BLACK
  6
CONTINUOUS
100
AcDbLine
 10
15.2003606299212599
 20
-16.1058018110236212
 30
0
 11
15.1979234251968496
 21
-16.1009274409448828
 31
0
  0
LINE
  5
149
330
1B
100
AcDbEntity
  8
BLACK
  6
CONTINUOUS
100
AcDbLine
 10
15.1979234251968496
 20
-16.1009274409448828
 30
0
 11
15.195486220472441
 21
-16.0984902362204707
 31
0
  0
LINE
  5
14A
330
1B
100
AcDbEntity
  8
BLACK
  6
CONTINUOUS
100
AcDbLine
 10
15.195486220472441
 20
-16.0984902362204707
 30
0
 11
15.1906118503937009
 21
-16.0960530314960621
 31
0
  0
LINE
  5
14B
330
1B
100
AcDbEntity
  8
BLACK
  6
CONTINUOUS
100
AcDbLine
 10
17.1444925984251952
 20
-16.1252993700787393
 30
0
 11
17.1542413779527543
 21
-16.1252993700787393
 31
0
  0
LINE
  5
14C
330
1B
100
AcDbEntity
  8
BLACK
  6
CONTINUOUS
100
AcDbLine
 10
17.1542413779527543
 20
-16.1252993700787393
 30
0
 11
17.1591157874015749
 21
-16.1228622047244095
 31
0
  0
LINE
  5
14D
330
1B
100
AcDbEntity
  8
BLACK
  6
CONTINUOUS
100
AcDbLine
 10
17.1591157874015749
 20
-16.1228622047244095
 30
0
 11
17.1615529527559048
 21
-16.1204250000000009
 31
0
  0
LINE
  5
14E
330
1B
100
AcDbEntity
  8
BLACK
  6
CONTINUOUS
100
AcDbLine
 10
17.1615529527559048
 20
-16.1204250000000009
 30
0
 11
17.1664273622047254
 21
-16.1131133858267717
 31
0
  0
LINE
  5
14F
330
1B
100
AcDbEntity
  8
BLACK
  6
CONTINUOUS
100
AcDbLine
 10
17.1664273622047254
 20
-16.1131133858267717
 30
0
 11
17.168864566929134
 21
-16.1033646062992126
 31
0
  0
LINE
  5
150
330
1B
100
AcDbEntity
  8
BLACK
  6
CONTINUOUS
100
AcDbLine
 10
17.168864566929134
 20
-16.1033646062992126
 30
0
 11
17.168864566929134
 21
-16.0838670472440946
 31
0
  0
LINE
  5
151
330
1B
100
AcDbEntity
  8
BLACK
  6
CONTINUOUS
100
AcDbLine
 10
17.168864566929134
 20
-16.0838670472440946
 30
0
 11
17.1664273622047254
 21
-16.0789926771653526
 31
0
  0
LINE
  5
152
330
1B
100
AcDbEntity
  8
BLACK
  6
CONTINUOUS
100
AcDbLine
 10
17.1664273622047254
 20
-16.0789926771653526
 30
0
 11
17.1639901574803133
 21
-16.0765554724409441
 31
0
  0
LINE
  5
153
330
1B
100
AcDbEntity
  8
BLACK
  6
CONTINUOUS
100
AcDbLine
 10
17.1639901574803133
 20
-16.0765554724409441
 30
0
 11
17.1591157874015749
 21
-16.0741182677165355
 31
0
  0
LINE
  5
154
330
1B
100
AcDbEntity
  8
BLACK
  6
CONTINUOUS
100
AcDbLine
 10
17.1591157874015749
 20
-16.0741182677165355
 30
0
 11
17.1493670078740159
 21
-16.0741182677165355
 31
0
  0
LINE
  5
155
330
1B
100
AcDbEntity
  8
BLACK
  6
CONTINUOUS
100
AcDbLine
 10
17.1493670078740159
 20
-16.0741182677165355
 30
0
 11
17.1444925984251952
 21
-16.0765554724409441
 31
0
  0
LINE
  5
156
330
1B
100
AcDbEntity
  8
BLACK
  6
CONTINUOUS
100
AcDbLine
 10
17.1444925984251952
 20
-16.0765554724409441
 30
0
 11
17.1420553937007867
 21
-16.0789926771653526
 31
0
  0
LINE
  5
157
330
1B
100
AcDbEntity
  8
BLACK
  6
CONTINUOUS
100
AcDbLine
 10
17.1420553937007867
 20
-16.0789926771653526
 30
0
 11
17.1396182283464569
 21
-16.0838670472440946
 31
0
  0
LINE
  5
158
330
1B
100
AcDbEntity
  8
BLACK
  6
CONTINUOUS
100
AcDbLine
 10
17.1396182283464569
 20
-16.0838670472440946
 30
0
 11
17.1396182283464569
 21
-16.0960530314960621
 31
0
  0
LINE
  5
159
330
1B
100
AcDbEntity
  8
BLACK
  6
CONTINUOUS
100
AcDbLine
 10
17.1396182283464569
 20
-16.0960530314960621
 30
0
 11
17.1420553937007867
 21
-16.1009274409448828
 31
0
  0
LINE
  5
15A
330
1B
100
AcDbEntity
  8
BLACK
  6
CONTINUOUS
100
AcDbLine
 10
17.1420553937007867
 20
-16.1009274409448828
 30
0
 11
17.1444925984251952
 21
-16.1033646062992126
 31
0
  0
LINE
  5
15B
330
1B
100
AcDbEntity
  8
BLACK
  6
CONTINUOUS
100
AcDbLine
 10
17.1444925984251952
 20
-16.1033646062992126
 30
0
 11
17.1493670078740159
 21
-16.1058018110236212
 31
0
  0
LINE
  5
15C
330
1B
100
AcDbEntity
  8
BLACK
  6
CONTINUOUS
100
AcDbLine
 10
17.1493670078740159
 20
-16.1058018110236212
 30
0
 11
17.1591157874015749
 21
-16.1058018110236212
 31
0
  0
LINE
  5
15D
330
1B
100
AcDbEntity
  8
BLACK
  6
CONTINUOUS
100
AcDbLine
 10
17.1591157874015749
 20
-16.1058018110236212
 30
0
 11
17.1639901574803133
 21
-16.1033646062992126
 31
0
  0
LINE
  5
15E
330
1B
100
AcDbEntity
  8
BLACK
  6
CONTINUOUS
100
AcDbLine
 10
17.1639901574803133
 20
-16.1033646062992126
 30
0
 11
17.1664273622047254
 21
-16.1009274409448828
 31
0
  0
LINE
  5
15F
330
1B
100
AcDbEntity
  8
BLACK
  6
CONTINUOUS
100
AcDbLine
 10
17.1664273622047254
 20
-16.1009274409448828
 30
0
 11
17.168864566929134
 21
-16.0960530314960621
 31
0
  0
LINE
  5
160
330
1B
100
AcDbEntity
  8
BLACK
  6
CONTINUOUS
100
AcDbLine
 10
19.1373685039370081
 20
-16.1252993700787393
 30
0
 11
19.1081221653543309
 21
-16.1252993700787393
 31
0
  0
LINE
  5
161
330
1B
100
AcDbEntity
  8
BLACK
  6
CONTINUOUS
100
AcDbLine
 10
19.1227453149606283
 20
-16.1252993700787393
 30
0
 11
19.1227453149606283
 21
-16.0741182677165355
 31
0
  0
LINE
  5
162
330
1B
100
AcDbEntity
  8
BLACK
  6
CONTINUOUS
100
AcDbLine
 10
19.1227453149606283
 20
-16.0741182677165355
 30
0
 11
19.11787094488189
 21
-16.0814298818897647
 31
0
  0
LINE
  5
163
330
1B
100
AcDbEntity
  8
BLACK
  6
CONTINUOUS
100
AcDbLine
 10
19.11787094488189
 20
-16.0814298818897647
 30
0
 11
19.1129965354330693
 21
-16.0863042519685031
 31
0
  0
LINE
  5
164
330
1B
100
AcDbEntity
  8
BLACK
  6
CONTINUOUS
100
AcDbLine
 10
19.1129965354330693
 20
-16.0863042519685031
 30
0
 11
19.1081221653543309
 21
-16.0887414566929117
 31
0
  0
LINE
  5
165
330
1B
100
AcDbEntity
  8
BLACK
  6
CONTINUOUS
100
AcDbLine
 10
19.169052007874015
 20
-16.0741182677165355
 30
0
 11
19.1739264173228356
 21
-16.0741182677165355
 31
0
  0
LINE
  5
166
330
1B
100
AcDbEntity
  8
BLACK
  6
CONTINUOUS
100
AcDbLine
 10
19.1739264173228356
 20
-16.0741182677165355
 30
0
 11
19.178800787401574
 21
-16.0765554724409441
 31
0
  0
LINE
  5
167
330
1B
100
AcDbEntity
  8
BLACK
  6
CONTINUOUS
100
AcDbLine
 10
19.178800787401574
 20
-16.0765554724409441
 30
0
 11
19.1812379921259826
 21
-16.0789926771653526
 31
0
  0
LINE
  5
168
330
1B
100
AcDbEntity
  8
BLACK
  6
CONTINUOUS
100
AcDbLine
 10
19.1812379921259826
 20
-16.0789926771653526
 30
0
 11
19.1836751968503947
 21
-16.0838670472440946
 31
0
  0
LINE
  5
169
330
1B
100
AcDbEntity
  8
BLACK
  6
CONTINUOUS
100
AcDbLine
 10
19.1836751968503947
 20
-16.0838670472440946
 30
0
 11
19.1861124015748032
 21
-16.0936158267716536
 31
0
  0
LINE
  5
16A
330
1B
100
AcDbEntity
  8
BLACK
  6
CONTINUOUS
100
AcDbLine
 10
19.1861124015748032
 20
-16.0936158267716536
 30
0
 11
19.1861124015748032
 21
-16.1058018110236212
 31
0
  0
LINE
  5
16B
330
1B
100
AcDbEntity
  8
BLACK
  6
CONTINUOUS
100
AcDbLine
 10
19.1861124015748032
 20
-16.1058018110236212
 30
0
 11
19.1836751968503947
 21
-16.1155505905511802
 31
0
  0
LINE
  5
16C
330
1B
100
AcDbEntity
  8
BLACK
  6
CONTINUOUS
100
AcDbLine
 10
19.1836751968503947
 20
-16.1155505905511802
 30
0
 11
19.1812379921259826
 21
-16.1204250000000009
 31
0
  0
LINE
  5
16D
330
1B
100
AcDbEntity
  8
BLACK
  6
CONTINUOUS
100
AcDbLine
 10
19.1812379921259826
 20
-16.1204250000000009
 30
0
 11
19.178800787401574
 21
-16.1228622047244095
 31
0
  0
LINE
  5
16E
330
1B
100
AcDbEntity
  8
BLACK
  6
CONTINUOUS
100
AcDbLine
 10
19.178800787401574
 20
-16.1228622047244095
 30
0
 11
19.1739264173228356
 21
-16.1252993700787393
 31
0
  0
LINE
  5
16F
330
1B
100
AcDbEntity
  8
BLACK
  6
CONTINUOUS
100
AcDbLine
 10
19.1739264173228356
 20
-16.1252993700787393
 30
0
 11
19.169052007874015
 21
-16.1252993700787393
 31
0
  0
LINE
  5
170
330
1B
100
AcDbEntity
  8
BLACK
  6
CONTINUOUS
100
AcDbLine
 10
19.169052007874015
 20
-16.1252993700787393
 30
0
 11
19.1641776377952766
 21
-16.1228622047244095
 31
0
  0
LINE
  5
171
330
1B
100
AcDbEntity
  8
BLACK
  6
CONTINUOUS
100
AcDbLine
 10
19.1641776377952766
 20
-16.1228622047244095
 30
0
 11
19.1617404330708645
 21
-16.1204250000000009
 31
0
  0
LINE
  5
172
330
1B
100
AcDbEntity
  8
BLACK
  6
CONTINUOUS
100
AcDbLine
 10
19.1617404330708645
 20
-16.1204250000000009
 30
0
 11
19.1593032283464559
 21
-16.1155505905511802
 31
0
  0
LINE
  5
173
330
1B
100
AcDbEntity
  8
BLACK
  6
CONTINUOUS
100
AcDbLine
 10
19.1593032283464559
 20
-16.1155505905511802
 30
0
 11
19.1568660629921261
 21
-16.1058018110236212
 31
0
  0
LINE
  5
174
330
1B
100
AcDbEntity
  8
BLACK
  6
CONTINUOUS
100
AcDbLine
 10
19.1568660629921261
 20
-16.1058018110236212
 30
0
 11
19.1568660629921261
 21
-16.0936158267716536
 31
0
  0
LINE
  5
175
330
1B
100
AcDbEntity
  8
BLACK
  6
CONTINUOUS
100
AcDbLine
 10
19.1568660629921261
 20
-16.0936158267716536
 30
0
 11
19.1593032283464559
 21
-16.0838670472440946
 31
0
  0
LINE
  5
176
330
1B
100
AcDbEntity
  8
BLACK
  6
CONTINUOUS
100
AcDbLine
 10
19.1593032283464559
 20
-16.0838670472440946
 30
0
 11
19.1617404330708645
 21
-16.0789926771653526
 31
0
  0
LINE
  5
177
330
1B
100
AcDbEntity
  8
BLACK
  6
CONTINUOUS
100
AcDbLine
 10
19.1617404330708645
 20
-16.0789926771653526
 30
0
 11
19.1641776377952766
 21
-16.0765554724409441
 31
0
  0
LINE
  5
178
330
1B
100
AcDbEntity
  8
BLACK
  6
CONTINUOUS
100
AcDbLine
 10
19.1641776377952766
 20
-16.0765554724409441
 30
0
 11
19.169052007874015
 21
-16.0741182677165355
 31
0
  0
LINE
  5
179
330
1B
100
AcDbEntity
  8
BLACK
  6
CONTINUOUS
100
AcDbLine
 10
21.1058724409448821
 20
-16.1252993700787393
 30
0
 11
21.076626102362205
 21
-16.1252993700787393
 31
0
  0
LINE
  5
17A
330
1B
100
AcDbEntity
  8
BLACK
  6
CONTINUOUS
100
AcDbLine
 10
21.0912492519685024
 20
-16.1252993700787393
 30
0
 11
21.0912492519685024
 21
-16.0741182677165355
 31
0
  0
LINE
  5
17B
330
1B
100
AcDbEntity
  8
BLACK
  6
CONTINUOUS
100
AcDbLine
 10
21.0912492519685024
 20
-16.0741182677165355
 30
0
 11
21.0863748818897641
 21
-16.0814298818897647
 31
0
  0
LINE
  5
17C
330
1B
100
AcDbEntity
  8
BLACK
  6
CONTINUOUS
100
AcDbLine
 10
21.0863748818897641
 20
-16.0814298818897647
 30
0
 11
21.0815004724409434
 21
-16.0863042519685031
 31
0
  0
LINE
  5
17D
330
1B
100
AcDbEntity
  8
BLACK
  6
CONTINUOUS
100
AcDbLine
 10
21.0815004724409434
 20
-16.0863042519685031
 30
0
 11
21.076626102362205
 21
-16.0887414566929117
 31
0
  0
LINE
  5
17E
330
1B
100
AcDbEntity
  8
BLACK
  6
CONTINUOUS
100
AcDbLine
 10
21.1546163385826773
 20
-16.1252993700787393
 30
0
 11
21.1253700000000002
 21
-16.1252993700787393
 31
0
  0
LINE
  5
17F
330
1B
100
AcDbEntity
  8
BLACK
  6
CONTINUOUS
100
AcDbLine
 10
21.1399931496062976
 20
-16.1252993700787393
 30
0
 11
21.1399931496062976
 21
-16.0741182677165355
 31
0
  0
LINE
  5
180
330
1B
100
AcDbEntity
  8
BLACK
  6
CONTINUOUS
100
AcDbLine
 10
21.1399931496062976
 20
-16.0741182677165355
 30
0
 11
21.1351187795275592
 21
-16.0814298818897647
 31
0
  0
LINE
  5
181
330
1B
100
AcDbEntity
  8
BLACK
  6
CONTINUOUS
100
AcDbLine
 10
21.1351187795275592
 20
-16.0814298818897647
 30
0
 11
21.1302443700787386
 21
-16.0863042519685031
 31
0
  0
LINE
  5
182
330
1B
100
AcDbEntity
  8
BLACK
  6
CONTINUOUS
100
AcDbLine
 10
21.1302443700787386
 20
-16.0863042519685031
 30
0
 11
21.1253700000000002
 21
-16.0887414566929117
 31
0
  0
LINE
  5
183
330
1B
100
AcDbEntity
  8
BLACK
  6
CONTINUOUS
100
AcDbLine
 10
0.3937007874015748
 20
-2.3622047244094486
 30
0
 11
0.4724409448818898
 21
-2.3622047244094486
 31
0
  0
LINE
  5
184
330
1B
100
AcDbEntity
  8
BLACK
  6
CONTINUOUS
100
AcDbLine
 10
0.3937007874015748
 20
-4.3307086614173231
 30
0
 11
0.4724409448818898
 21
-4.3307086614173231
 31
0
  0
LINE
  5
185
330
1B
100
AcDbEntity
  8
BLACK
  6
CONTINUOUS
100
AcDbLine
 10
0.3937007874015748
 20
-6.2992125984251963
 30
0
 11
0.4724409448818898
 21
-6.2992125984251963
 31
0
  0
LINE
  5
186
330
1B
100
AcDbEntity
  8
BLACK
  6
CONTINUOUS
100
AcDbLine
 10
0.3937007874015748
 20
-8.2677165354330704
 30
0
 11
0.4724409448818898
 21
-8.2677165354330704
 31
0
  0
LINE
  5
187
330
1B
100
AcDbEntity
  8
BLACK
  6
CONTINUOUS
100
AcDbLine
 10
0.3937007874015748
 20
-10.2362204724409445
 30
0
 11
0.4724409448818898
 21
-10.2362204724409445
 31
0
  0
LINE
  5
188
330
1B
100
AcDbEntity
  8
BLACK
  6
CONTINUOUS
100
AcDbLine
 10
0.3937007874015748
 20
-12.2047244094488185
 30
0
 11
0.4724409448818898
 21
-12.2047244094488185
 31
0
  0
LINE
  5
189
330
1B
100
AcDbEntity
  8
BLACK
  6
CONTINUOUS
100
AcDbLine
 10
0.3937007874015748
 20
-14.1732283464566926
 30
0
 11
0.4724409448818898
 21
-14.1732283464566926
 31
0
  0
LINE
  5
18A
330
1B
100
AcDbEntity
  8
BLACK
  6
CONTINUOUS
100
AcDbLine
 10
0.4208848818897638
 20
-1.386699842519685
 30
0
 11
0.445256811023622
 21
-1.386699842519685
 31
0
  0
LINE
  5
18B
330
1B
100
AcDbEntity
  8
BLACK
  6
CONTINUOUS
100
AcDbLine
 10
0.4160104724409449
 20
-1.4013229921259842
 30
0
 11
0.4330708267716535
 21
-1.3501418897637796
 31
0
  0
LINE
  5
18C
330
1B
100
AcDbEntity
  8
BLACK
  6
CONTINUOUS
100
AcDbLine
 10
0.4330708267716535
 20
-1.3501418897637796
 30
0
 11
0.4501312204724409
 21
-1.4013229921259842
 31
0
  0
LINE
  5
18D
330
1B
100
AcDbEntity
  8
BLACK
  6
CONTINUOUS
100
AcDbLine
 10
0.4367266535433071
 20
-3.3430177952755904
 30
0
 11
0.4440382283464567
 21
-3.3454549999999998
 31
0
  0
LINE
  5
18E
330
1B
100
AcDbEntity
  8
BLACK
  6
CONTINUOUS
100
AcDbLine
 10
0.4440382283464567
 20
-3.3454549999999998
 30
0
 11
0.4464754330708661
 21
-3.3478921653543305
 31
0
  0
LINE
  5
18F
330
1B
100
AcDbEntity
  8
BLACK
  6
CONTINUOUS
100
AcDbLine
 10
0.4464754330708661
 20
-3.3478921653543305
 30
0
 11
0.4489125984251968
 21
-3.3527665748031494
 31
0
  0
LINE
  5
190
330
1B
100
AcDbEntity
  8
BLACK
  6
CONTINUOUS
100
AcDbLine
 10
0.4489125984251968
 20
-3.3527665748031494
 30
0
 11
0.4489125984251968
 21
-3.360078149606299
 31
0
  0
LINE
  5
191
330
1B
100
AcDbEntity
  8
BLACK
  6
CONTINUOUS
100
AcDbLine
 10
0.4489125984251968
 20
-3.360078149606299
 30
0
 11
0.4464754330708661
 21
-3.3649525590551179
 31
0
  0
LINE
  5
192
330
1B
100
AcDbEntity
  8
BLACK
  6
CONTINUOUS
100
AcDbLine
 10
0.4464754330708661
 20
-3.3649525590551179
 30
0
 11
0.4440382283464567
 21
-3.3673897637795274
 31
0
  0
LINE
  5
193
330
1B
100
AcDbEntity
  8
BLACK
  6
CONTINUOUS
100
AcDbLine
 10
0.4440382283464567
 20
-3.3673897637795274
 30
0
 11
0.4391638188976378
 21
-3.3698269291338581
 31
0
  0
LINE
  5
194
330
1B
100
AcDbEntity
  8
BLACK
  6
CONTINUOUS
100
AcDbLine
 10
0.4391638188976378
 20
-3.3698269291338581
 30
0
 11
0.4196662598425197
 21
-3.3698269291338581
 31
0
  0
LINE
  5
195
330
1B
100
AcDbEntity
  8
BLACK
  6
CONTINUOUS
100
AcDbLine
 10
0.4196662598425197
 20
-3.3698269291338581
 30
0
 11
0.4196662598425197
 21
-3.3186458267716534
 31
0
  0
LINE
  5
196
330
1B
100
AcDbEntity
  8
BLACK
  6
CONTINUOUS
100
AcDbLine
 10
0.4196662598425197
 20
-3.3186458267716534
 30
0
 11
0.4367266535433071
 21
-3.3186458267716534
 31
0
  0
LINE
  5
197
330
1B
100
AcDbEntity
  8
BLACK
  6
CONTINUOUS
100
AcDbLine
 10
0.4367266535433071
 20
-3.3186458267716534
 30
0
 11
0.4416010236220472
 21
-3.3210830314960629
 31
0
  0
LINE
  5
198
330
1B
100
AcDbEntity
  8
BLACK
  6
CONTINUOUS
100
AcDbLine
 10
0.4416010236220472
 20
-3.3210830314960629
 30
0
 11
0.4440382283464567
 21
-3.3235202362204723
 31
0
  0
LINE
  5
199
330
1B
100
AcDbEntity
  8
BLACK
  6
CONTINUOUS
100
AcDbLine
 10
0.4440382283464567
 20
-3.3235202362204723
 30
0
 11
0.4464754330708661
 21
-3.3283946062992125
 31
0
  0
LINE
  5
19A
330
1B
100
AcDbEntity
  8
BLACK
  6
CONTINUOUS
100
AcDbLine
 10
0.4464754330708661
 20
-3.3283946062992125
 30
0
 11
0.4464754330708661
 21
-3.3332690157480314
 31
0
  0
LINE
  5
19B
330
1B
100
AcDbEntity
  8
BLACK
  6
CONTINUOUS
100
AcDbLine
 10
0.4464754330708661
 20
-3.3332690157480314
 30
0
 11
0.4440382283464567
 21
-3.3381433858267715
 31
0
  0
LINE
  5
19C
330
1B
100
AcDbEntity
  8
BLACK
  6
CONTINUOUS
100
AcDbLine
 10
0.4440382283464567
 20
-3.3381433858267715
 30
0
 11
0.4416010236220472
 21
-3.340580590551181
 31
0
  0
LINE
  5
19D
330
1B
100
AcDbEntity
  8
BLACK
  6
CONTINUOUS
100
AcDbLine
 10
0.4416010236220472
 20
-3.340580590551181
 30
0
 11
0.4367266535433071
 21
-3.3430177952755904
 31
0
  0
LINE
  5
19E
330
1B
100
AcDbEntity
  8
BLACK
  6
CONTINUOUS
100
AcDbLine
 10
0.4367266535433071
 20
-3.3430177952755904
 30
0
 11
0.4196662598425197
 21
-3.3430177952755904
 31
0
  0
LINE
  5
19F
330
1B
100
AcDbEntity
  8
BLACK
  6
CONTINUOUS
100
AcDbLine
 10
0.4489125984251968
 20
-5.3334564960629924
 30
0
 11
0.4464754330708661
 21
-5.3358937007874019
 31
0
  0
LINE
  5
1A0
330
1B
100
AcDbEntity
  8
BLACK
  6
CONTINUOUS
100
AcDbLine
 10
0.4464754330708661
 20
-5.3358937007874019
 30
0
 11
0.4391638188976378
 21
-5.3383308661417326
 31
0
  0
LINE
  5
1A1
330
1B
100
AcDbEntity
  8
BLACK
  6
CONTINUOUS
100
AcDbLine
 10
0.4391638188976378
 20
-5.3383308661417326
 30
0
 11
0.4342894488188976
 21
-5.3383308661417326
 31
0
  0
LINE
  5
1A2
330
1B
100
AcDbEntity
  8
BLACK
  6
CONTINUOUS
100
AcDbLine
 10
0.4342894488188976
 20
-5.3383308661417326
 30
0
 11
0.426977874015748
 21
-5.3358937007874019
 31
0
  0
LINE
  5
1A3
330
1B
100
AcDbEntity
  8
BLACK
  6
CONTINUOUS
100
AcDbLine
 10
0.426977874015748
 20
-5.3358937007874019
 30
0
 11
0.4221034645669291
 21
-5.331019291338583
 31
0
  0
LINE
  5
1A4
330
1B
100
AcDbEntity
  8
BLACK
  6
CONTINUOUS
100
AcDbLine
 10
0.4221034645669291
 20
-5.331019291338583
 30
0
 11
0.4196662598425197
 21
-5.3261448818897641
 31
0
  0
LINE
  5
1A5
330
1B
100
AcDbEntity
  8
BLACK
  6
CONTINUOUS
100
AcDbLine
 10
0.4196662598425197
 20
-5.3261448818897641
 30
0
 11
0.417229094488189
 21
-5.3163961023622042
 31
0
  0
LINE
  5
1A6
330
1B
100
AcDbEntity
  8
BLACK
  6
CONTINUOUS
100
AcDbLine
 10
0.417229094488189
 20
-5.3163961023622042
 30
0
 11
0.417229094488189
 21
-5.3090845275590546
 31
0
  0
LINE
  5
1A7
330
1B
100
AcDbEntity
  8
BLACK
  6
CONTINUOUS
100
AcDbLine
 10
0.417229094488189
 20
-5.3090845275590546
 30
0
 11
0.4196662598425197
 21
-5.2993357480314955
 31
0
  0
LINE
  5
1A8
330
1B
100
AcDbEntity
  8
BLACK
  6
CONTINUOUS
100
AcDbLine
 10
0.4196662598425197
 20
-5.2993357480314955
 30
0
 11
0.4221034645669291
 21
-5.2944613779527554
 31
0
  0
LINE
  5
1A9
330
1B
100
AcDbEntity
  8
BLACK
  6
CONTINUOUS
100
AcDbLine
 10
0.4221034645669291
 20
-5.2944613779527554
 30
0
 11
0.426977874015748
 21
-5.2895869685039365
 31
0
  0
LINE
  5
1AA
330
1B
100
AcDbEntity
  8
BLACK
  6
CONTINUOUS
100
AcDbLine
 10
0.426977874015748
 20
-5.2895869685039365
 30
0
 11
0.4342894488188976
 21
-5.2871497637795271
 31
0
  0
LINE
  5
1AB
330
1B
100
AcDbEntity
  8
BLACK
  6
CONTINUOUS
100
AcDbLine
 10
0.4342894488188976
 20
-5.2871497637795271
 30
0
 11
0.4391638188976378
 21
-5.2871497637795271
 31
0
  0
LINE
  5
1AC
330
1B
100
AcDbEntity
  8
BLACK
  6
CONTINUOUS
100
AcDbLine
 10
0.4391638188976378
 20
-5.2871497637795271
 30
0
 11
0.4464754330708661
 21
-5.2895869685039365
 31
0
  0
LINE
  5
1AD
330
1B
100
AcDbEntity
  8
BLACK
  6
CONTINUOUS
100
AcDbLine
 10
0.4464754330708661
 20
-5.2895869685039365
 30
0
 11
0.4489125984251968
 21
-5.292024173228346
 31
0
  0
LINE
  5
1AE
330
1B
100
AcDbEntity
  8
BLACK
  6
CONTINUOUS
100
AcDbLine
 10
0.4196662598425197
 20
-7.3068348031496058
 30
0
 11
0.4196662598425197
 21
-7.2556537007874011
 31
0
  0
LINE
  5
1AF
330
1B
100
AcDbEntity
  8
BLACK
  6
CONTINUOUS
100
AcDbLine
 10
0.4196662598425197
 20
-7.2556537007874011
 30
0
 11
0.4318522440944882
 21
-7.2556537007874011
 31
0
  0
LINE
  5
1B0
330
1B
100
AcDbEntity
  8
BLACK
  6
CONTINUOUS
100
AcDbLine
 10
0.4318522440944882
 20
-7.2556537007874011
 30
0
 11
0.4391638188976378
 21
-7.2580909055118106
 31
0
  0
LINE
  5
1B1
330
1B
100
AcDbEntity
  8
BLACK
  6
CONTINUOUS
100
AcDbLine
 10
0.4391638188976378
 20
-7.2580909055118106
 30
0
 11
0.4440382283464567
 21
-7.2629653149606295
 31
0
  0
LINE
  5
1B2
330
1B
100
AcDbEntity
  8
BLACK
  6
CONTINUOUS
100
AcDbLine
 10
0.4440382283464567
 20
-7.2629653149606295
 30
0
 11
0.4464754330708661
 21
-7.2678396850393696
 31
0
  0
LINE
  5
1B3
330
1B
100
AcDbEntity
  8
BLACK
  6
CONTINUOUS
100
AcDbLine
 10
0.4464754330708661
 20
-7.2678396850393696
 30
0
 11
0.4489125984251968
 21
-7.2775884645669286
 31
0
  0
LINE
  5
1B4
330
1B
100
AcDbEntity
  8
BLACK
  6
CONTINUOUS
100
AcDbLine
 10
0.4489125984251968
 20
-7.2775884645669286
 30
0
 11
0.4489125984251968
 21
-7.2849000393700782
 31
0
  0
LINE
  5
1B5
330
1B
100
AcDbEntity
  8
BLACK
  6
CONTINUOUS
100
AcDbLine
 10
0.4489125984251968
 20
-7.2849000393700782
 30
0
 11
0.4464754330708661
 21
-7.2946488188976373
 31
0
  0
LINE
  5
1B6
330
1B
100
AcDbEntity
  8
BLACK
  6
CONTINUOUS
100
AcDbLine
 10
0.4464754330708661
 20
-7.2946488188976373
 30
0
 11
0.4440382283464567
 21
-7.2995232283464562
 31
0
  0
LINE
  5
1B7
330
1B
100
AcDbEntity
  8
BLACK
  6
CONTINUOUS
100
AcDbLine
 10
0.4440382283464567
 20
-7.2995232283464562
 30
0
 11
0.4391638188976378
 21
-7.3043976377952751
 31
0
  0
LINE
  5
1B8
330
1B
100
AcDbEntity
  8
BLACK
  6
CONTINUOUS
100
AcDbLine
 10
0.4391638188976378
 20
-7.3043976377952751
 30
0
 11
0.4318522440944882
 21
-7.3068348031496058
 31
0
  0
LINE
  5
1B9
330
1B
100
AcDbEntity
  8
BLACK
  6
CONTINUOUS
100
AcDbLine
 10
0.4318522440944882
 20
-7.3068348031496058
 30
0
 11
0.4196662598425197
 21
-7.3068348031496058
 31
0
  0
LINE
  5
1BA
330
1B
100
AcDbEntity
  8
BLACK
  6
CONTINUOUS
100
AcDbLine
 10
0.4221034645669291
 20
-9.2485296062992131
 30
0
 11
0.4391638582677165
 21
-9.2485296062992131
 31
0
  0
LINE
  5
1BB
330
1B
100
AcDbEntity
  8
BLACK
  6
CONTINUOUS
100
AcDbLine
 10
0.4464754330708661
 20
-9.2753387401574798
 30
0
 11
0.4221034645669291
 21
-9.2753387401574798
 31
0
  0
LINE
  5
1BC
330
1B
100
AcDbEntity
  8
BLACK
  6
CONTINUOUS
100
AcDbLine
 10
0.4221034645669291
 20
-9.2753387401574798
 30
0
 11
0.4221034645669291
 21
-9.2241576377952761
 31
0
  0
LINE
  5
1BD
330
1B
100
AcDbEntity
  8
BLACK
  6
CONTINUOUS
100
AcDbLine
 10
0.4221034645669291
 20
-9.2241576377952761
 30
0
 11
0.4464754330708661
 21
-9.2241576377952761
 31
0
  0
LINE
  5
1BE
330
1B
100
AcDbEntity
  8
BLACK
  6
CONTINUOUS
100
AcDbLine
 10
0.4403824409448819
 20
-11.2170335433070871
 30
0
 11
0.4233220472440945
 21
-11.2170335433070871
 31
0
  0
LINE
  5
1BF
330
1B
100
AcDbEntity
  8
BLACK
  6
CONTINUOUS
100
AcDbLine
 10
0.4233220472440945
 20
-11.2438426771653539
 30
0
 11
0.4233220472440945
 21
-11.1926615748031502
 31
0
  0
LINE
  5
1C0
330
1B
100
AcDbEntity
  8
BLACK
  6
CONTINUOUS
100
AcDbLine
 10
0.4233220472440945
 20
-11.1926615748031502
 30
0
 11
0.4476940157480315
 21
-11.1926615748031502
 31
0
  0
LINE
  5
1C1
330
1B
100
AcDbEntity
  8
BLACK
  6
CONTINUOUS
100
AcDbLine
 10
0.4464754330708661
 20
-13.1636027165354328
 30
0
 11
0.4416010236220472
 21
-13.1611655118110225
 31
0
  0
LINE
  5
1C2
330
1B
100
AcDbEntity
  8
BLACK
  6
CONTINUOUS
100
AcDbLine
 10
0.4416010236220472
 20
-13.1611655118110225
 30
0
 11
0.4342894488188976
 21
-13.1611655118110225
 31
0
  0
LINE
  5
1C3
330
1B
100
AcDbEntity
  8
BLACK
  6
CONTINUOUS
100
AcDbLine
 10
0.4342894488188976
 20
-13.1611655118110225
 30
0
 11
0.426977874015748
 21
-13.1636027165354328
 31
0
  0
LINE
  5
1C4
330
1B
100
AcDbEntity
  8
BLACK
  6
CONTINUOUS
100
AcDbLine
 10
0.426977874015748
 20
-13.1636027165354328
 30
0
 11
0.4221034645669291
 21
-13.1684771259842517
 31
0
  0
LINE
  5
1C5
330
1B
100
AcDbEntity
  8
BLACK
  6
CONTINUOUS
100
AcDbLine
 10
0.4221034645669291
 20
-13.1684771259842517
 30
0
 11
0.4196662598425197
 21
-13.1733514960629918
 31
0
  0
LINE
  5
1C6
330
1B
100
AcDbEntity
  8
BLACK
  6
CONTINUOUS
100
AcDbLine
 10
0.4196662598425197
 20
-13.1733514960629918
 30
0
 11
0.417229094488189
 21
-13.1831002755905509
 31
0
  0
LINE
  5
1C7
330
1B
100
AcDbEntity
  8
BLACK
  6
CONTINUOUS
100
AcDbLine
 10
0.417229094488189
 20
-13.1831002755905509
 30
0
 11
0.417229094488189
 21
-13.1904118503937013
 31
0
  0
LINE
  5
1C8
330
1B
100
AcDbEntity
  8
BLACK
  6
CONTINUOUS
100
AcDbLine
 10
0.417229094488189
 20
-13.1904118503937013
 30
0
 11
0.4196662598425197
 21
-13.2001606299212604
 31
0
  0
LINE
  5
1C9
330
1B
100
AcDbEntity
  8
BLACK
  6
CONTINUOUS
100
AcDbLine
 10
0.4196662598425197
 20
-13.2001606299212604
 30
0
 11
0.4221034645669291
 21
-13.2050350393700793
 31
0
  0
LINE
  5
1CA
330
1B
100
AcDbEntity
  8
BLACK
  6
CONTINUOUS
100
AcDbLine
 10
0.4221034645669291
 20
-13.2050350393700793
 30
0
 11
0.426977874015748
 21
-13.2099094488188982
 31
0
  0
LINE
  5
1CB
330
1B
100
AcDbEntity
  8
BLACK
  6
CONTINUOUS
100
AcDbLine
 10
0.426977874015748
 20
-13.2099094488188982
 30
0
 11
0.4342894488188976
 21
-13.212346614173228
 31
0
  0
LINE
  5
1CC
330
1B
100
AcDbEntity
  8
BLACK
  6
CONTINUOUS
100
AcDbLine
 10
0.4342894488188976
 20
-13.212346614173228
 30
0
 11
0.4391638188976378
 21
-13.212346614173228
 31
0
  0
LINE
  5
1CD
330
1B
100
AcDbEntity
  8
BLACK
  6
CONTINUOUS
100
AcDbLine
 10
0.4391638188976378
 20
-13.212346614173228
 30
0
 11
0.4464754330708661
 21
-13.2099094488188982
 31
0
  0
LINE
  5
1CE
330
1B
100
AcDbEntity
  8
BLACK
  6
CONTINUOUS
100
AcDbLine
 10
0.4464754330708661
 20
-13.2099094488188982
 30
0
 11
0.4489125984251968
 21
-13.2074722440944878
 31
0
  0
LINE
  5
1CF
330
1B
100
AcDbEntity
  8
BLACK
  6
CONTINUOUS
100
AcDbLine
 10
0.4489125984251968
 20
-13.2074722440944878
 30
0
 11
0.4489125984251968
 21
-13.1904118503937013
 31
0
  0
LINE
  5
1D0
330
1B
100
AcDbEntity
  8
BLACK
  6
CONTINUOUS
100
AcDbLine
 10
0.4489125984251968
 20
-13.1904118503937013
 30
0
 11
0.4391638188976378
 21
-13.1904118503937013
 31
0
  0
LINE
  5
1D1
330
1B
100
AcDbEntity
  8
BLACK
  6
CONTINUOUS
100
AcDbLine
 10
0.4184476771653543
 20
-15.180850551181102
 30
0
 11
0.4184476771653543
 21
-15.1296694488188965
 31
0
  0
LINE
  5
1D2
330
1B
100
AcDbEntity
  8
BLACK
  6
CONTINUOUS
100
AcDbLine
 10
0.4184476771653543
 20
-15.1540414173228335
 30
0
 11
0.4476940157480315
 21
-15.1540414173228335
 31
0
  0
LINE
  5
1D3
330
1B
100
AcDbEntity
  8
BLACK
  6
CONTINUOUS
100
AcDbLine
 10
0.4476940157480315
 20
-15.180850551181102
 30
0
 11
0.4476940157480315
 21
-15.1296694488188965
 31
0
  0
LINE
  5
1D4
330
1B
100
AcDbEntity
  8
BLACK
  6
CONTINUOUS
100
AcDbLine
 10
22.9922992125984251
 20
-2.3622047244094486
 30
0
 11
22.9135590551181103
 21
-2.3622047244094486
 31
0
  0
LINE
  5
1D5
330
1B
100
AcDbEntity
  8
BLACK
  6
CONTINUOUS
100
AcDbLine
 10
22.9922992125984251
 20
-4.3307086614173231
 30
0
 11
22.9135590551181103
 21
-4.3307086614173231
 31
0
  0
LINE
  5
1D6
330
1B
100
AcDbEntity
  8
BLACK
  6
CONTINUOUS
100
AcDbLine
 10
22.9922992125984251
 20
-6.2992125984251963
 30
0
 11
22.9135590551181103
 21
-6.2992125984251963
 31
0
  0
LINE
  5
1D7
330
1B
100
AcDbEntity
  8
BLACK
  6
CONTINUOUS
100
AcDbLine
 10
22.9922992125984251
 20
-8.2677165354330704
 30
0
 11
22.9135590551181103
 21
-8.2677165354330704
 31
0
  0
LINE
  5
1D8
330
1B
100
AcDbEntity
  8
BLACK
  6
CONTINUOUS
100
AcDbLine
 10
22.9922992125984251
 20
-10.2362204724409445
 30
0
 11
22.9135590551181103
 21
-10.2362204724409445
 31
0
  0
LINE
  5
1D9
330
1B
100
AcDbEntity
  8
BLACK
  6
CONTINUOUS
100
AcDbLine
 10
22.9922992125984251
 20
-12.2047244094488185
 30
0
 11
22.9135590551181103
 21
-12.2047244094488185
 31
0
  0
LINE
  5
1DA
330
1B
100
AcDbEntity
  8
BLACK
  6
CONTINUOUS
100
AcDbLine
 10
22.9922992125984251
 20
-14.1732283464566926
 30
0
 11
22.9135590551181103
 21
-14.1732283464566926
 31
0
  0
LINE
  5
1DB
330
1B
100
AcDbEntity
  8
BLACK
  6
CONTINUOUS
100
AcDbLine
 10
22.9407431496062983
 20
-1.386699842519685
 30
0
 11
22.9651150787401583
 21
-1.386699842519685
 31
0
  0
LINE
  5
1DC
330
1B
100
AcDbEntity
  8
BLACK
  6
CONTINUOUS
100
AcDbLine
 10
22.9358687401574812
 20
-1.4013229921259842
 30
0
 11
22.9529290944881872
 21
-1.3501418897637796
 31
0
  0
LINE
  5
1DD
330
1B
100
AcDbEntity
  8
BLACK
  6
CONTINUOUS
100
AcDbLine
 10
22.9529290944881872
 20
-1.3501418897637796
 30
0
 11
22.9699894881889755
 21
-1.4013229921259842
 31
0
  0
LINE
  5
1DE
330
1B
100
AcDbEntity
  8
BLACK
  6
CONTINUOUS
100
AcDbLine
 10
22.956584921259843
 20
-3.3430177952755904
 30
0
 11
22.9638964960629899
 21
-3.3454549999999998
 31
0
  0
LINE
  5
1DF
330
1B
100
AcDbEntity
  8
BLACK
  6
CONTINUOUS
100
AcDbLine
 10
22.9638964960629899
 20
-3.3454549999999998
 30
0
 11
22.966333700787402
 21
-3.3478921653543305
 31
0
  0
LINE
  5
1E0
330
1B
100
AcDbEntity
  8
BLACK
  6
CONTINUOUS
100
AcDbLine
 10
22.966333700787402
 20
-3.3478921653543305
 30
0
 11
22.9687708661417318
 21
-3.3527665748031494
 31
0
  0
LINE
  5
1E1
330
1B
100
AcDbEntity
  8
BLACK
  6
CONTINUOUS
100
AcDbLine
 10
22.9687708661417318
 20
-3.3527665748031494
 30
0
 11
22.9687708661417318
 21
-3.360078149606299
 31
0
  0
LINE
  5
1E2
330
1B
100
AcDbEntity
  8
BLACK
  6
CONTINUOUS
100
AcDbLine
 10
22.9687708661417318
 20
-3.360078149606299
 30
0
 11
22.966333700787402
 21
-3.3649525590551179
 31
0
  0
LINE
  5
1E3
330
1B
100
AcDbEntity
  8
BLACK
  6
CONTINUOUS
100
AcDbLine
 10
22.966333700787402
 20
-3.3649525590551179
 30
0
 11
22.9638964960629899
 21
-3.3673897637795274
 31
0
  0
LINE
  5
1E4
330
1B
100
AcDbEntity
  8
BLACK
  6
CONTINUOUS
100
AcDbLine
 10
22.9638964960629899
 20
-3.3673897637795274
 30
0
 11
22.9590220866141728
 21
-3.3698269291338581
 31
0
  0
LINE
  5
1E5
330
1B
100
AcDbEntity
  8
BLACK
  6
CONTINUOUS
100
AcDbLine
 10
22.9590220866141728
 20
-3.3698269291338581
 30
0
 11
22.9395245275590547
 21
-3.3698269291338581
 31
0
  0
LINE
  5
1E6
330
1B
100
AcDbEntity
  8
BLACK
  6
CONTINUOUS
100
AcDbLine
 10
22.9395245275590547
 20
-3.3698269291338581
 30
0
 11
22.9395245275590547
 21
-3.3186458267716534
 31
0
  0
LINE
  5
1E7
330
1B
100
AcDbEntity
  8
BLACK
  6
CONTINUOUS
100
AcDbLine
 10
22.9395245275590547
 20
-3.3186458267716534
 30
0
 11
22.956584921259843
 21
-3.3186458267716534
 31
0
  0
LINE
  5
1E8
330
1B
100
AcDbEntity
  8
BLACK
  6
CONTINUOUS
100
AcDbLine
 10
22.956584921259843
 20
-3.3186458267716534
 30
0
 11
22.9614592913385813
 21
-3.3210830314960629
 31
0
  0
LINE
  5
1E9
330
1B
100
AcDbEntity
  8
BLACK
  6
CONTINUOUS
100
AcDbLine
 10
22.9614592913385813
 20
-3.3210830314960629
 30
0
 11
22.9638964960629899
 21
-3.3235202362204723
 31
0
  0
LINE
  5
1EA
330
1B
100
AcDbEntity
  8
BLACK
  6
CONTINUOUS
100
AcDbLine
 10
22.9638964960629899
 20
-3.3235202362204723
 30
0
 11
22.966333700787402
 21
-3.3283946062992125
 31
0
  0
LINE
  5
1EB
330
1B
100
AcDbEntity
  8
BLACK
  6
CONTINUOUS
100
AcDbLine
 10
22.966333700787402
 20
-3.3283946062992125
 30
0
 11
22.966333700787402
 21
-3.3332690157480314
 31
0
  0
LINE
  5
1EC
330
1B
100
AcDbEntity
  8
BLACK
  6
CONTINUOUS
100
AcDbLine
 10
22.966333700787402
 20
-3.3332690157480314
 30
0
 11
22.9638964960629899
 21
-3.3381433858267715
 31
0
  0
LINE
  5
1ED
330
1B
100
AcDbEntity
  8
BLACK
  6
CONTINUOUS
100
AcDbLine
 10
22.9638964960629899
 20
-3.3381433858267715
 30
0
 11
22.9614592913385813
 21
-3.340580590551181
 31
0
  0
LINE
  5
1EE
330
1B
100
AcDbEntity
  8
BLACK
  6
CONTINUOUS
100
AcDbLine
 10
22.9614592913385813
 20
-3.340580590551181
 30
0
 11
22.956584921259843
 21
-3.3430177952755904
 31
0
  0
LINE
  5
1EF
330
1B
100
AcDbEntity
  8
BLACK
  6
CONTINUOUS
100
AcDbLine
 10
22.956584921259843
 20
-3.3430177952755904
 30
0
 11
22.9395245275590547
 21
-3.3430177952755904
 31
0
  0
LINE
  5
1F0
330
1B
100
AcDbEntity
  8
BLACK
  6
CONTINUOUS
100
AcDbLine
 10
22.9687708661417318
 20
-5.3334564960629924
 30
0
 11
22.966333700787402
 21
-5.3358937007874019
 31
0
  0
LINE
  5
1F1
330
1B
100
AcDbEntity
  8
BLACK
  6
CONTINUOUS
100
AcDbLine
 10
22.966333700787402
 20
-5.3358937007874019
 30
0
 11
22.9590220866141728
 21
-5.3383308661417326
 31
0
  0
LINE
  5
1F2
330
1B
100
AcDbEntity
  8
BLACK
  6
CONTINUOUS
100
AcDbLine
 10
22.9590220866141728
 20
-5.3383308661417326
 30
0
 11
22.9541477165354308
 21
-5.3383308661417326
 31
0
  0
LINE
  5
1F3
330
1B
100
AcDbEntity
  8
BLACK
  6
CONTINUOUS
100
AcDbLine
 10
22.9541477165354308
 20
-5.3383308661417326
 30
0
 11
22.9468361417322839
 21
-5.3358937007874019
 31
0
  0
LINE
  5
1F4
330
1B
100
AcDbEntity
  8
BLACK
  6
CONTINUOUS
100
AcDbLine
 10
22.9468361417322839
 20
-5.3358937007874019
 30
0
 11
22.9419617322834632
 21
-5.331019291338583
 31
0
  0
LINE
  5
1F5
330
1B
100
AcDbEntity
  8
BLACK
  6
CONTINUOUS
100
AcDbLine
 10
22.9419617322834632
 20
-5.331019291338583
 30
0
 11
22.9395245275590547
 21
-5.3261448818897641
 31
0
  0
LINE
  5
1F6
330
1B
100
AcDbEntity
  8
BLACK
  6
CONTINUOUS
100
AcDbLine
 10
22.9395245275590547
 20
-5.3261448818897641
 30
0
 11
22.9370873622047249
 21
-5.3163961023622042
 31
0
  0
LINE
  5
1F7
330
1B
100
AcDbEntity
  8
BLACK
  6
CONTINUOUS
100
AcDbLine
 10
22.9370873622047249
 20
-5.3163961023622042
 30
0
 11
22.9370873622047249
 21
-5.3090845275590546
 31
0
  0
LINE
  5
1F8
330
1B
100
AcDbEntity
  8
BLACK
  6
CONTINUOUS
100
AcDbLine
 10
22.9370873622047249
 20
-5.3090845275590546
 30
0
 11
22.9395245275590547
 21
-5.2993357480314955
 31
0
  0
LINE
  5
1F9
330
1B
100
AcDbEntity
  8
BLACK
  6
CONTINUOUS
100
AcDbLine
 10
22.9395245275590547
 20
-5.2993357480314955
 30
0
 11
22.9419617322834632
 21
-5.2944613779527554
 31
0
  0
LINE
  5
1FA
330
1B
100
AcDbEntity
  8
BLACK
  6
CONTINUOUS
100
AcDbLine
 10
22.9419617322834632
 20
-5.2944613779527554
 30
0
 11
22.9468361417322839
 21
-5.2895869685039365
 31
0
  0
LINE
  5
1FB
330
1B
100
AcDbEntity
  8
BLACK
  6
CONTINUOUS
100
AcDbLine
 10
22.9468361417322839
 20
-5.2895869685039365
 30
0
 11
22.9541477165354308
 21
-5.2871497637795271
 31
0
  0
LINE
  5
1FC
330
1B
100
AcDbEntity
  8
BLACK
  6
CONTINUOUS
100
AcDbLine
 10
22.9541477165354308
 20
-5.2871497637795271
 30
0
 11
22.9590220866141728
 21
-5.2871497637795271
 31
0
  0
LINE
  5
1FD
330
1B
100
AcDbEntity
  8
BLACK
  6
CONTINUOUS
100
AcDbLine
 10
22.9590220866141728
 20
-5.2871497637795271
 30
0
 11
22.966333700787402
 21
-5.2895869685039365
 31
0
  0
LINE
  5
1FE
330
1B
100
AcDbEntity
  8
BLACK
  6
CONTINUOUS
100
AcDbLine
 10
22.966333700787402
 20
-5.2895869685039365
 30
0
 11
22.9687708661417318
 21
-5.292024173228346
 31
0
  0
LINE
  5
1FF
330
1B
100
AcDbEntity
  8
BLACK
  6
CONTINUOUS
100
AcDbLine
 10
22.9395245275590547
 20
-7.3068348031496058
 30
0
 11
22.9395245275590547
 21
-7.2556537007874011
 31
0
  0
LINE
  5
200
330
1B
100
AcDbEntity
  8
BLACK
  6
CONTINUOUS
100
AcDbLine
 10
22.9395245275590547
 20
-7.2556537007874011
 30
0
 11
22.9517105118110223
 21
-7.2556537007874011
 31
0
  0
LINE
  5
201
330
1B
100
AcDbEntity
  8
BLACK
  6
CONTINUOUS
100
AcDbLine
 10
22.9517105118110223
 20
-7.2556537007874011
 30
0
 11
22.9590220866141728
 21
-7.2580909055118106
 31
0
  0
LINE
  5
202
330
1B
100
AcDbEntity
  8
BLACK
  6
CONTINUOUS
100
AcDbLine
 10
22.9590220866141728
 20
-7.2580909055118106
 30
0
 11
22.9638964960629899
 21
-7.2629653149606295
 31
0
  0
LINE
  5
203
330
1B
100
AcDbEntity
  8
BLACK
  6
CONTINUOUS
100
AcDbLine
 10
22.9638964960629899
 20
-7.2629653149606295
 30
0
 11
22.966333700787402
 21
-7.2678396850393696
 31
0
  0
LINE
  5
204
330
1B
100
AcDbEntity
  8
BLACK
  6
CONTINUOUS
100
AcDbLine
 10
22.966333700787402
 20
-7.2678396850393696
 30
0
 11
22.9687708661417318
 21
-7.2775884645669286
 31
0
  0
LINE
  5
205
330
1B
100
AcDbEntity
  8
BLACK
  6
CONTINUOUS
100
AcDbLine
 10
22.9687708661417318
 20
-7.2775884645669286
 30
0
 11
22.9687708661417318
 21
-7.2849000393700782
 31
0
  0
LINE
  5
206
330
1B
100
AcDbEntity
  8
BLACK
  6
CONTINUOUS
100
AcDbLine
 10
22.9687708661417318
 20
-7.2849000393700782
 30
0
 11
22.966333700787402
 21
-7.2946488188976373
 31
0
  0
LINE
  5
207
330
1B
100
AcDbEntity
  8
BLACK
  6
CONTINUOUS
100
AcDbLine
 10
22.966333700787402
 20
-7.2946488188976373
 30
0
 11
22.9638964960629899
 21
-7.2995232283464562
 31
0
  0
LINE
  5
208
330
1B
100
AcDbEntity
  8
BLACK
  6
CONTINUOUS
100
AcDbLine
 10
22.9638964960629899
 20
-7.2995232283464562
 30
0
 11
22.9590220866141728
 21
-7.3043976377952751
 31
0
  0
LINE
  5
209
330
1B
100
AcDbEntity
  8
BLACK
  6
CONTINUOUS
100
AcDbLine
 10
22.9590220866141728
 20
-7.3043976377952751
 30
0
 11
22.9517105118110223
 21
-7.3068348031496058
 31
0
  0
LINE
  5
20A
330
1B
100
AcDbEntity
  8
BLACK
  6
CONTINUOUS
100
AcDbLine
 10
22.9517105118110223
 20
-7.3068348031496058
 30
0
 11
22.9395245275590547
 21
-7.3068348031496058
 31
0
  0
LINE
  5
20B
330
1B
100
AcDbEntity
  8
BLACK
  6
CONTINUOUS
100
AcDbLine
 10
22.9419617322834632
 20
-9.2485296062992131
 30
0
 11
22.9590221259842515
 21
-9.2485296062992131
 31
0
  0
LINE
  5
20C
330
1B
100
AcDbEntity
  8
BLACK
  6
CONTINUOUS
100
AcDbLine
 10
22.966333700787402
 20
-9.2753387401574798
 30
0
 11
22.9419617322834632
 21
-9.2753387401574798
 31
0
  0
LINE
  5
20D
330
1B
100
AcDbEntity
  8
BLACK
  6
CONTINUOUS
100
AcDbLine
 10
22.9419617322834632
 20
-9.2753387401574798
 30
0
 11
22.9419617322834632
 21
-9.2241576377952761
 31
0
  0
LINE
  5
20E
330
1B
100
AcDbEntity
  8
BLACK
  6
CONTINUOUS
100
AcDbLine
 10
22.9419617322834632
 20
-9.2241576377952761
 30
0
 11
22.966333700787402
 21
-9.2241576377952761
 31
0
  0
LINE
  5
20F
330
1B
100
AcDbEntity
  8
BLACK
  6
CONTINUOUS
100
AcDbLine
 10
22.9602407086614164
 20
-11.2170335433070871
 30
0
 11
22.9431803149606282
 21
-11.2170335433070871
 31
0
  0
LINE
  5
210
330
1B
100
AcDbEntity
  8
BLACK
  6
CONTINUOUS
100
AcDbLine
 10
22.9431803149606282
 20
-11.2438426771653539
 30
0
 11
22.9431803149606282
 21
-11.1926615748031502
 31
0
  0
LINE
  5
211
330
1B
100
AcDbEntity
  8
BLACK
  6
CONTINUOUS
100
AcDbLine
 10
22.9431803149606282
 20
-11.1926615748031502
 30
0
 11
22.9675522834645669
 21
-11.1926615748031502
 31
0
  0
LINE
  5
212
330
1B
100
AcDbEntity
  8
BLACK
  6
CONTINUOUS
100
AcDbLine
 10
22.966333700787402
 20
-13.1636027165354328
 30
0
 11
22.9614592913385813
 21
-13.1611655118110225
 31
0
  0
LINE
  5
213
330
1B
100
AcDbEntity
  8
BLACK
  6
CONTINUOUS
100
AcDbLine
 10
22.9614592913385813
 20
-13.1611655118110225
 30
0
 11
22.9541477165354308
 21
-13.1611655118110225
 31
0
  0
LINE
  5
214
330
1B
100
AcDbEntity
  8
BLACK
  6
CONTINUOUS
100
AcDbLine
 10
22.9541477165354308
 20
-13.1611655118110225
 30
0
 11
22.9468361417322839
 21
-13.1636027165354328
 31
0
  0
LINE
  5
215
330
1B
100
AcDbEntity
  8
BLACK
  6
CONTINUOUS
100
AcDbLine
 10
22.9468361417322839
 20
-13.1636027165354328
 30
0
 11
22.9419617322834632
 21
-13.1684771259842517
 31
0
  0
LINE
  5
216
330
1B
100
AcDbEntity
  8
BLACK
  6
CONTINUOUS
100
AcDbLine
 10
22.9419617322834632
 20
-13.1684771259842517
 30
0
 11
22.9395245275590547
 21
-13.1733514960629918
 31
0
  0
LINE
  5
217
330
1B
100
AcDbEntity
  8
BLACK
  6
CONTINUOUS
100
AcDbLine
 10
22.9395245275590547
 20
-13.1733514960629918
 30
0
 11
22.9370873622047249
 21
-13.1831002755905509
 31
0
  0
LINE
  5
218
330
1B
100
AcDbEntity
  8
BLACK
  6
CONTINUOUS
100
AcDbLine
 10
22.9370873622047249
 20
-13.1831002755905509
 30
0
 11
22.9370873622047249
 21
-13.1904118503937013
 31
0
  0
LINE
  5
219
330
1B
100
AcDbEntity
  8
BLACK
  6
CONTINUOUS
100
AcDbLine
 10
22.9370873622047249
 20
-13.1904118503937013
 30
0
 11
22.9395245275590547
 21
-13.2001606299212604
 31
0
  0
LINE
  5
21A
330
1B
100
AcDbEntity
  8
BLACK
  6
CONTINUOUS
100
AcDbLine
 10
22.9395245275590547
 20
-13.2001606299212604
 30
0
 11
22.9419617322834632
 21
-13.2050350393700793
 31
0
  0
LINE
  5
21B
330
1B
100
AcDbEntity
  8
BLACK
  6
CONTINUOUS
100
AcDbLine
 10
22.9419617322834632
 20
-13.2050350393700793
 30
0
 11
22.9468361417322839
 21
-13.2099094488188982
 31
0
  0
LINE
  5
21C
330
1B
100
AcDbEntity
  8
BLACK
  6
CONTINUOUS
100
AcDbLine
 10
22.9468361417322839
 20
-13.2099094488188982
 30
0
 11
22.9541477165354308
 21
-13.212346614173228
 31
0
  0
LINE
  5
21D
330
1B
100
AcDbEntity
  8
BLACK
  6
CONTINUOUS
100
AcDbLine
 10
22.9541477165354308
 20
-13.212346614173228
 30
0
 11
22.9590220866141728
 21
-13.212346614173228
 31
0
  0
LINE
  5
21E
330
1B
100
AcDbEntity
  8
BLACK
  6
CONTINUOUS
100
AcDbLine
 10
22.9590220866141728
 20
-13.212346614173228
 30
0
 11
22.966333700787402
 21
-13.2099094488188982
 31
0
  0
LINE
  5
21F
330
1B
100
AcDbEntity
  8
BLACK
  6
CONTINUOUS
100
AcDbLine
 10
22.966333700787402
 20
-13.2099094488188982
 30
0
 11
22.9687708661417318
 21
-13.2074722440944878
 31
0
  0
LINE
  5
220
330
1B
100
AcDbEntity
  8
BLACK
  6
CONTINUOUS
100
AcDbLine
 10
22.9687708661417318
 20
-13.2074722440944878
 30
0
 11
22.9687708661417318
 21
-13.1904118503937013
 31
0
  0
LINE
  5
221
330
1B
100
AcDbEntity
  8
BLACK
  6
CONTINUOUS
100
AcDbLine
 10
22.9687708661417318
 20
-13.1904118503937013
 30
0
 11
22.9590220866141728
 21
-13.1904118503937013
 31
0
  0
LINE
  5
222
330
1B
100
AcDbEntity
  8
BLACK
  6
CONTINUOUS
100
AcDbLine
 10
22.9383059448818898
 20
-15.180850551181102
 30
0
 11
22.9383059448818898
 21
-15.1296694488188965
 31
0
  0
LINE
  5
223
330
1B
100
AcDbEntity
  8
BLACK
  6
CONTINUOUS
100
AcDbLine
 10
22.9383059448818898
 20
-15.1540414173228335
 30
0
 11
22.9675522834645669
 21
-15.1540414173228335
 31
0
  0
LINE
  5
224
330
1B
100
AcDbEntity
  8
BLACK
  6
CONTINUOUS
100
AcDbLine
 10
22.9675522834645669
 20
-15.180850551181102
 30
0
 11
22.9675522834645669
 21
-15.1296694488188965
 31
0
  0
LINE
  5
225
330
1B
100
AcDbEntity
  8
BLACK
  6
CONTINUOUS
100
AcDbLine
 10
19.5850482677165338
 20
-15.8966585826771656
 30
0
 11
19.5850482677165338
 21
-15.8376034645669286
 31
0
  0
LINE
  5
226
330
1B
100
AcDbEntity
  8
BLACK
  6
CONTINUOUS
100
AcDbLine
 10
19.5850482677165338
 20
-15.8376034645669286
 30
0
 11
19.5991090157480308
 21
-15.8376034645669286
 31
0
  0
LINE
  5
227
330
1B
100
AcDbEntity
  8
BLACK
  6
CONTINUOUS
100
AcDbLine
 10
19.5991090157480308
 20
-15.8376034645669286
 30
0
 11
19.6075454724409433
 21
-15.8404156299212602
 31
0
  0
LINE
  5
228
330
1B
100
AcDbEntity
  8
BLACK
  6
CONTINUOUS
100
AcDbLine
 10
19.6075454724409433
 20
-15.8404156299212602
 30
0
 11
19.6131697637795277
 21
-15.8460399212598428
 31
0
  0
LINE
  5
229
330
1B
100
AcDbEntity
  8
BLACK
  6
CONTINUOUS
100
AcDbLine
 10
19.6131697637795277
 20
-15.8460399212598428
 30
0
 11
19.6159819291338593
 21
-15.8516642125984255
 31
0
  0
LINE
  5
22A
330
1B
100
AcDbEntity
  8
BLACK
  6
CONTINUOUS
100
AcDbLine
 10
19.6159819291338593
 20
-15.8516642125984255
 30
0
 11
19.6187940551181086
 21
-15.8629127952755908
 31
0
  0
LINE
  5
22B
330
1B
100
AcDbEntity
  8
BLACK
  6
CONTINUOUS
100
AcDbLine
 10
19.6187940551181086
 20
-15.8629127952755908
 30
0
 11
19.6187940551181086
 21
-15.8713492519685033
 31
0
  0
LINE
  5
22C
330
1B
100
AcDbEntity
  8
BLACK
  6
CONTINUOUS
100
AcDbLine
 10
19.6187940551181086
 20
-15.8713492519685033
 30
0
 11
19.6159819291338593
 21
-15.8825978346456687
 31
0
  0
LINE
  5
22D
330
1B
100
AcDbEntity
  8
BLACK
  6
CONTINUOUS
100
AcDbLine
 10
19.6159819291338593
 20
-15.8825978346456687
 30
0
 11
19.6131697637795277
 21
-15.8882221259842513
 31
0
  0
LINE
  5
22E
330
1B
100
AcDbEntity
  8
BLACK
  6
CONTINUOUS
100
AcDbLine
 10
19.6131697637795277
 20
-15.8882221259842513
 30
0
 11
19.6075454724409433
 21
-15.8938464566929127
 31
0
  0
LINE
  5
22F
330
1B
100
AcDbEntity
  8
BLACK
  6
CONTINUOUS
100
AcDbLine
 10
19.6075454724409433
 20
-15.8938464566929127
 30
0
 11
19.5991090157480308
 21
-15.8966585826771656
 31
0
  0
LINE
  5
230
330
1B
100
AcDbEntity
  8
BLACK
  6
CONTINUOUS
100
AcDbLine
 10
19.5991090157480308
 20
-15.8966585826771656
 30
0
 11
19.5850482677165338
 21
-15.8966585826771656
 31
0
  0
LINE
  5
231
330
1B
100
AcDbEntity
  8
BLACK
  6
CONTINUOUS
100
AcDbLine
 10
19.6694127559055119
 20
-15.8966585826771656
 30
0
 11
19.6694127559055119
 21
-15.8657249606299207
 31
0
  0
LINE
  5
232
330
1B
100
AcDbEntity
  8
BLACK
  6
CONTINUOUS
100
AcDbLine
 10
19.6694127559055119
 20
-15.8657249606299207
 30
0
 11
19.6666005905511803
 21
-15.860100669291338
 31
0
  0
LINE
  5
233
330
1B
100
AcDbEntity
  8
BLACK
  6
CONTINUOUS
100
AcDbLine
 10
19.6666005905511803
 20
-15.860100669291338
 30
0
 11
19.6609762992125994
 21
-15.8572885039370082
 31
0
  0
LINE
  5
234
330
1B
100
AcDbEntity
  8
BLACK
  6
CONTINUOUS
100
AcDbLine
 10
19.6609762992125994
 20
-15.8572885039370082
 30
0
 11
19.649727716535434
 21
-15.8572885039370082
 31
0
  0
LINE
  5
235
330
1B
100
AcDbEntity
  8
BLACK
  6
CONTINUOUS
100
AcDbLine
 10
19.649727716535434
 20
-15.8572885039370082
 30
0
 11
19.6441033858267708
 21
-15.860100669291338
 31
0
  0
LINE
  5
236
330
1B
100
AcDbEntity
  8
BLACK
  6
CONTINUOUS
100
AcDbLine
 10
19.6694127559055119
 20
-15.8938464566929127
 30
0
 11
19.6637884251968487
 21
-15.8966585826771656
 31
0
  0
LINE
  5
237
330
1B
100
AcDbEntity
  8
BLACK
  6
CONTINUOUS
100
AcDbLine
 10
19.6637884251968487
 20
-15.8966585826771656
 30
0
 11
19.649727716535434
 21
-15.8966585826771656
 31
0
  0
LINE
  5
238
330
1B
100
AcDbEntity
  8
BLACK
  6
CONTINUOUS
100
AcDbLine
 10
19.649727716535434
 20
-15.8966585826771656
 30
0
 11
19.6441033858267708
 21
-15.8938464566929127
 31
0
  0
LINE
  5
239
330
1B
100
AcDbEntity
  8
BLACK
  6
CONTINUOUS
100
AcDbLine
 10
19.6441033858267708
 20
-15.8938464566929127
 30
0
 11
19.641291259842518
 21
-15.8882221259842513
 31
0
  0
LINE
  5
23A
330
1B
100
AcDbEntity
  8
BLACK
  6
CONTINUOUS
100
AcDbLine
 10
19.641291259842518
 20
-15.8882221259842513
 30
0
 11
19.641291259842518
 21
-15.8825978346456687
 31
0
  0
LINE
  5
23B
330
1B
100
AcDbEntity
  8
BLACK
  6
CONTINUOUS
100
AcDbLine
 10
19.641291259842518
 20
-15.8825978346456687
 30
0
 11
19.6441033858267708
 21
-15.876973543307086
 31
0
  0
LINE
  5
23C
330
1B
100
AcDbEntity
  8
BLACK
  6
CONTINUOUS
100
AcDbLine
 10
19.6441033858267708
 20
-15.876973543307086
 30
0
 11
19.649727716535434
 21
-15.8741614173228349
 31
0
  0
LINE
  5
23D
330
1B
100
AcDbEntity
  8
BLACK
  6
CONTINUOUS
100
AcDbLine
 10
19.649727716535434
 20
-15.8741614173228349
 30
0
 11
19.6637884251968487
 21
-15.8741614173228349
 31
0
  0
LINE
  5
23E
330
1B
100
AcDbEntity
  8
BLACK
  6
CONTINUOUS
100
AcDbLine
 10
19.6637884251968487
 20
-15.8741614173228349
 30
0
 11
19.6694127559055119
 21
-15.8713492519685033
 31
0
  0
LINE
  5
23F
330
1B
100
AcDbEntity
  8
BLACK
  6
CONTINUOUS
100
AcDbLine
 10
19.6890977952755897
 20
-15.8572885039370082
 30
0
 11
19.7115949606299203
 21
-15.8572885039370082
 31
0
  0
LINE
  5
240
330
1B
100
AcDbEntity
  8
BLACK
  6
CONTINUOUS
100
AcDbLine
 10
19.6975342125984234
 20
-15.8376034645669286
 30
0
 11
19.6975342125984234
 21
-15.8882221259842513
 31
0
  0
LINE
  5
241
330
1B
100
AcDbEntity
  8
BLACK
  6
CONTINUOUS
100
AcDbLine
 10
19.6975342125984234
 20
-15.8882221259842513
 30
0
 11
19.700346377952755
 21
-15.8938464566929127
 31
0
  0
LINE
  5
242
330
1B
100
AcDbEntity
  8
BLACK
  6
CONTINUOUS
100
AcDbLine
 10
19.700346377952755
 20
-15.8938464566929127
 30
0
 11
19.7059706692913394
 21
-15.8966585826771656
 31
0
  0
LINE
  5
243
330
1B
100
AcDbEntity
  8
BLACK
  6
CONTINUOUS
100
AcDbLine
 10
19.7059706692913394
 20
-15.8966585826771656
 30
0
 11
19.7115949606299203
 21
-15.8966585826771656
 31
0
  0
LINE
  5
244
330
1B
100
AcDbEntity
  8
BLACK
  6
CONTINUOUS
100
AcDbLine
 10
19.7537772047244076
 20
-15.8938464566929127
 30
0
 11
19.7481529133858267
 21
-15.8966585826771656
 31
0
  0
LINE
  5
245
330
1B
100
AcDbEntity
  8
BLACK
  6
CONTINUOUS
100
AcDbLine
 10
19.7481529133858267
 20
-15.8966585826771656
 30
0
 11
19.7369043307086613
 21
-15.8966585826771656
 31
0
  0
LINE
  5
246
330
1B
100
AcDbEntity
  8
BLACK
  6
CONTINUOUS
100
AcDbLine
 10
19.7369043307086613
 20
-15.8966585826771656
 30
0
 11
19.7312799999999982
 21
-15.8938464566929127
 31
0
  0
LINE
  5
247
330
1B
100
AcDbEntity
  8
BLACK
  6
CONTINUOUS
100
AcDbLine
 10
19.7312799999999982
 20
-15.8938464566929127
 30
0
 11
19.7284678740157489
 21
-15.8882221259842513
 31
0
  0
LINE
  5
248
330
1B
100
AcDbEntity
  8
BLACK
  6
CONTINUOUS
100
AcDbLine
 10
19.7284678740157489
 20
-15.8882221259842513
 30
0
 11
19.7284678740157489
 21
-15.8657249606299207
 31
0
  0
LINE
  5
249
330
1B
100
AcDbEntity
  8
BLACK
  6
CONTINUOUS
100
AcDbLine
 10
19.7284678740157489
 20
-15.8657249606299207
 30
0
 11
19.7312799999999982
 21
-15.860100669291338
 31
0
  0
LINE
  5
24A
330
1B
100
AcDbEntity
  8
BLACK
  6
CONTINUOUS
100
AcDbLine
 10
19.7312799999999982
 20
-15.860100669291338
 30
0
 11
19.7369043307086613
 21
-15.8572885039370082
 31
0
  0
LINE
  5
24B
330
1B
100
AcDbEntity
  8
BLACK
  6
CONTINUOUS
100
AcDbLine
 10
19.7369043307086613
 20
-15.8572885039370082
 30
0
 11
19.7481529133858267
 21
-15.8572885039370082
 31
0
  0
LINE
  5
24C
330
1B
100
AcDbEntity
  8
BLACK
  6
CONTINUOUS
100
AcDbLine
 10
19.7481529133858267
 20
-15.8572885039370082
 30
0
 11
19.7537772047244076
 21
-15.860100669291338
 31
0
  0
LINE
  5
24D
330
1B
100
AcDbEntity
  8
BLACK
  6
CONTINUOUS
100
AcDbLine
 10
19.7537772047244076
 20
-15.860100669291338
 30
0
 11
19.7565893700787392
 21
-15.8657249606299207
 31
0
  0
LINE
  5
24E
330
1B
100
AcDbEntity
  8
BLACK
  6
CONTINUOUS
100
AcDbLine
 10
19.7565893700787392
 20
-15.8657249606299207
 30
0
 11
19.7565893700787392
 21
-15.8713492519685033
 31
0
  0
LINE
  5
24F
330
1B
100
AcDbEntity
  8
BLACK
  6
CONTINUOUS
100
AcDbLine
 10
19.7565893700787392
 20
-15.8713492519685033
 30
0
 11
19.7284678740157489
 21
-15.876973543307086
 31
0
  0
LINE
  5
250
330
1B
100
AcDbEntity
  8
BLACK
  6
CONTINUOUS
100
AcDbLine
 10
19.7818986614173227
 20
-15.8910342913385829
 30
0
 11
19.7847108267716543
 21
-15.8938464566929127
 31
0
  0
LINE
  5
251
330
1B
100
AcDbEntity
  8
BLACK
  6
CONTINUOUS
100
AcDbLine
 10
19.7847108267716543
 20
-15.8938464566929127
 30
0
 11
19.7818986614173227
 21
-15.8966585826771656
 31
0
  0
LINE
  5
252
330
1B
100
AcDbEntity
  8
BLACK
  6
CONTINUOUS
100
AcDbLine
 10
19.7818986614173227
 20
-15.8966585826771656
 30
0
 11
19.7790865354330698
 21
-15.8938464566929127
 31
0
  0
LINE
  5
253
330
1B
100
AcDbEntity
  8
BLACK
  6
CONTINUOUS
100
AcDbLine
 10
19.7790865354330698
 20
-15.8938464566929127
 30
0
 11
19.7818986614173227
 21
-15.8910342913385829
 31
0
  0
LINE
  5
254
330
1B
100
AcDbEntity
  8
BLACK
  6
CONTINUOUS
100
AcDbLine
 10
19.7818986614173227
 20
-15.8910342913385829
 30
0
 11
19.7818986614173227
 21
-15.8966585826771656
 31
0
  0
LINE
  5
255
330
1B
100
AcDbEntity
  8
BLACK
  6
CONTINUOUS
100
AcDbLine
 10
19.7818986614173227
 20
-15.860100669291338
 30
0
 11
19.7847108267716543
 21
-15.8629127952755908
 31
0
  0
LINE
  5
256
330
1B
100
AcDbEntity
  8
BLACK
  6
CONTINUOUS
100
AcDbLine
 10
19.7847108267716543
 20
-15.8629127952755908
 30
0
 11
19.7818986614173227
 21
-15.8657249606299207
 31
0
  0
LINE
  5
257
330
1B
100
AcDbEntity
  8
BLACK
  6
CONTINUOUS
100
AcDbLine
 10
19.7818986614173227
 20
-15.8657249606299207
 30
0
 11
19.7790865354330698
 21
-15.8629127952755908
 31
0
  0
LINE
  5
258
330
1B
100
AcDbEntity
  8
BLACK
  6
CONTINUOUS
100
AcDbLine
 10
19.7790865354330698
 20
-15.8629127952755908
 30
0
 11
19.7818986614173227
 21
-15.860100669291338
 31
0
  0
LINE
  5
259
330
1B
100
AcDbEntity
  8
BLACK
  6
CONTINUOUS
100
AcDbLine
 10
19.7818986614173227
 20
-15.860100669291338
 30
0
 11
19.7818986614173227
 21
-15.8657249606299207
 31
0
  0
LINE
  5
25A
330
1B
100
AcDbEntity
  8
BLACK
  6
CONTINUOUS
100
AcDbLine
 10
18.6615905511811029
 20
-15.9247637795275594
 30
0
 11
22.9135590551181103
 21
-15.9247637795275594
 31
0
  0
LINE
  5
25B
330
1B
100
AcDbEntity
  8
BLACK
  6
CONTINUOUS
100
AcDbLine
 10
18.7189065354330708
 20
-16.0068948031496063
 30
0
 11
18.7189065354330708
 21
-15.9478396850393693
 31
0
  0
LINE
  5
25C
330
1B
100
AcDbEntity
  8
BLACK
  6
CONTINUOUS
100
AcDbLine
 10
18.7526523228346456
 20
-16.0068948031496063
 30
0
 11
18.7273429921259833
 21
-15.9731490157480316
 31
0
  0
LINE
  5
25D
330
1B
100
AcDbEntity
  8
BLACK
  6
CONTINUOUS
100
AcDbLine
 10
18.7526523228346456
 20
-15.9478396850393693
 30
0
 11
18.7189065354330708
 21
-15.9815854724409441
 31
0
  0
LINE
  5
25E
330
1B
100
AcDbEntity
  8
BLACK
  6
CONTINUOUS
100
AcDbLine
 10
18.7779616535433078
 20
-16.0068948031496063
 30
0
 11
18.7779616535433078
 21
-15.9675247244094489
 31
0
  0
LINE
  5
25F
330
1B
100
AcDbEntity
  8
BLACK
  6
CONTINUOUS
100
AcDbLine
 10
18.7779616535433078
 20
-15.9478396850393693
 30
0
 11
18.775149527559055
 21
-15.9506518503937009
 31
0
  0
LINE
  5
260
330
1B
100
AcDbEntity
  8
BLACK
  6
CONTINUOUS
100
AcDbLine
 10
18.775149527559055
 20
-15.9506518503937009
 30
0
 11
18.7779616535433078
 21
-15.953463976377952
 31
0
  0
LINE
  5
261
330
1B
100
AcDbEntity
  8
BLACK
  6
CONTINUOUS
100
AcDbLine
 10
18.7779616535433078
 20
-15.953463976377952
 30
0
 11
18.7807738188976359
 21
-15.9506518503937009
 31
0
  0
LINE
  5
262
330
1B
100
AcDbEntity
  8
BLACK
  6
CONTINUOUS
100
AcDbLine
 10
18.7807738188976359
 20
-15.9506518503937009
 30
0
 11
18.7779616535433078
 21
-15.9478396850393693
 31
0
  0
LINE
  5
263
330
1B
100
AcDbEntity
  8
BLACK
  6
CONTINUOUS
100
AcDbLine
 10
18.7779616535433078
 20
-15.9478396850393693
 30
0
 11
18.7779616535433078
 21
-15.953463976377952
 31
0
  0
LINE
  5
264
330
1B
100
AcDbEntity
  8
BLACK
  6
CONTINUOUS
100
AcDbLine
 10
18.8398289370078729
 20
-16.0012705118110219
 30
0
 11
18.83701681102362
 21
-16.0040826771653535
 31
0
  0
LINE
  5
265
330
1B
100
AcDbEntity
  8
BLACK
  6
CONTINUOUS
100
AcDbLine
 10
18.83701681102362
 20
-16.0040826771653535
 30
0
 11
18.8285803543307075
 21
-16.0068948031496063
 31
0
  0
LINE
  5
266
330
1B
100
AcDbEntity
  8
BLACK
  6
CONTINUOUS
100
AcDbLine
 10
18.8285803543307075
 20
-16.0068948031496063
 30
0
 11
18.8229560629921266
 21
-16.0068948031496063
 31
0
  0
LINE
  5
267
330
1B
100
AcDbEntity
  8
BLACK
  6
CONTINUOUS
100
AcDbLine
 10
18.8229560629921266
 20
-16.0068948031496063
 30
0
 11
18.8145196062992106
 21
-16.0040826771653535
 31
0
  0
LINE
  5
268
330
1B
100
AcDbEntity
  8
BLACK
  6
CONTINUOUS
100
AcDbLine
 10
18.8145196062992106
 20
-16.0040826771653535
 30
0
 11
18.8088953149606297
 21
-15.9984583464566921
 31
0
  0
LINE
  5
269
330
1B
100
AcDbEntity
  8
BLACK
  6
CONTINUOUS
100
AcDbLine
 10
18.8088953149606297
 20
-15.9984583464566921
 30
0
 11
18.8060831496062981
 21
-15.9928340551181094
 31
0
  0
LINE
  5
26A
330
1B
100
AcDbEntity
  8
BLACK
  6
CONTINUOUS
100
AcDbLine
 10
18.8060831496062981
 20
-15.9928340551181094
 30
0
 11
18.8032710236220453
 21
-15.9815854724409441
 31
0
  0
LINE
  5
26B
330
1B
100
AcDbEntity
  8
BLACK
  6
CONTINUOUS
100
AcDbLine
 10
18.8032710236220453
 20
-15.9815854724409441
 30
0
 11
18.8032710236220453
 21
-15.9731490157480316
 31
0
  0
LINE
  5
26C
330
1B
100
AcDbEntity
  8
BLACK
  6
CONTINUOUS
100
AcDbLine
 10
18.8032710236220453
 20
-15.9731490157480316
 30
0
 11
18.8060831496062981
 21
-15.9619004330708663
 31
0
  0
LINE
  5
26D
330
1B
100
AcDbEntity
  8
BLACK
  6
CONTINUOUS
100
AcDbLine
 10
18.8060831496062981
 20
-15.9619004330708663
 30
0
 11
18.8088953149606297
 21
-15.9562761417322836
 31
0
  0
LINE
  5
26E
330
1B
100
AcDbEntity
  8
BLACK
  6
CONTINUOUS
100
AcDbLine
 10
18.8088953149606297
 20
-15.9562761417322836
 30
0
 11
18.8145196062992106
 21
-15.9506518503937009
 31
0
  0
LINE
  5
26F
330
1B
100
AcDbEntity
  8
BLACK
  6
CONTINUOUS
100
AcDbLine
 10
18.8145196062992106
 20
-15.9506518503937009
 30
0
 11
18.8229560629921266
 21
-15.9478396850393693
 31
0
  0
LINE
  5
270
330
1B
100
AcDbEntity
  8
BLACK
  6
CONTINUOUS
100
AcDbLine
 10
18.8229560629921266
 20
-15.9478396850393693
 30
0
 11
18.8285803543307075
 21
-15.9478396850393693
 31
0
  0
LINE
  5
271
330
1B
100
AcDbEntity
  8
BLACK
  6
CONTINUOUS
100
AcDbLine
 10
18.8285803543307075
 20
-15.9478396850393693
 30
0
 11
18.83701681102362
 21
-15.9506518503937009
 31
0
  0
LINE
  5
272
330
1B
100
AcDbEntity
  8
BLACK
  6
CONTINUOUS
100
AcDbLine
 10
18.83701681102362
 20
-15.9506518503937009
 30
0
 11
18.8398289370078729
 21
-15.953463976377952
 31
0
  0
LINE
  5
273
330
1B
100
AcDbEntity
  8
BLACK
  6
CONTINUOUS
100
AcDbLine
 10
18.8904476377952761
 20
-16.0068948031496063
 30
0
 11
18.8904476377952761
 21
-15.9759611811023614
 31
0
  0
LINE
  5
274
330
1B
100
AcDbEntity
  8
BLACK
  6
CONTINUOUS
100
AcDbLine
 10
18.8904476377952761
 20
-15.9759611811023614
 30
0
 11
18.8876354724409445
 21
-15.9703368897637787
 31
0
  0
LINE
  5
275
330
1B
100
AcDbEntity
  8
BLACK
  6
CONTINUOUS
100
AcDbLine
 10
18.8876354724409445
 20
-15.9703368897637787
 30
0
 11
18.8820111811023601
 21
-15.9675247244094489
 31
0
  0
LINE
  5
276
330
1B
100
AcDbEntity
  8
BLACK
  6
CONTINUOUS
100
AcDbLine
 10
18.8820111811023601
 20
-15.9675247244094489
 30
0
 11
18.8707625984251948
 21
-15.9675247244094489
 31
0
  0
LINE
  5
277
330
1B
100
AcDbEntity
  8
BLACK
  6
CONTINUOUS
100
AcDbLine
 10
18.8707625984251948
 20
-15.9675247244094489
 30
0
 11
18.8651382677165351
 21
-15.9703368897637787
 31
0
  0
LINE
  5
278
330
1B
100
AcDbEntity
  8
BLACK
  6
CONTINUOUS
100
AcDbLine
 10
18.8904476377952761
 20
-16.0040826771653535
 30
0
 11
18.8848233070866129
 21
-16.0068948031496063
 31
0
  0
LINE
  5
279
330
1B
100
AcDbEntity
  8
BLACK
  6
CONTINUOUS
100
AcDbLine
 10
18.8848233070866129
 20
-16.0068948031496063
 30
0
 11
18.8707625984251948
 21
-16.0068948031496063
 31
0
  0
LINE
  5
27A
330
1B
100
AcDbEntity
  8
BLACK
  6
CONTINUOUS
100
AcDbLine
 10
18.8707625984251948
 20
-16.0068948031496063
 30
0
 11
18.8651382677165351
 21
-16.0040826771653535
 31
0
  0
LINE
  5
27B
330
1B
100
AcDbEntity
  8
BLACK
  6
CONTINUOUS
100
AcDbLine
 10
18.8651382677165351
 20
-16.0040826771653535
 30
0
 11
18.8623261417322823
 21
-15.9984583464566921
 31
0
  0
LINE
  5
27C
330
1B
100
AcDbEntity
  8
BLACK
  6
CONTINUOUS
100
AcDbLine
 10
18.8623261417322823
 20
-15.9984583464566921
 30
0
 11
18.8623261417322823
 21
-15.9928340551181094
 31
0
  0
LINE
  5
27D
330
1B
100
AcDbEntity
  8
BLACK
  6
CONTINUOUS
100
AcDbLine
 10
18.8623261417322823
 20
-15.9928340551181094
 30
0
 11
18.8651382677165351
 21
-15.9872097637795267
 31
0
  0
LINE
  5
27E
330
1B
100
AcDbEntity
  8
BLACK
  6
CONTINUOUS
100
AcDbLine
 10
18.8651382677165351
 20
-15.9872097637795267
 30
0
 11
18.8707625984251948
 21
-15.9843976377952757
 31
0
  0
LINE
  5
27F
330
1B
100
AcDbEntity
  8
BLACK
  6
CONTINUOUS
100
AcDbLine
 10
18.8707625984251948
 20
-15.9843976377952757
 30
0
 11
18.8848233070866129
 21
-15.9843976377952757
 31
0
  0
LINE
  5
280
330
1B
100
AcDbEntity
  8
BLACK
  6
CONTINUOUS
100
AcDbLine
 10
18.8848233070866129
 20
-15.9843976377952757
 30
0
 11
18.8904476377952761
 21
-15.9815854724409441
 31
0
  0
LINE
  5
281
330
1B
100
AcDbEntity
  8
BLACK
  6
CONTINUOUS
100
AcDbLine
 10
18.9438784645669287
 20
-16.0068948031496063
 30
0
 11
18.9438784645669287
 21
-15.9478396850393693
 31
0
  0
LINE
  5
282
330
1B
100
AcDbEntity
  8
BLACK
  6
CONTINUOUS
100
AcDbLine
 10
18.9438784645669287
 20
-16.0040826771653535
 30
0
 11
18.9382541338582691
 21
-16.0068948031496063
 31
0
  0
LINE
  5
283
330
1B
100
AcDbEntity
  8
BLACK
  6
CONTINUOUS
100
AcDbLine
 10
18.9382541338582691
 20
-16.0068948031496063
 30
0
 11
18.9270055511811002
 21
-16.0068948031496063
 31
0
  0
LINE
  5
284
330
1B
100
AcDbEntity
  8
BLACK
  6
CONTINUOUS
100
AcDbLine
 10
18.9270055511811002
 20
-16.0068948031496063
 30
0
 11
18.9213812598425193
 21
-16.0040826771653535
 31
0
  0
LINE
  5
285
330
1B
100
AcDbEntity
  8
BLACK
  6
CONTINUOUS
100
AcDbLine
 10
18.9213812598425193
 20
-16.0040826771653535
 30
0
 11
18.9185690944881877
 21
-16.0012705118110219
 31
0
  0
LINE
  5
286
330
1B
100
AcDbEntity
  8
BLACK
  6
CONTINUOUS
100
AcDbLine
 10
18.9185690944881877
 20
-16.0012705118110219
 30
0
 11
18.9157569685039348
 21
-15.995646220472441
 31
0
  0
LINE
  5
287
330
1B
100
AcDbEntity
  8
BLACK
  6
CONTINUOUS
100
AcDbLine
 10
18.9157569685039348
 20
-15.995646220472441
 30
0
 11
18.9157569685039348
 21
-15.9787733070866143
 31
0
  0
LINE
  5
288
330
1B
100
AcDbEntity
  8
BLACK
  6
CONTINUOUS
100
AcDbLine
 10
18.9157569685039348
 20
-15.9787733070866143
 30
0
 11
18.9185690944881877
 21
-15.9731490157480316
 31
0
  0
LINE
  5
289
330
1B
100
AcDbEntity
  8
BLACK
  6
CONTINUOUS
100
AcDbLine
 10
18.9185690944881877
 20
-15.9731490157480316
 30
0
 11
18.9213812598425193
 21
-15.9703368897637787
 31
0
  0
LINE
  5
28A
330
1B
100
AcDbEntity
  8
BLACK
  6
CONTINUOUS
100
AcDbLine
 10
18.9213812598425193
 20
-15.9703368897637787
 30
0
 11
18.9270055511811002
 21
-15.9675247244094489
 31
0
  0
LINE
  5
28B
330
1B
100
AcDbEntity
  8
BLACK
  6
CONTINUOUS
100
AcDbLine
 10
18.9270055511811002
 20
-15.9675247244094489
 30
0
 11
18.9382541338582691
 21
-15.9675247244094489
 31
0
  0
LINE
  5
28C
330
1B
100
AcDbEntity
  8
BLACK
  6
CONTINUOUS
100
AcDbLine
 10
18.9382541338582691
 20
-15.9675247244094489
 30
0
 11
18.9438784645669287
 21
-15.9703368897637787
 31
0
  0
LINE
  5
28D
330
1B
100
AcDbEntity
  8
BLACK
  6
CONTINUOUS
100
AcDbLine
 10
19.0169942913385839
 20
-15.9759611811023614
 30
0
 11
19.0366793307086617
 21
-15.9759611811023614
 31
0
  0
LINE
  5
28E
330
1B
100
AcDbEntity
  8
BLACK
  6
CONTINUOUS
100
AcDbLine
 10
19.0451157874015742
 20
-16.0068948031496063
 30
0
 11
19.0169942913385839
 21
-16.0068948031496063
 31
0
  0
LINE
  5
28F
330
1B
100
AcDbEntity
  8
BLACK
  6
CONTINUOUS
100
AcDbLine
 10
19.0169942913385839
 20
-16.0068948031496063
 30
0
 11
19.0169942913385839
 21
-15.9478396850393693
 31
0
  0
LINE
  5
290
330
1B
100
AcDbEntity
  8
BLACK
  6
CONTINUOUS
100
AcDbLine
 10
19.0169942913385839
 20
-15.9478396850393693
 30
0
 11
19.0451157874015742
 21
-15.9478396850393693
 31
0
  0
LINE
  5
291
330
1B
100
AcDbEntity
  8
BLACK
  6
CONTINUOUS
100
AcDbLine
 10
19.0704251181102364
 20
-16.0012705118110219
 30
0
 11
19.073237283464568
 21
-16.0040826771653535
 31
0
  0
LINE
  5
292
330
1B
100
AcDbEntity
  8
BLACK
  6
CONTINUOUS
100
AcDbLine
 10
19.073237283464568
 20
-16.0040826771653535
 30
0
 11
19.0704251181102364
 21
-16.0068948031496063
 31
0
  0
LINE
  5
293
330
1B
100
AcDbEntity
  8
BLACK
  6
CONTINUOUS
100
AcDbLine
 10
19.0704251181102364
 20
-16.0068948031496063
 30
0
 11
19.0676129921259836
 21
-16.0040826771653535
 31
0
  0
LINE
  5
294
330
1B
100
AcDbEntity
  8
BLACK
  6
CONTINUOUS
100
AcDbLine
 10
19.0676129921259836
 20
-16.0040826771653535
 30
0
 11
19.0704251181102364
 21
-16.0012705118110219
 31
0
  0
LINE
  5
295
330
1B
100
AcDbEntity
  8
BLACK
  6
CONTINUOUS
100
AcDbLine
 10
19.0704251181102364
 20
-16.0012705118110219
 30
0
 11
19.0704251181102364
 21
-16.0068948031496063
 31
0
  0
LINE
  5
296
330
1B
100
AcDbEntity
  8
BLACK
  6
CONTINUOUS
100
AcDbLine
 10
19.0985466141732267
 20
-16.0068948031496063
 30
0
 11
19.0985466141732267
 21
-15.9478396850393693
 31
0
  0
LINE
  5
297
330
1B
100
AcDbEntity
  8
BLACK
  6
CONTINUOUS
100
AcDbLine
 10
19.0985466141732267
 20
-15.9478396850393693
 30
0
 11
19.1126073622047237
 21
-15.9478396850393693
 31
0
  0
LINE
  5
298
330
1B
100
AcDbEntity
  8
BLACK
  6
CONTINUOUS
100
AcDbLine
 10
19.1126073622047237
 20
-15.9478396850393693
 30
0
 11
19.1210438188976362
 21
-15.9506518503937009
 31
0
  0
LINE
  5
299
330
1B
100
AcDbEntity
  8
BLACK
  6
CONTINUOUS
100
AcDbLine
 10
19.1210438188976362
 20
-15.9506518503937009
 30
0
 11
19.1266681102362206
 21
-15.9562761417322836
 31
0
  0
LINE
  5
29A
330
1B
100
AcDbEntity
  8
BLACK
  6
CONTINUOUS
100
AcDbLine
 10
19.1266681102362206
 20
-15.9562761417322836
 30
0
 11
19.1294802755905522
 21
-15.9619004330708663
 31
0
  0
LINE
  5
29B
330
1B
100
AcDbEntity
  8
BLACK
  6
CONTINUOUS
100
AcDbLine
 10
19.1294802755905522
 20
-15.9619004330708663
 30
0
 11
19.1322924015748015
 21
-15.9731490157480316
 31
0
  0
LINE
  5
29C
330
1B
100
AcDbEntity
  8
BLACK
  6
CONTINUOUS
100
AcDbLine
 10
19.1322924015748015
 20
-15.9731490157480316
 30
0
 11
19.1322924015748015
 21
-15.9815854724409441
 31
0
  0
LINE
  5
29D
330
1B
100
AcDbEntity
  8
BLACK
  6
CONTINUOUS
100
AcDbLine
 10
19.1322924015748015
 20
-15.9815854724409441
 30
0
 11
19.1294802755905522
 21
-15.9928340551181094
 31
0
  0
LINE
  5
29E
330
1B
100
AcDbEntity
  8
BLACK
  6
CONTINUOUS
100
AcDbLine
 10
19.1294802755905522
 20
-15.9928340551181094
 30
0
 11
19.1266681102362206
 21
-15.9984583464566921
 31
0
  0
LINE
  5
29F
330
1B
100
AcDbEntity
  8
BLACK
  6
CONTINUOUS
100
AcDbLine
 10
19.1266681102362206
 20
-15.9984583464566921
 30
0
 11
19.1210438188976362
 21
-16.0040826771653535
 31
0
  0
LINE
  5
2A0
330
1B
100
AcDbEntity
  8
BLACK
  6
CONTINUOUS
100
AcDbLine
 10
19.1210438188976362
 20
-16.0040826771653535
 30
0
 11
19.1126073622047237
 21
-16.0068948031496063
 31
0
  0
LINE
  5
2A1
330
1B
100
AcDbEntity
  8
BLACK
  6
CONTINUOUS
100
AcDbLine
 10
19.1126073622047237
 20
-16.0068948031496063
 30
0
 11
19.0985466141732267
 21
-16.0068948031496063
 31
0
  0
LINE
  5
2A2
330
1B
100
AcDbEntity
  8
BLACK
  6
CONTINUOUS
100
AcDbLine
 10
19.1576017322834637
 20
-16.0012705118110219
 30
0
 11
19.1604138976377953
 21
-16.0040826771653535
 31
0
  0
LINE
  5
2A3
330
1B
100
AcDbEntity
  8
BLACK
  6
CONTINUOUS
100
AcDbLine
 10
19.1604138976377953
 20
-16.0040826771653535
 30
0
 11
19.1576017322834637
 21
-16.0068948031496063
 31
0
  0
LINE
  5
2A4
330
1B
100
AcDbEntity
  8
BLACK
  6
CONTINUOUS
100
AcDbLine
 10
19.1576017322834637
 20
-16.0068948031496063
 30
0
 11
19.1547896062992109
 21
-16.0040826771653535
 31
0
  0
LINE
  5
2A5
330
1B
100
AcDbEntity
  8
BLACK
  6
CONTINUOUS
100
AcDbLine
 10
19.1547896062992109
 20
-16.0040826771653535
 30
0
 11
19.1576017322834637
 21
-16.0012705118110219
 31
0
  0
LINE
  5
2A6
330
1B
100
AcDbEntity
  8
BLACK
  6
CONTINUOUS
100
AcDbLine
 10
19.1576017322834637
 20
-16.0012705118110219
 30
0
 11
19.1576017322834637
 21
-16.0068948031496063
 31
0
  0
LINE
  5
2A7
330
1B
100
AcDbEntity
  8
BLACK
  6
CONTINUOUS
100
AcDbLine
 10
19.1829111023622048
 20
-15.9900219291338583
 30
0
 11
19.2110325984251951
 21
-15.9900219291338583
 31
0
  0
LINE
  5
2A8
330
1B
100
AcDbEntity
  8
BLACK
  6
CONTINUOUS
100
AcDbLine
 10
19.1772868110236203
 20
-16.0068948031496063
 30
0
 11
19.1969718503937017
 21
-15.9478396850393693
 31
0
  0
LINE
  5
2A9
330
1B
100
AcDbEntity
  8
BLACK
  6
CONTINUOUS
100
AcDbLine
 10
19.1969718503937017
 20
-15.9478396850393693
 30
0
 11
19.2166568897637795
 21
-16.0068948031496063
 31
0
  0
LINE
  5
2AA
330
1B
100
AcDbEntity
  8
BLACK
  6
CONTINUOUS
100
AcDbLine
 10
19.2363418897637786
 20
-16.0012705118110219
 30
0
 11
19.2391540551181102
 21
-16.0040826771653535
 31
0
  0
LINE
  5
2AB
330
1B
100
AcDbEntity
  8
BLACK
  6
CONTINUOUS
100
AcDbLine
 10
19.2391540551181102
 20
-16.0040826771653535
 30
0
 11
19.2363418897637786
 21
-16.0068948031496063
 31
0
  0
LINE
  5
2AC
330
1B
100
AcDbEntity
  8
BLACK
  6
CONTINUOUS
100
AcDbLine
 10
19.2363418897637786
 20
-16.0068948031496063
 30
0
 11
19.2335297637795257
 21
-16.0040826771653535
 31
0
  0
LINE
  5
2AD
330
1B
100
AcDbEntity
  8
BLACK
  6
CONTINUOUS
100
AcDbLine
 10
19.2335297637795257
 20
-16.0040826771653535
 30
0
 11
19.2363418897637786
 21
-16.0012705118110219
 31
0
  0
LINE
  5
2AE
330
1B
100
AcDbEntity
  8
BLACK
  6
CONTINUOUS
100
AcDbLine
 10
19.2363418897637786
 20
-16.0012705118110219
 30
0
 11
19.2363418897637786
 21
-16.0068948031496063
 31
0
  0
LINE
  5
2AF
330
1B
100
AcDbEntity
  8
BLACK
  6
CONTINUOUS
100
AcDbLine
 10
19.3403914173228344
 20
-16.0068948031496063
 30
0
 11
19.3066456299212597
 21
-16.0068948031496063
 31
0
  0
LINE
  5
2B0
330
1B
100
AcDbEntity
  8
BLACK
  6
CONTINUOUS
100
AcDbLine
 10
19.3235185039370059
 20
-16.0068948031496063
 30
0
 11
19.3235185039370059
 21
-15.9478396850393693
 31
0
  0
LINE
  5
2B1
330
1B
100
AcDbEntity
  8
BLACK
  6
CONTINUOUS
100
AcDbLine
 10
19.3235185039370059
 20
-15.9478396850393693
 30
0
 11
19.317894212598425
 21
-15.9562761417322836
 31
0
  0
LINE
  5
2B2
330
1B
100
AcDbEntity
  8
BLACK
  6
CONTINUOUS
100
AcDbLine
 10
19.317894212598425
 20
-15.9562761417322836
 30
0
 11
19.3122699212598405
 21
-15.9619004330708663
 31
0
  0
LINE
  5
2B3
330
1B
100
AcDbEntity
  8
BLACK
  6
CONTINUOUS
100
AcDbLine
 10
19.3122699212598405
 20
-15.9619004330708663
 30
0
 11
19.3066456299212597
 21
-15.9647125984251961
 31
0
  0
LINE
  5
2B4
330
1B
100
AcDbEntity
  8
BLACK
  6
CONTINUOUS
100
AcDbLine
 10
19.376949330708662
 20
-15.9478396850393693
 30
0
 11
19.3825736220472429
 21
-15.9478396850393693
 31
0
  0
LINE
  5
2B5
330
1B
100
AcDbEntity
  8
BLACK
  6
CONTINUOUS
100
AcDbLine
 10
19.3825736220472429
 20
-15.9478396850393693
 30
0
 11
19.3881979133858273
 21
-15.9506518503937009
 31
0
  0
LINE
  5
2B6
330
1B
100
AcDbEntity
  8
BLACK
  6
CONTINUOUS
100
AcDbLine
 10
19.3881979133858273
 20
-15.9506518503937009
 30
0
 11
19.3910100787401554
 21
-15.953463976377952
 31
0
  0
LINE
  5
2B7
330
1B
100
AcDbEntity
  8
BLACK
  6
CONTINUOUS
100
AcDbLine
 10
19.3910100787401554
 20
-15.953463976377952
 30
0
 11
19.3938222047244082
 21
-15.9590882677165347
 31
0
  0
LINE
  5
2B8
330
1B
100
AcDbEntity
  8
BLACK
  6
CONTINUOUS
100
AcDbLine
 10
19.3938222047244082
 20
-15.9590882677165347
 30
0
 11
19.3966343700787398
 21
-15.9703368897637787
 31
0
  0
LINE
  5
2B9
330
1B
100
AcDbEntity
  8
BLACK
  6
CONTINUOUS
100
AcDbLine
 10
19.3966343700787398
 20
-15.9703368897637787
 30
0
 11
19.3966343700787398
 21
-15.9843976377952757
 31
0
  0
LINE
  5
2BA
330
1B
100
AcDbEntity
  8
BLACK
  6
CONTINUOUS
100
AcDbLine
 10
19.3966343700787398
 20
-15.9843976377952757
 30
0
 11
19.3938222047244082
 21
-15.995646220472441
 31
0
  0
LINE
  5
2BB
330
1B
100
AcDbEntity
  8
BLACK
  6
CONTINUOUS
100
AcDbLine
 10
19.3938222047244082
 20
-15.995646220472441
 30
0
 11
19.3910100787401554
 21
-16.0012705118110219
 31
0
  0
LINE
  5
2BC
330
1B
100
AcDbEntity
  8
BLACK
  6
CONTINUOUS
100
AcDbLine
 10
19.3910100787401554
 20
-16.0012705118110219
 30
0
 11
19.3881979133858273
 21
-16.0040826771653535
 31
0
  0
LINE
  5
2BD
330
1B
100
AcDbEntity
  8
BLACK
  6
CONTINUOUS
100
AcDbLine
 10
19.3881979133858273
 20
-16.0040826771653535
 30
0
 11
19.3825736220472429
 21
-16.0068948031496063
 31
0
  0
LINE
  5
2BE
330
1B
100
AcDbEntity
  8
BLACK
  6
CONTINUOUS
100
AcDbLine
 10
19.3825736220472429
 20
-16.0068948031496063
 30
0
 11
19.376949330708662
 21
-16.0068948031496063
 31
0
  0
LINE
  5
2BF
330
1B
100
AcDbEntity
  8
BLACK
  6
CONTINUOUS
100
AcDbLine
 10
19.376949330708662
 20
-16.0068948031496063
 30
0
 11
19.3713250393700775
 21
-16.0040826771653535
 31
0
  0
LINE
  5
2C0
330
1B
100
AcDbEntity
  8
BLACK
  6
CONTINUOUS
100
AcDbLine
 10
19.3713250393700775
 20
-16.0040826771653535
 30
0
 11
19.368512874015746
 21
-16.0012705118110219
 31
0
  0
LINE
  5
2C1
330
1B
100
AcDbEntity
  8
BLACK
  6
CONTINUOUS
100
AcDbLine
 10
19.368512874015746
 20
-16.0012705118110219
 30
0
 11
19.3657007086614179
 21
-15.995646220472441
 31
0
  0
LINE
  5
2C2
330
1B
100
AcDbEntity
  8
BLACK
  6
CONTINUOUS
100
AcDbLine
 10
19.3657007086614179
 20
-15.995646220472441
 30
0
 11
19.3628885826771651
 21
-15.9843976377952757
 31
0
  0
LINE
  5
2C3
330
1B
100
AcDbEntity
  8
BLACK
  6
CONTINUOUS
100
AcDbLine
 10
19.3628885826771651
 20
-15.9843976377952757
 30
0
 11
19.3628885826771651
 21
-15.9703368897637787
 31
0
  0
LINE
  5
2C4
330
1B
100
AcDbEntity
  8
BLACK
  6
CONTINUOUS
100
AcDbLine
 10
19.3628885826771651
 20
-15.9703368897637787
 30
0
 11
19.3657007086614179
 21
-15.9590882677165347
 31
0
  0
LINE
  5
2C5
330
1B
100
AcDbEntity
  8
BLACK
  6
CONTINUOUS
100
AcDbLine
 10
19.3657007086614179
 20
-15.9590882677165347
 30
0
 11
19.368512874015746
 21
-15.953463976377952
 31
0
  0
LINE
  5
2C6
330
1B
100
AcDbEntity
  8
BLACK
  6
CONTINUOUS
100
AcDbLine
 10
19.368512874015746
 20
-15.953463976377952
 30
0
 11
19.3713250393700775
 21
-15.9506518503937009
 31
0
  0
LINE
  5
2C7
330
1B
100
AcDbEntity
  8
BLACK
  6
CONTINUOUS
100
AcDbLine
 10
19.3713250393700775
 20
-15.9506518503937009
 30
0
 11
19.376949330708662
 21
-15.9478396850393693
 31
0
  0
LINE
  5
2C8
330
1B
100
AcDbEntity
  8
BLACK
  6
CONTINUOUS
100
AcDbLine
 10
19.4219436614173233
 20
-16.0012705118110219
 30
0
 11
19.4247558267716514
 21
-16.0040826771653535
 31
0
  0
LINE
  5
2C9
330
1B
100
AcDbEntity
  8
BLACK
  6
CONTINUOUS
100
AcDbLine
 10
19.4247558267716514
 20
-16.0040826771653535
 30
0
 11
19.4219436614173233
 21
-16.0068948031496063
 31
0
  0
LINE
  5
2CA
330
1B
100
AcDbEntity
  8
BLACK
  6
CONTINUOUS
100
AcDbLine
 10
19.4219436614173233
 20
-16.0068948031496063
 30
0
 11
19.4191315354330705
 21
-16.0040826771653535
 31
0
  0
LINE
  5
2CB
330
1B
100
AcDbEntity
  8
BLACK
  6
CONTINUOUS
100
AcDbLine
 10
19.4191315354330705
 20
-16.0040826771653535
 30
0
 11
19.4219436614173233
 21
-16.0012705118110219
 31
0
  0
LINE
  5
2CC
330
1B
100
AcDbEntity
  8
BLACK
  6
CONTINUOUS
100
AcDbLine
 10
19.4219436614173233
 20
-16.0012705118110219
 30
0
 11
19.4219436614173233
 21
-16.0068948031496063
 31
0
  0
LINE
  5
2CD
330
1B
100
AcDbEntity
  8
BLACK
  6
CONTINUOUS
100
AcDbLine
 10
19.4613137795275577
 20
-15.9478396850393693
 30
0
 11
19.4669380708661421
 21
-15.9478396850393693
 31
0
  0
LINE
  5
2CE
330
1B
100
AcDbEntity
  8
BLACK
  6
CONTINUOUS
100
AcDbLine
 10
19.4669380708661421
 20
-15.9478396850393693
 30
0
 11
19.472562362204723
 21
-15.9506518503937009
 31
0
  0
LINE
  5
2CF
330
1B
100
AcDbEntity
  8
BLACK
  6
CONTINUOUS
100
AcDbLine
 10
19.472562362204723
 20
-15.9506518503937009
 30
0
 11
19.4753745275590546
 21
-15.953463976377952
 31
0
  0
LINE
  5
2D0
330
1B
100
AcDbEntity
  8
BLACK
  6
CONTINUOUS
100
AcDbLine
 10
19.4753745275590546
 20
-15.953463976377952
 30
0
 11
19.4781866535433075
 21
-15.9590882677165347
 31
0
  0
LINE
  5
2D1
330
1B
100
AcDbEntity
  8
BLACK
  6
CONTINUOUS
100
AcDbLine
 10
19.4781866535433075
 20
-15.9590882677165347
 30
0
 11
19.4809988188976391
 21
-15.9703368897637787
 31
0
  0
LINE
  5
2D2
330
1B
100
AcDbEntity
  8
BLACK
  6
CONTINUOUS
100
AcDbLine
 10
19.4809988188976391
 20
-15.9703368897637787
 30
0
 11
19.4809988188976391
 21
-15.9843976377952757
 31
0
  0
LINE
  5
2D3
330
1B
100
AcDbEntity
  8
BLACK
  6
CONTINUOUS
100
AcDbLine
 10
19.4809988188976391
 20
-15.9843976377952757
 30
0
 11
19.4781866535433075
 21
-15.995646220472441
 31
0
  0
LINE
  5
2D4
330
1B
100
AcDbEntity
  8
BLACK
  6
CONTINUOUS
100
AcDbLine
 10
19.4781866535433075
 20
-15.995646220472441
 30
0
 11
19.4753745275590546
 21
-16.0012705118110219
 31
0
  0
LINE
  5
2D5
330
1B
100
AcDbEntity
  8
BLACK
  6
CONTINUOUS
100
AcDbLine
 10
19.4753745275590546
 20
-16.0012705118110219
 30
0
 11
19.472562362204723
 21
-16.0040826771653535
 31
0
  0
LINE
  5
2D6
330
1B
100
AcDbEntity
  8
BLACK
  6
CONTINUOUS
100
AcDbLine
 10
19.472562362204723
 20
-16.0040826771653535
 30
0
 11
19.4669380708661421
 21
-16.0068948031496063
 31
0
  0
LINE
  5
2D7
330
1B
100
AcDbEntity
  8
BLACK
  6
CONTINUOUS
100
AcDbLine
 10
19.4669380708661421
 20
-16.0068948031496063
 30
0
 11
19.4613137795275577
 21
-16.0068948031496063
 31
0
  0
LINE
  5
2D8
330
1B
100
AcDbEntity
  8
BLACK
  6
CONTINUOUS
100
AcDbLine
 10
19.4613137795275577
 20
-16.0068948031496063
 30
0
 11
19.4556894881889768
 21
-16.0040826771653535
 31
0
  0
LINE
  5
2D9
330
1B
100
AcDbEntity
  8
BLACK
  6
CONTINUOUS
100
AcDbLine
 10
19.4556894881889768
 20
-16.0040826771653535
 30
0
 11
19.4528773228346452
 21
-16.0012705118110219
 31
0
  0
LINE
  5
2DA
330
1B
100
AcDbEntity
  8
BLACK
  6
CONTINUOUS
100
AcDbLine
 10
19.4528773228346452
 20
-16.0012705118110219
 30
0
 11
19.4500651574803136
 21
-15.995646220472441
 31
0
  0
LINE
  5
2DB
330
1B
100
AcDbEntity
  8
BLACK
  6
CONTINUOUS
100
AcDbLine
 10
19.4500651574803136
 20
-15.995646220472441
 30
0
 11
19.4472530314960643
 21
-15.9843976377952757
 31
0
  0
LINE
  5
2DC
330
1B
100
AcDbEntity
  8
BLACK
  6
CONTINUOUS
100
AcDbLine
 10
19.4472530314960643
 20
-15.9843976377952757
 30
0
 11
19.4472530314960643
 21
-15.9703368897637787
 31
0
  0
LINE
  5
2DD
330
1B
100
AcDbEntity
  8
BLACK
  6
CONTINUOUS
100
AcDbLine
 10
19.4472530314960643
 20
-15.9703368897637787
 30
0
 11
19.4500651574803136
 21
-15.9590882677165347
 31
0
  0
LINE
  5
2DE
330
1B
100
AcDbEntity
  8
BLACK
  6
CONTINUOUS
100
AcDbLine
 10
19.4500651574803136
 20
-15.9590882677165347
 30
0
 11
19.4528773228346452
 21
-15.953463976377952
 31
0
  0
LINE
  5
2DF
330
1B
100
AcDbEntity
  8
BLACK
  6
CONTINUOUS
100
AcDbLine
 10
19.4528773228346452
 20
-15.953463976377952
 30
0
 11
19.4556894881889768
 21
-15.9506518503937009
 31
0
  0
LINE
  5
2E0
330
1B
100
AcDbEntity
  8
BLACK
  6
CONTINUOUS
100
AcDbLine
 10
19.4556894881889768
 20
-15.9506518503937009
 30
0
 11
19.4613137795275577
 21
-15.9478396850393693
 31
0
  0
LINE
  5
2E1
330
1B
100
AcDbEntity
  8
BLACK
  6
CONTINUOUS
100
AcDbLine
 10
19.506308110236219
 20
-16.0012705118110219
 30
0
 11
19.5091202755905506
 21
-16.0040826771653535
 31
0
  0
LINE
  5
2E2
330
1B
100
AcDbEntity
  8
BLACK
  6
CONTINUOUS
100
AcDbLine
 10
19.5091202755905506
 20
-16.0040826771653535
 30
0
 11
19.506308110236219
 21
-16.0068948031496063
 31
0
  0
LINE
  5
2E3
330
1B
100
AcDbEntity
  8
BLACK
  6
CONTINUOUS
100
AcDbLine
 10
19.506308110236219
 20
-16.0068948031496063
 30
0
 11
19.5034959842519697
 21
-16.0040826771653535
 31
0
  0
LINE
  5
2E4
330
1B
100
AcDbEntity
  8
BLACK
  6
CONTINUOUS
100
AcDbLine
 10
19.5034959842519697
 20
-16.0040826771653535
 30
0
 11
19.506308110236219
 21
-16.0012705118110219
 31
0
  0
LINE
  5
2E5
330
1B
100
AcDbEntity
  8
BLACK
  6
CONTINUOUS
100
AcDbLine
 10
19.506308110236219
 20
-16.0012705118110219
 30
0
 11
19.506308110236219
 21
-16.0068948031496063
 31
0
  0
LINE
  5
2E6
330
1B
100
AcDbEntity
  8
BLACK
  6
CONTINUOUS
100
AcDbLine
 10
19.5625511023622032
 20
-15.9478396850393693
 30
0
 11
19.5344296062992129
 21
-15.9478396850393693
 31
0
  0
LINE
  5
2E7
330
1B
100
AcDbEntity
  8
BLACK
  6
CONTINUOUS
100
AcDbLine
 10
19.5344296062992129
 20
-15.9478396850393693
 30
0
 11
19.53161748031496
 21
-15.9759611811023614
 31
0
  0
LINE
  5
2E8
330
1B
100
AcDbEntity
  8
BLACK
  6
CONTINUOUS
100
AcDbLine
 10
19.53161748031496
 20
-15.9759611811023614
 30
0
 11
19.5344296062992129
 21
-15.9731490157480316
 31
0
  0
LINE
  5
2E9
330
1B
100
AcDbEntity
  8
BLACK
  6
CONTINUOUS
100
AcDbLine
 10
19.5344296062992129
 20
-15.9731490157480316
 30
0
 11
19.5400539370078725
 21
-15.9703368897637787
 31
0
  0
LINE
  5
2EA
330
1B
100
AcDbEntity
  8
BLACK
  6
CONTINUOUS
100
AcDbLine
 10
19.5400539370078725
 20
-15.9703368897637787
 30
0
 11
19.5541146456692907
 21
-15.9703368897637787
 31
0
  0
LINE
  5
2EB
330
1B
100
AcDbEntity
  8
BLACK
  6
CONTINUOUS
100
AcDbLine
 10
19.5541146456692907
 20
-15.9703368897637787
 30
0
 11
19.5597389763779539
 21
-15.9731490157480316
 31
0
  0
LINE
  5
2EC
330
1B
100
AcDbEntity
  8
BLACK
  6
CONTINUOUS
100
AcDbLine
 10
19.5597389763779539
 20
-15.9731490157480316
 30
0
 11
19.5625511023622032
 21
-15.9759611811023614
 31
0
  0
LINE
  5
2ED
330
1B
100
AcDbEntity
  8
BLACK
  6
CONTINUOUS
100
AcDbLine
 10
19.5625511023622032
 20
-15.9759611811023614
 30
0
 11
19.5653632677165348
 21
-15.9815854724409441
 31
0
  0
LINE
  5
2EE
330
1B
100
AcDbEntity
  8
BLACK
  6
CONTINUOUS
100
AcDbLine
 10
19.5653632677165348
 20
-15.9815854724409441
 30
0
 11
19.5653632677165348
 21
-15.995646220472441
 31
0
  0
LINE
  5
2EF
330
1B
100
AcDbEntity
  8
BLACK
  6
CONTINUOUS
100
AcDbLine
 10
19.5653632677165348
 20
-15.995646220472441
 30
0
 11
19.5625511023622032
 21
-16.0012705118110219
 31
0
  0
LINE
  5
2F0
330
1B
100
AcDbEntity
  8
BLACK
  6
CONTINUOUS
100
AcDbLine
 10
19.5625511023622032
 20
-16.0012705118110219
 30
0
 11
19.5597389763779539
 21
-16.0040826771653535
 31
0
  0
LINE
  5
2F1
330
1B
100
AcDbEntity
  8
BLACK
  6
CONTINUOUS
100
AcDbLine
 10
19.5597389763779539
 20
-16.0040826771653535
 30
0
 11
19.5541146456692907
 21
-16.0068948031496063
 31
0
  0
LINE
  5
2F2
330
1B
100
AcDbEntity
  8
BLACK
  6
CONTINUOUS
100
AcDbLine
 10
19.5541146456692907
 20
-16.0068948031496063
 30
0
 11
19.5400539370078725
 21
-16.0068948031496063
 31
0
  0
LINE
  5
2F3
330
1B
100
AcDbEntity
  8
BLACK
  6
CONTINUOUS
100
AcDbLine
 10
19.5400539370078725
 20
-16.0068948031496063
 30
0
 11
19.5344296062992129
 21
-16.0040826771653535
 31
0
  0
LINE
  5
2F4
330
1B
100
AcDbEntity
  8
BLACK
  6
CONTINUOUS
100
AcDbLine
 10
19.5344296062992129
 20
-16.0040826771653535
 30
0
 11
19.53161748031496
 21
-16.0012705118110219
 31
0
  0
LINE
  5
2F5
330
1B
100
AcDbEntity
  8
BLACK
  6
CONTINUOUS
100
AcDbLine
 10
18.6615905511811029
 20
-15.8066535433070854
 30
0
 11
22.9135590551181103
 21
-15.8066535433070854
 31
0
  0
LINE
  5
2F6
330
1B
100
AcDbEntity
  8
BLACK
  6
CONTINUOUS
100
AcDbLine
 10
22.1029942125984249
 20
-15.8963514960629926
 30
0
 11
22.0833091732283471
 21
-15.8682300000000005
 31
0
  0
LINE
  5
2F7
330
1B
100
AcDbEntity
  8
BLACK
  6
CONTINUOUS
100
AcDbLine
 10
22.0692484251968501
 20
-15.8963514960629926
 30
0
 11
22.0692484251968501
 21
-15.8372963779527556
 31
0
  0
LINE
  5
2F8
330
1B
100
AcDbEntity
  8
BLACK
  6
CONTINUOUS
100
AcDbLine
 10
22.0692484251968501
 20
-15.8372963779527556
 30
0
 11
22.0917456299212596
 21
-15.8372963779527556
 31
0
  0
LINE
  5
2F9
330
1B
100
AcDbEntity
  8
BLACK
  6
CONTINUOUS
100
AcDbLine
 10
22.0917456299212596
 20
-15.8372963779527556
 30
0
 11
22.0973699212598405
 21
-15.8401085433070854
 31
0
  0
LINE
  5
2FA
330
1B
100
AcDbEntity
  8
BLACK
  6
CONTINUOUS
100
AcDbLine
 10
22.0973699212598405
 20
-15.8401085433070854
 30
0
 11
22.1001820866141721
 21
-15.8429206692913382
 31
0
  0
LINE
  5
2FB
330
1B
100
AcDbEntity
  8
BLACK
  6
CONTINUOUS
100
AcDbLine
 10
22.1001820866141721
 20
-15.8429206692913382
 30
0
 11
22.1029942125984249
 21
-15.8485449606299209
 31
0
  0
LINE
  5
2FC
330
1B
100
AcDbEntity
  8
BLACK
  6
CONTINUOUS
100
AcDbLine
 10
22.1029942125984249
 20
-15.8485449606299209
 30
0
 11
22.1029942125984249
 21
-15.8569814173228352
 31
0
  0
LINE
  5
2FD
330
1B
100
AcDbEntity
  8
BLACK
  6
CONTINUOUS
100
AcDbLine
 10
22.1029942125984249
 20
-15.8569814173228352
 30
0
 11
22.1001820866141721
 21
-15.8626057086614178
 31
0
  0
LINE
  5
2FE
330
1B
100
AcDbEntity
  8
BLACK
  6
CONTINUOUS
100
AcDbLine
 10
22.1001820866141721
 20
-15.8626057086614178
 30
0
 11
22.0973699212598405
 21
-15.8654178740157477
 31
0
  0
LINE
  5
2FF
330
1B
100
AcDbEntity
  8
BLACK
  6
CONTINUOUS
100
AcDbLine
 10
22.0973699212598405
 20
-15.8654178740157477
 30
0
 11
22.0917456299212596
 21
-15.8682300000000005
 31
0
  0
LINE
  5
300
330
1B
100
AcDbEntity
  8
BLACK
  6
CONTINUOUS
100
AcDbLine
 10
22.0917456299212596
 20
-15.8682300000000005
 30
0
 11
22.0692484251968501
 21
-15.8682300000000005
 31
0
  0
LINE
  5
301
330
1B
100
AcDbEntity
  8
BLACK
  6
CONTINUOUS
100
AcDbLine
 10
22.1508007480314966
 20
-15.8935393700787397
 30
0
 11
22.1451764566929121
 21
-15.8963514960629926
 31
0
  0
LINE
  5
302
330
1B
100
AcDbEntity
  8
BLACK
  6
CONTINUOUS
100
AcDbLine
 10
22.1451764566929121
 20
-15.8963514960629926
 30
0
 11
22.1339278740157468
 21
-15.8963514960629926
 31
0
  0
LINE
  5
303
330
1B
100
AcDbEntity
  8
BLACK
  6
CONTINUOUS
100
AcDbLine
 10
22.1339278740157468
 20
-15.8963514960629926
 30
0
 11
22.1283035433070872
 21
-15.8935393700787397
 31
0
  0
LINE
  5
304
330
1B
100
AcDbEntity
  8
BLACK
  6
CONTINUOUS
100
AcDbLine
 10
22.1283035433070872
 20
-15.8935393700787397
 30
0
 11
22.1254914173228343
 21
-15.8879150393700783
 31
0
  0
LINE
  5
305
330
1B
100
AcDbEntity
  8
BLACK
  6
CONTINUOUS
100
AcDbLine
 10
22.1254914173228343
 20
-15.8879150393700783
 30
0
 11
22.1254914173228343
 21
-15.8654178740157477
 31
0
  0
LINE
  5
306
330
1B
100
AcDbEntity
  8
BLACK
  6
CONTINUOUS
100
AcDbLine
 10
22.1254914173228343
 20
-15.8654178740157477
 30
0
 11
22.1283035433070872
 21
-15.859793582677165
 31
0
  0
LINE
  5
307
330
1B
100
AcDbEntity
  8
BLACK
  6
CONTINUOUS
100
AcDbLine
 10
22.1283035433070872
 20
-15.859793582677165
 30
0
 11
22.1339278740157468
 21
-15.8569814173228352
 31
0
  0
LINE
  5
308
330
1B
100
AcDbEntity
  8
BLACK
  6
CONTINUOUS
100
AcDbLine
 10
22.1339278740157468
 20
-15.8569814173228352
 30
0
 11
22.1451764566929121
 21
-15.8569814173228352
 31
0
  0
LINE
  5
309
330
1B
100
AcDbEntity
  8
BLACK
  6
CONTINUOUS
100
AcDbLine
 10
22.1451764566929121
 20
-15.8569814173228352
 30
0
 11
22.1508007480314966
 21
-15.859793582677165
 31
0
  0
LINE
  5
30A
330
1B
100
AcDbEntity
  8
BLACK
  6
CONTINUOUS
100
AcDbLine
 10
22.1508007480314966
 20
-15.859793582677165
 30
0
 11
22.1536129133858246
 21
-15.8654178740157477
 31
0
  0
LINE
  5
30B
330
1B
100
AcDbEntity
  8
BLACK
  6
CONTINUOUS
100
AcDbLine
 10
22.1536129133858246
 20
-15.8654178740157477
 30
0
 11
22.1536129133858246
 21
-15.8710421653543303
 31
0
  0
LINE
  5
30C
330
1B
100
AcDbEntity
  8
BLACK
  6
CONTINUOUS
100
AcDbLine
 10
22.1536129133858246
 20
-15.8710421653543303
 30
0
 11
22.1254914173228343
 21
-15.876666456692913
 31
0
  0
LINE
  5
30D
330
1B
100
AcDbEntity
  8
BLACK
  6
CONTINUOUS
100
AcDbLine
 10
22.1732979133858272
 20
-15.8569814173228352
 30
0
 11
22.1873586614173206
 21
-15.8963514960629926
 31
0
  0
LINE
  5
30E
330
1B
100
AcDbEntity
  8
BLACK
  6
CONTINUOUS
100
AcDbLine
 10
22.1873586614173206
 20
-15.8963514960629926
 30
0
 11
22.2014194094488175
 21
-15.8569814173228352
 31
0
  0
LINE
  5
30F
330
1B
100
AcDbEntity
  8
BLACK
  6
CONTINUOUS
100
AcDbLine
 10
22.2239165748031482
 20
-15.8907272047244099
 30
0
 11
22.2267287401574798
 21
-15.8935393700787397
 31
0
  0
LINE
  5
310
330
1B
100
AcDbEntity
  8
BLACK
  6
CONTINUOUS
100
AcDbLine
 10
22.2267287401574798
 20
-15.8935393700787397
 30
0
 11
22.2239165748031482
 21
-15.8963514960629926
 31
0
  0
LINE
  5
311
330
1B
100
AcDbEntity
  8
BLACK
  6
CONTINUOUS
100
AcDbLine
 10
22.2239165748031482
 20
-15.8963514960629926
 30
0
 11
22.2211044488188989
 21
-15.8935393700787397
 31
0
  0
LINE
  5
312
330
1B
100
AcDbEntity
  8
BLACK
  6
CONTINUOUS
100
AcDbLine
 10
22.2211044488188989
 20
-15.8935393700787397
 30
0
 11
22.2239165748031482
 21
-15.8907272047244099
 31
0
  0
LINE
  5
313
330
1B
100
AcDbEntity
  8
BLACK
  6
CONTINUOUS
100
AcDbLine
 10
22.2239165748031482
 20
-15.8907272047244099
 30
0
 11
22.2239165748031482
 21
-15.8963514960629926
 31
0
  0
LINE
  5
314
330
1B
100
AcDbEntity
  8
BLACK
  6
CONTINUOUS
100
AcDbLine
 10
22.2239165748031482
 20
-15.859793582677165
 30
0
 11
22.2267287401574798
 21
-15.8626057086614178
 31
0
  0
LINE
  5
315
330
1B
100
AcDbEntity
  8
BLACK
  6
CONTINUOUS
100
AcDbLine
 10
22.2267287401574798
 20
-15.8626057086614178
 30
0
 11
22.2239165748031482
 21
-15.8654178740157477
 31
0
  0
LINE
  5
316
330
1B
100
AcDbEntity
  8
BLACK
  6
CONTINUOUS
100
AcDbLine
 10
22.2239165748031482
 20
-15.8654178740157477
 30
0
 11
22.2211044488188989
 21
-15.8626057086614178
 31
0
  0
LINE
  5
317
330
1B
100
AcDbEntity
  8
BLACK
  6
CONTINUOUS
100
AcDbLine
 10
22.2211044488188989
 20
-15.8626057086614178
 30
0
 11
22.2239165748031482
 21
-15.859793582677165
 31
0
  0
LINE
  5
318
330
1B
100
AcDbEntity
  8
BLACK
  6
CONTINUOUS
100
AcDbLine
 10
22.2239165748031482
 20
-15.859793582677165
 30
0
 11
22.2239165748031482
 21
-15.8654178740157477
 31
0
  0
LINE
  5
319
330
1B
100
AcDbEntity
  8
BLACK
  6
CONTINUOUS
100
AcDbLine
 10
18.716094409448818
 20
-15.8938464566929127
 30
0
 11
18.7245308661417305
 21
-15.8966585826771656
 31
0
  0
LINE
  5
31A
330
1B
100
AcDbEntity
  8
BLACK
  6
CONTINUOUS
100
AcDbLine
 10
18.7245308661417305
 20
-15.8966585826771656
 30
0
 11
18.7385915748031486
 21
-15.8966585826771656
 31
0
  0
LINE
  5
31B
330
1B
100
AcDbEntity
  8
BLACK
  6
CONTINUOUS
100
AcDbLine
 10
18.7385915748031486
 20
-15.8966585826771656
 30
0
 11
18.7442159055118118
 21
-15.8938464566929127
 31
0
  0
LINE
  5
31C
330
1B
100
AcDbEntity
  8
BLACK
  6
CONTINUOUS
100
AcDbLine
 10
18.7442159055118118
 20
-15.8938464566929127
 30
0
 11
18.7470280314960611
 21
-15.8910342913385829
 31
0
  0
LINE
  5
31D
330
1B
100
AcDbEntity
  8
BLACK
  6
CONTINUOUS
100
AcDbLine
 10
18.7470280314960611
 20
-15.8910342913385829
 30
0
 11
18.7498401968503927
 21
-15.8854100000000003
 31
0
  0
LINE
  5
31E
330
1B
100
AcDbEntity
  8
BLACK
  6
CONTINUOUS
100
AcDbLine
 10
18.7498401968503927
 20
-15.8854100000000003
 30
0
 11
18.7498401968503927
 21
-15.8797857086614176
 31
0
  0
LINE
  5
31F
330
1B
100
AcDbEntity
  8
BLACK
  6
CONTINUOUS
100
AcDbLine
 10
18.7498401968503927
 20
-15.8797857086614176
 30
0
 11
18.7470280314960611
 21
-15.8741614173228349
 31
0
  0
LINE
  5
320
330
1B
100
AcDbEntity
  8
BLACK
  6
CONTINUOUS
100
AcDbLine
 10
18.7470280314960611
 20
-15.8741614173228349
 30
0
 11
18.7442159055118118
 21
-15.8713492519685033
 31
0
  0
LINE
  5
321
330
1B
100
AcDbEntity
  8
BLACK
  6
CONTINUOUS
100
AcDbLine
 10
18.7442159055118118
 20
-15.8713492519685033
 30
0
 11
18.7385915748031486
 21
-15.8685370866141735
 31
0
  0
LINE
  5
322
330
1B
100
AcDbEntity
  8
BLACK
  6
CONTINUOUS
100
AcDbLine
 10
18.7385915748031486
 20
-15.8685370866141735
 30
0
 11
18.7273429921259833
 21
-15.8657249606299207
 31
0
  0
LINE
  5
323
330
1B
100
AcDbEntity
  8
BLACK
  6
CONTINUOUS
100
AcDbLine
 10
18.7273429921259833
 20
-15.8657249606299207
 30
0
 11
18.7217187007874024
 21
-15.8629127952755908
 31
0
  0
LINE
  5
324
330
1B
100
AcDbEntity
  8
BLACK
  6
CONTINUOUS
100
AcDbLine
 10
18.7217187007874024
 20
-15.8629127952755908
 30
0
 11
18.7189065354330708
 21
-15.860100669291338
 31
0
  0
LINE
  5
325
330
1B
100
AcDbEntity
  8
BLACK
  6
CONTINUOUS
100
AcDbLine
 10
18.7189065354330708
 20
-15.860100669291338
 30
0
 11
18.716094409448818
 21
-15.8544763779527553
 31
0
  0
LINE
  5
326
330
1B
100
AcDbEntity
  8
BLACK
  6
CONTINUOUS
100
AcDbLine
 10
18.716094409448818
 20
-15.8544763779527553
 30
0
 11
18.716094409448818
 21
-15.8488520472440939
 31
0
  0
LINE
  5
327
330
1B
100
AcDbEntity
  8
BLACK
  6
CONTINUOUS
100
AcDbLine
 10
18.716094409448818
 20
-15.8488520472440939
 30
0
 11
18.7189065354330708
 21
-15.8432277559055112
 31
0
  0
LINE
  5
328
330
1B
100
AcDbEntity
  8
BLACK
  6
CONTINUOUS
100
AcDbLine
 10
18.7189065354330708
 20
-15.8432277559055112
 30
0
 11
18.7217187007874024
 21
-15.8404156299212602
 31
0
  0
LINE
  5
329
330
1B
100
AcDbEntity
  8
BLACK
  6
CONTINUOUS
100
AcDbLine
 10
18.7217187007874024
 20
-15.8404156299212602
 30
0
 11
18.7273429921259833
 21
-15.8376034645669286
 31
0
  0
LINE
  5
32A
330
1B
100
AcDbEntity
  8
BLACK
  6
CONTINUOUS
100
AcDbLine
 10
18.7273429921259833
 20
-15.8376034645669286
 30
0
 11
18.7414037401574802
 21
-15.8376034645669286
 31
0
  0
LINE
  5
32B
330
1B
100
AcDbEntity
  8
BLACK
  6
CONTINUOUS
100
AcDbLine
 10
18.7414037401574802
 20
-15.8376034645669286
 30
0
 11
18.7498401968503927
 21
-15.8404156299212602
 31
0
  0
LINE
  5
32C
330
1B
100
AcDbEntity
  8
BLACK
  6
CONTINUOUS
100
AcDbLine
 10
18.7751494881889762
 20
-15.8966585826771656
 30
0
 11
18.7751494881889762
 21
-15.8572885039370082
 31
0
  0
LINE
  5
32D
330
1B
100
AcDbEntity
  8
BLACK
  6
CONTINUOUS
100
AcDbLine
 10
18.7751494881889762
 20
-15.8376034645669286
 30
0
 11
18.7723373622047234
 21
-15.8404156299212602
 31
0
  0
LINE
  5
32E
330
1B
100
AcDbEntity
  8
BLACK
  6
CONTINUOUS
100
AcDbLine
 10
18.7723373622047234
 20
-15.8404156299212602
 30
0
 11
18.7751494881889762
 21
-15.8432277559055112
 31
0
  0
LINE
  5
32F
330
1B
100
AcDbEntity
  8
BLACK
  6
CONTINUOUS
100
AcDbLine
 10
18.7751494881889762
 20
-15.8432277559055112
 30
0
 11
18.7779616535433078
 21
-15.8404156299212602
 31
0
  0
LINE
  5
330
330
1B
100
AcDbEntity
  8
BLACK
  6
CONTINUOUS
100
AcDbLine
 10
18.7779616535433078
 20
-15.8404156299212602
 30
0
 11
18.7751494881889762
 21
-15.8376034645669286
 31
0
  0
LINE
  5
331
330
1B
100
AcDbEntity
  8
BLACK
  6
CONTINUOUS
100
AcDbLine
 10
18.7751494881889762
 20
-15.8376034645669286
 30
0
 11
18.7751494881889762
 21
-15.8432277559055112
 31
0
  0
LINE
  5
332
330
1B
100
AcDbEntity
  8
BLACK
  6
CONTINUOUS
100
AcDbLine
 10
18.7976466929133856
 20
-15.8572885039370082
 30
0
 11
18.8285803543307075
 21
-15.8572885039370082
 31
0
  0
LINE
  5
333
330
1B
100
AcDbEntity
  8
BLACK
  6
CONTINUOUS
100
AcDbLine
 10
18.8285803543307075
 20
-15.8572885039370082
 30
0
 11
18.7976466929133856
 21
-15.8966585826771656
 31
0
  0
LINE
  5
334
330
1B
100
AcDbEntity
  8
BLACK
  6
CONTINUOUS
100
AcDbLine
 10
18.7976466929133856
 20
-15.8966585826771656
 30
0
 11
18.8285803543307075
 21
-15.8966585826771656
 31
0
  0
LINE
  5
335
330
1B
100
AcDbEntity
  8
BLACK
  6
CONTINUOUS
100
AcDbLine
 10
18.8735747244094476
 20
-15.8938464566929127
 30
0
 11
18.8679504330708667
 21
-15.8966585826771656
 31
0
  0
LINE
  5
336
330
1B
100
AcDbEntity
  8
BLACK
  6
CONTINUOUS
100
AcDbLine
 10
18.8679504330708667
 20
-15.8966585826771656
 30
0
 11
18.8567018503937014
 21
-15.8966585826771656
 31
0
  0
LINE
  5
337
330
1B
100
AcDbEntity
  8
BLACK
  6
CONTINUOUS
100
AcDbLine
 10
18.8567018503937014
 20
-15.8966585826771656
 30
0
 11
18.8510775196850382
 21
-15.8938464566929127
 31
0
  0
LINE
  5
338
330
1B
100
AcDbEntity
  8
BLACK
  6
CONTINUOUS
100
AcDbLine
 10
18.8510775196850382
 20
-15.8938464566929127
 30
0
 11
18.8482653937007854
 21
-15.8882221259842513
 31
0
  0
LINE
  5
339
330
1B
100
AcDbEntity
  8
BLACK
  6
CONTINUOUS
100
AcDbLine
 10
18.8482653937007854
 20
-15.8882221259842513
 30
0
 11
18.8482653937007854
 21
-15.8657249606299207
 31
0
  0
LINE
  5
33A
330
1B
100
AcDbEntity
  8
BLACK
  6
CONTINUOUS
100
AcDbLine
 10
18.8482653937007854
 20
-15.8657249606299207
 30
0
 11
18.8510775196850382
 21
-15.860100669291338
 31
0
  0
LINE
  5
33B
330
1B
100
AcDbEntity
  8
BLACK
  6
CONTINUOUS
100
AcDbLine
 10
18.8510775196850382
 20
-15.860100669291338
 30
0
 11
18.8567018503937014
 21
-15.8572885039370082
 31
0
  0
LINE
  5
33C
330
1B
100
AcDbEntity
  8
BLACK
  6
CONTINUOUS
100
AcDbLine
 10
18.8567018503937014
 20
-15.8572885039370082
 30
0
 11
18.8679504330708667
 21
-15.8572885039370082
 31
0
  0
LINE
  5
33D
330
1B
100
AcDbEntity
  8
BLACK
  6
CONTINUOUS
100
AcDbLine
 10
18.8679504330708667
 20
-15.8572885039370082
 30
0
 11
18.8735747244094476
 21
-15.860100669291338
 31
0
  0
LINE
  5
33E
330
1B
100
AcDbEntity
  8
BLACK
  6
CONTINUOUS
100
AcDbLine
 10
18.8735747244094476
 20
-15.860100669291338
 30
0
 11
18.8763868897637792
 21
-15.8657249606299207
 31
0
  0
LINE
  5
33F
330
1B
100
AcDbEntity
  8
BLACK
  6
CONTINUOUS
100
AcDbLine
 10
18.8763868897637792
 20
-15.8657249606299207
 30
0
 11
18.8763868897637792
 21
-15.8713492519685033
 31
0
  0
LINE
  5
340
330
1B
100
AcDbEntity
  8
BLACK
  6
CONTINUOUS
100
AcDbLine
 10
18.8763868897637792
 20
-15.8713492519685033
 30
0
 11
18.8482653937007854
 21
-15.876973543307086
 31
0
  0
LINE
  5
341
330
1B
100
AcDbEntity
  8
BLACK
  6
CONTINUOUS
100
AcDbLine
 10
18.9016961811023627
 20
-15.8910342913385829
 30
0
 11
18.9045083464566908
 21
-15.8938464566929127
 31
0
  0
LINE
  5
342
330
1B
100
AcDbEntity
  8
BLACK
  6
CONTINUOUS
100
AcDbLine
 10
18.9045083464566908
 20
-15.8938464566929127
 30
0
 11
18.9016961811023627
 21
-15.8966585826771656
 31
0
  0
LINE
  5
343
330
1B
100
AcDbEntity
  8
BLACK
  6
CONTINUOUS
100
AcDbLine
 10
18.9016961811023627
 20
-15.8966585826771656
 30
0
 11
18.8988840551181099
 21
-15.8938464566929127
 31
0
  0
LINE
  5
344
330
1B
100
AcDbEntity
  8
BLACK
  6
CONTINUOUS
100
AcDbLine
 10
18.8988840551181099
 20
-15.8938464566929127
 30
0
 11
18.9016961811023627
 21
-15.8910342913385829
 31
0
  0
LINE
  5
345
330
1B
100
AcDbEntity
  8
BLACK
  6
CONTINUOUS
100
AcDbLine
 10
18.9016961811023627
 20
-15.8910342913385829
 30
0
 11
18.9016961811023627
 21
-15.8966585826771656
 31
0
  0
LINE
  5
346
330
1B
100
AcDbEntity
  8
BLACK
  6
CONTINUOUS
100
AcDbLine
 10
18.9016961811023627
 20
-15.860100669291338
 30
0
 11
18.9045083464566908
 21
-15.8629127952755908
 31
0
  0
LINE
  5
347
330
1B
100
AcDbEntity
  8
BLACK
  6
CONTINUOUS
100
AcDbLine
 10
18.9045083464566908
 20
-15.8629127952755908
 30
0
 11
18.9016961811023627
 21
-15.8657249606299207
 31
0
  0
LINE
  5
348
330
1B
100
AcDbEntity
  8
BLACK
  6
CONTINUOUS
100
AcDbLine
 10
18.9016961811023627
 20
-15.8657249606299207
 30
0
 11
18.8988840551181099
 21
-15.8629127952755908
 31
0
  0
LINE
  5
349
330
1B
100
AcDbEntity
  8
BLACK
  6
CONTINUOUS
100
AcDbLine
 10
18.8988840551181099
 20
-15.8629127952755908
 30
0
 11
18.9016961811023627
 21
-15.860100669291338
 31
0
  0
LINE
  5
34A
330
1B
100
AcDbEntity
  8
BLACK
  6
CONTINUOUS
100
AcDbLine
 10
18.9016961811023627
 20
-15.860100669291338
 30
0
 11
18.9016961811023627
 21
-15.8657249606299207
 31
0
  0
LINE
  5
34B
330
1B
100
AcDbEntity
  8
BLACK
  6
CONTINUOUS
100
AcDbLine
 10
18.9719999212598438
 20
-15.8797857086614176
 30
0
 11
19.0001214173228341
 21
-15.8797857086614176
 31
0
  0
LINE
  5
34C
330
1B
100
AcDbEntity
  8
BLACK
  6
CONTINUOUS
100
AcDbLine
 10
18.9663756299212594
 20
-15.8966585826771656
 30
0
 11
18.9860606692913372
 21
-15.8376034645669286
 31
0
  0
LINE
  5
34D
330
1B
100
AcDbEntity
  8
BLACK
  6
CONTINUOUS
100
AcDbLine
 10
18.9860606692913372
 20
-15.8376034645669286
 30
0
 11
19.0057457086614185
 21
-15.8966585826771656
 31
0
  0
LINE
  5
34E
330
1B
100
AcDbEntity
  8
BLACK
  6
CONTINUOUS
100
AcDbLine
 10
19.0226185826771648
 20
-15.8432277559055112
 30
0
 11
19.0254307086614176
 21
-15.8404156299212602
 31
0
  0
LINE
  5
34F
330
1B
100
AcDbEntity
  8
BLACK
  6
CONTINUOUS
100
AcDbLine
 10
19.0254307086614176
 20
-15.8404156299212602
 30
0
 11
19.0310550393700773
 21
-15.8376034645669286
 31
0
  0
LINE
  5
350
330
1B
100
AcDbEntity
  8
BLACK
  6
CONTINUOUS
100
AcDbLine
 10
19.0310550393700773
 20
-15.8376034645669286
 30
0
 11
19.0451157480314954
 21
-15.8376034645669286
 31
0
  0
LINE
  5
351
330
1B
100
AcDbEntity
  8
BLACK
  6
CONTINUOUS
100
AcDbLine
 10
19.0451157480314954
 20
-15.8376034645669286
 30
0
 11
19.0507400787401586
 21
-15.8404156299212602
 31
0
  0
LINE
  5
352
330
1B
100
AcDbEntity
  8
BLACK
  6
CONTINUOUS
100
AcDbLine
 10
19.0507400787401586
 20
-15.8404156299212602
 30
0
 11
19.0535522047244079
 21
-15.8432277559055112
 31
0
  0
LINE
  5
353
330
1B
100
AcDbEntity
  8
BLACK
  6
CONTINUOUS
100
AcDbLine
 10
19.0535522047244079
 20
-15.8432277559055112
 30
0
 11
19.0563643700787395
 21
-15.8488520472440939
 31
0
  0
LINE
  5
354
330
1B
100
AcDbEntity
  8
BLACK
  6
CONTINUOUS
100
AcDbLine
 10
19.0563643700787395
 20
-15.8488520472440939
 30
0
 11
19.0563643700787395
 21
-15.8544763779527553
 31
0
  0
LINE
  5
355
330
1B
100
AcDbEntity
  8
BLACK
  6
CONTINUOUS
100
AcDbLine
 10
19.0563643700787395
 20
-15.8544763779527553
 30
0
 11
19.0535522047244079
 21
-15.8629127952755908
 31
0
  0
LINE
  5
356
330
1B
100
AcDbEntity
  8
BLACK
  6
CONTINUOUS
100
AcDbLine
 10
19.0535522047244079
 20
-15.8629127952755908
 30
0
 11
19.0198064173228332
 21
-15.8966585826771656
 31
0
  0
LINE
  5
357
330
1B
100
AcDbEntity
  8
BLACK
  6
CONTINUOUS
100
AcDbLine
 10
19.0198064173228332
 20
-15.8966585826771656
 30
0
 11
19.0563643700787395
 21
-15.8966585826771656
 31
0
  0
LINE
  5
358
330
1B
100
AcDbEntity
  8
BLACK
  6
CONTINUOUS
100
AcDbLine
 10
22.065363228346456
 20
-16.0068948031496063
 30
0
 11
22.065363228346456
 21
-15.9478396850393693
 31
0
  0
LINE
  5
359
330
1B
100
AcDbEntity
  8
BLACK
  6
CONTINUOUS
100
AcDbLine
 10
22.1187940944881873
 20
-16.0068948031496063
 30
0
 11
22.1187940944881873
 21
-15.9478396850393693
 31
0
  0
LINE
  5
35A
330
1B
100
AcDbEntity
  8
BLACK
  6
CONTINUOUS
100
AcDbLine
 10
22.1187940944881873
 20
-16.0040826771653535
 30
0
 11
22.1131697637795277
 21
-16.0068948031496063
 31
0
  0
LINE
  5
35B
330
1B
100
AcDbEntity
  8
BLACK
  6
CONTINUOUS
100
AcDbLine
 10
22.1131697637795277
 20
-16.0068948031496063
 30
0
 11
22.1019211811023624
 21
-16.0068948031496063
 31
0
  0
LINE
  5
35C
330
1B
100
AcDbEntity
  8
BLACK
  6
CONTINUOUS
100
AcDbLine
 10
22.1019211811023624
 20
-16.0068948031496063
 30
0
 11
22.0962968897637779
 21
-16.0040826771653535
 31
0
  0
LINE
  5
35D
330
1B
100
AcDbEntity
  8
BLACK
  6
CONTINUOUS
100
AcDbLine
 10
22.0962968897637779
 20
-16.0040826771653535
 30
0
 11
22.0934847244094499
 21
-16.0012705118110219
 31
0
  0
LINE
  5
35E
330
1B
100
AcDbEntity
  8
BLACK
  6
CONTINUOUS
100
AcDbLine
 10
22.0934847244094499
 20
-16.0012705118110219
 30
0
 11
22.090672598425197
 21
-15.995646220472441
 31
0
  0
LINE
  5
35F
330
1B
100
AcDbEntity
  8
BLACK
  6
CONTINUOUS
100
AcDbLine
 10
22.090672598425197
 20
-15.995646220472441
 30
0
 11
22.090672598425197
 21
-15.9787733070866143
 31
0
  0
LINE
  5
360
330
1B
100
AcDbEntity
  8
BLACK
  6
CONTINUOUS
100
AcDbLine
 10
22.090672598425197
 20
-15.9787733070866143
 30
0
 11
22.0934847244094499
 21
-15.9731490157480316
 31
0
  0
LINE
  5
361
330
1B
100
AcDbEntity
  8
BLACK
  6
CONTINUOUS
100
AcDbLine
 10
22.0934847244094499
 20
-15.9731490157480316
 30
0
 11
22.0962968897637779
 21
-15.9703368897637787
 31
0
  0
LINE
  5
362
330
1B
100
AcDbEntity
  8
BLACK
  6
CONTINUOUS
100
AcDbLine
 10
22.0962968897637779
 20
-15.9703368897637787
 30
0
 11
22.1019211811023624
 21
-15.9675247244094489
 31
0
  0
LINE
  5
363
330
1B
100
AcDbEntity
  8
BLACK
  6
CONTINUOUS
100
AcDbLine
 10
22.1019211811023624
 20
-15.9675247244094489
 30
0
 11
22.1131697637795277
 21
-15.9675247244094489
 31
0
  0
LINE
  5
364
330
1B
100
AcDbEntity
  8
BLACK
  6
CONTINUOUS
100
AcDbLine
 10
22.1131697637795277
 20
-15.9675247244094489
 30
0
 11
22.1187940944881873
 21
-15.9703368897637787
 31
0
  0
LINE
  5
365
330
1B
100
AcDbEntity
  8
BLACK
  6
CONTINUOUS
100
AcDbLine
 10
22.1469155511811024
 20
-16.0012705118110219
 30
0
 11
22.149727716535434
 21
-16.0040826771653535
 31
0
  0
LINE
  5
366
330
1B
100
AcDbEntity
  8
BLACK
  6
CONTINUOUS
100
AcDbLine
 10
22.149727716535434
 20
-16.0040826771653535
 30
0
 11
22.1469155511811024
 21
-16.0068948031496063
 31
0
  0
LINE
  5
367
330
1B
100
AcDbEntity
  8
BLACK
  6
CONTINUOUS
100
AcDbLine
 10
22.1469155511811024
 20
-16.0068948031496063
 30
0
 11
22.1441034251968496
 21
-16.0040826771653535
 31
0
  0
LINE
  5
368
330
1B
100
AcDbEntity
  8
BLACK
  6
CONTINUOUS
100
AcDbLine
 10
22.1441034251968496
 20
-16.0040826771653535
 30
0
 11
22.1469155511811024
 21
-16.0012705118110219
 31
0
  0
LINE
  5
369
330
1B
100
AcDbEntity
  8
BLACK
  6
CONTINUOUS
100
AcDbLine
 10
22.1469155511811024
 20
-16.0012705118110219
 30
0
 11
22.1469155511811024
 21
-16.0068948031496063
 31
0
  0
LINE
  5
36A
330
1B
100
AcDbEntity
  8
BLACK
  6
CONTINUOUS
100
AcDbLine
 10
22.1469155511811024
 20
-15.9703368897637787
 30
0
 11
22.149727716535434
 21
-15.9731490157480316
 31
0
  0
LINE
  5
36B
330
1B
100
AcDbEntity
  8
BLACK
  6
CONTINUOUS
100
AcDbLine
 10
22.149727716535434
 20
-15.9731490157480316
 30
0
 11
22.1469155511811024
 21
-15.9759611811023614
 31
0
  0
LINE
  5
36C
330
1B
100
AcDbEntity
  8
BLACK
  6
CONTINUOUS
100
AcDbLine
 10
22.1469155511811024
 20
-15.9759611811023614
 30
0
 11
22.1441034251968496
 21
-15.9731490157480316
 31
0
  0
LINE
  5
36D
330
1B
100
AcDbEntity
  8
BLACK
  6
CONTINUOUS
100
AcDbLine
 10
22.1441034251968496
 20
-15.9731490157480316
 30
0
 11
22.1469155511811024
 21
-15.9703368897637787
 31
0
  0
LINE
  5
36E
330
1B
100
AcDbEntity
  8
BLACK
  6
CONTINUOUS
100
AcDbLine
 10
22.1469155511811024
 20
-15.9703368897637787
 30
0
 11
22.1469155511811024
 21
-15.9759611811023614
 31
0
  0
LINE
  5
36F
330
1B
100
AcDbEntity
  8
BLACK
  6
CONTINUOUS
100
AcDbLine
 10
22.2172192913385835
 20
-15.953463976377952
 30
0
 11
22.2200314173228328
 21
-15.9506518503937009
 31
0
  0
LINE
  5
370
330
1B
100
AcDbEntity
  8
BLACK
  6
CONTINUOUS
100
AcDbLine
 10
22.2200314173228328
 20
-15.9506518503937009
 30
0
 11
22.225655748031496
 21
-15.9478396850393693
 31
0
  0
LINE
  5
371
330
1B
100
AcDbEntity
  8
BLACK
  6
CONTINUOUS
100
AcDbLine
 10
22.225655748031496
 20
-15.9478396850393693
 30
0
 11
22.2397164566929142
 21
-15.9478396850393693
 31
0
  0
LINE
  5
372
330
1B
100
AcDbEntity
  8
BLACK
  6
CONTINUOUS
100
AcDbLine
 10
22.2397164566929142
 20
-15.9478396850393693
 30
0
 11
22.2453407874015738
 21
-15.9506518503937009
 31
0
  0
LINE
  5
373
330
1B
100
AcDbEntity
  8
BLACK
  6
CONTINUOUS
100
AcDbLine
 10
22.2453407874015738
 20
-15.9506518503937009
 30
0
 11
22.2481529133858267
 21
-15.953463976377952
 31
0
  0
LINE
  5
374
330
1B
100
AcDbEntity
  8
BLACK
  6
CONTINUOUS
100
AcDbLine
 10
22.2481529133858267
 20
-15.953463976377952
 30
0
 11
22.2509650787401583
 21
-15.9590882677165347
 31
0
  0
LINE
  5
375
330
1B
100
AcDbEntity
  8
BLACK
  6
CONTINUOUS
100
AcDbLine
 10
22.2509650787401583
 20
-15.9590882677165347
 30
0
 11
22.2509650787401583
 21
-15.9647125984251961
 31
0
  0
LINE
  5
376
330
1B
100
AcDbEntity
  8
BLACK
  6
CONTINUOUS
100
AcDbLine
 10
22.2509650787401583
 20
-15.9647125984251961
 30
0
 11
22.2481529133858267
 21
-15.9731490157480316
 31
0
  0
LINE
  5
377
330
1B
100
AcDbEntity
  8
BLACK
  6
CONTINUOUS
100
AcDbLine
 10
22.2481529133858267
 20
-15.9731490157480316
 30
0
 11
22.2144071259842519
 21
-16.0068948031496063
 31
0
  0
LINE
  5
378
330
1B
100
AcDbEntity
  8
BLACK
  6
CONTINUOUS
100
AcDbLine
 10
22.2144071259842519
 20
-16.0068948031496063
 30
0
 11
22.2509650787401583
 21
-16.0068948031496063
 31
0
  0
LINE
  5
379
330
1B
100
AcDbEntity
  8
BLACK
  6
CONTINUOUS
100
AcDbLine
 10
22.318456614173229
 20
-15.9450275590551183
 30
0
 11
22.2678379527559045
 21
-16.0209555511811033
 31
0
  0
LINE
  5
37A
330
1B
100
AcDbEntity
  8
BLACK
  6
CONTINUOUS
100
AcDbLine
 10
22.335329527559054
 20
-15.953463976377952
 30
0
 11
22.3381416535433068
 21
-15.9506518503937009
 31
0
  0
LINE
  5
37B
330
1B
100
AcDbEntity
  8
BLACK
  6
CONTINUOUS
100
AcDbLine
 10
22.3381416535433068
 20
-15.9506518503937009
 30
0
 11
22.3437659842519665
 21
-15.9478396850393693
 31
0
  0
LINE
  5
37C
330
1B
100
AcDbEntity
  8
BLACK
  6
CONTINUOUS
100
AcDbLine
 10
22.3437659842519665
 20
-15.9478396850393693
 30
0
 11
22.3578266929133846
 21
-15.9478396850393693
 31
0
  0
LINE
  5
37D
330
1B
100
AcDbEntity
  8
BLACK
  6
CONTINUOUS
100
AcDbLine
 10
22.3578266929133846
 20
-15.9478396850393693
 30
0
 11
22.3634510236220478
 21
-15.9506518503937009
 31
0
  0
LINE
  5
37E
330
1B
100
AcDbEntity
  8
BLACK
  6
CONTINUOUS
100
AcDbLine
 10
22.3634510236220478
 20
-15.9506518503937009
 30
0
 11
22.3662631496062971
 21
-15.953463976377952
 31
0
  0
LINE
  5
37F
330
1B
100
AcDbEntity
  8
BLACK
  6
CONTINUOUS
100
AcDbLine
 10
22.3662631496062971
 20
-15.953463976377952
 30
0
 11
22.3690753149606287
 21
-15.9590882677165347
 31
0
  0
LINE
  5
380
330
1B
100
AcDbEntity
  8
BLACK
  6
CONTINUOUS
100
AcDbLine
 10
22.3690753149606287
 20
-15.9590882677165347
 30
0
 11
22.3690753149606287
 21
-15.9647125984251961
 31
0
  0
LINE
  5
381
330
1B
100
AcDbEntity
  8
BLACK
  6
CONTINUOUS
100
AcDbLine
 10
22.3690753149606287
 20
-15.9647125984251961
 30
0
 11
22.3662631496062971
 21
-15.9731490157480316
 31
0
  0
LINE
  5
382
330
1B
100
AcDbEntity
  8
BLACK
  6
CONTINUOUS
100
AcDbLine
 10
22.3662631496062971
 20
-15.9731490157480316
 30
0
 11
22.3325173622047224
 21
-16.0068948031496063
 31
0
  0
LINE
  5
383
330
1B
100
AcDbEntity
  8
BLACK
  6
CONTINUOUS
100
AcDbLine
 10
22.3325173622047224
 20
-16.0068948031496063
 30
0
 11
22.3690753149606287
 21
-16.0068948031496063
 31
0
  0
LINE
  5
384
330
1B
100
AcDbEntity
  8
BLACK
  6
CONTINUOUS
100
AcDbLine
 10
18.6615905511811029
 20
-15.6491732283464557
 30
0
 11
22.9135590551181103
 21
-15.6491732283464557
 31
0
  0
LINE
  5
385
330
1B
100
AcDbEntity
  8
BLACK
  6
CONTINUOUS
100
AcDbLine
 10
18.7281940157480307
 20
-15.676907007874016
 30
0
 11
18.7731883858267707
 21
-15.676907007874016
 31
0
  0
LINE
  5
386
330
1B
100
AcDbEntity
  8
BLACK
  6
CONTINUOUS
100
AcDbLine
 10
18.7408487007873994
 20
-15.7556471653543309
 30
0
 11
18.7506912204724401
 21
-15.676907007874016
 31
0
  0
LINE
  5
387
330
1B
100
AcDbEntity
  8
BLACK
  6
CONTINUOUS
100
AcDbLine
 10
18.7895925984251981
 20
-15.7556471653543309
 30
0
 11
18.7961542913385813
 21
-15.7031537007874018
 31
0
  0
LINE
  5
388
330
1B
100
AcDbEntity
  8
BLACK
  6
CONTINUOUS
100
AcDbLine
 10
18.7994351181102353
 20
-15.676907007874016
 30
0
 11
18.795216889763779
 21
-15.6806565354330711
 31
0
  0
LINE
  5
389
330
1B
100
AcDbEntity
  8
BLACK
  6
CONTINUOUS
100
AcDbLine
 10
18.795216889763779
 20
-15.6806565354330711
 30
0
 11
18.7984977559055118
 21
-15.6844060629921263
 31
0
  0
LINE
  5
38A
330
1B
100
AcDbEntity
  8
BLACK
  6
CONTINUOUS
100
AcDbLine
 10
18.7984977559055118
 20
-15.6844060629921263
 30
0
 11
18.802715984251968
 21
-15.6806565354330711
 31
0
  0
LINE
  5
38B
330
1B
100
AcDbEntity
  8
BLACK
  6
CONTINUOUS
100
AcDbLine
 10
18.802715984251968
 20
-15.6806565354330711
 30
0
 11
18.7994351181102353
 21
-15.676907007874016
 31
0
  0
LINE
  5
38C
330
1B
100
AcDbEntity
  8
BLACK
  6
CONTINUOUS
100
AcDbLine
 10
18.7994351181102353
 20
-15.676907007874016
 30
0
 11
18.7984977559055118
 21
-15.6844060629921263
 31
0
  0
LINE
  5
38D
330
1B
100
AcDbEntity
  8
BLACK
  6
CONTINUOUS
100
AcDbLine
 10
18.8224010236220458
 20
-15.7031537007874018
 30
0
 11
18.8523972440944867
 21
-15.7031537007874018
 31
0
  0
LINE
  5
38E
330
1B
100
AcDbEntity
  8
BLACK
  6
CONTINUOUS
100
AcDbLine
 10
18.8369304330708651
 20
-15.676907007874016
 30
0
 11
18.8284940157480314
 21
-15.7443985433070868
 31
0
  0
LINE
  5
38F
330
1B
100
AcDbEntity
  8
BLACK
  6
CONTINUOUS
100
AcDbLine
 10
18.8284940157480314
 20
-15.7443985433070868
 30
0
 11
18.8313061417322842
 21
-15.7518976377952757
 31
0
  0
LINE
  5
390
330
1B
100
AcDbEntity
  8
BLACK
  6
CONTINUOUS
100
AcDbLine
 10
18.8313061417322842
 20
-15.7518976377952757
 30
0
 11
18.8383365354330721
 21
-15.7556471653543309
 31
0
  0
LINE
  5
391
330
1B
100
AcDbEntity
  8
BLACK
  6
CONTINUOUS
100
AcDbLine
 10
18.8383365354330721
 20
-15.7556471653543309
 30
0
 11
18.8458355905511823
 21
-15.7556471653543309
 31
0
  0
LINE
  5
392
330
1B
100
AcDbEntity
  8
BLACK
  6
CONTINUOUS
100
AcDbLine
 10
18.8833309055118121
 20
-15.7556471653543309
 30
0
 11
18.8763005118110243
 21
-15.7518976377952757
 31
0
  0
LINE
  5
393
330
1B
100
AcDbEntity
  8
BLACK
  6
CONTINUOUS
100
AcDbLine
 10
18.8763005118110243
 20
-15.7518976377952757
 30
0
 11
18.8734883858267715
 21
-15.7443985433070868
 31
0
  0
LINE
  5
394
330
1B
100
AcDbEntity
  8
BLACK
  6
CONTINUOUS
100
AcDbLine
 10
18.8734883858267715
 20
-15.7443985433070868
 30
0
 11
18.8819248031496052
 21
-15.676907007874016
 31
0
  0
LINE
  5
395
330
1B
100
AcDbEntity
  8
BLACK
  6
CONTINUOUS
100
AcDbLine
 10
18.9437920866141738
 20
-15.7518976377952757
 30
0
 11
18.9358243307086624
 21
-15.7556471653543309
 31
0
  0
LINE
  5
396
330
1B
100
AcDbEntity
  8
BLACK
  6
CONTINUOUS
100
AcDbLine
 10
18.9358243307086624
 20
-15.7556471653543309
 30
0
 11
18.9208261811023633
 21
-15.7556471653543309
 31
0
  0
LINE
  5
397
330
1B
100
AcDbEntity
  8
BLACK
  6
CONTINUOUS
100
AcDbLine
 10
18.9208261811023633
 20
-15.7556471653543309
 30
0
 11
18.9137958267716542
 21
-15.7518976377952757
 31
0
  0
LINE
  5
398
330
1B
100
AcDbEntity
  8
BLACK
  6
CONTINUOUS
100
AcDbLine
 10
18.9137958267716542
 20
-15.7518976377952757
 30
0
 11
18.9109836614173226
 21
-15.7443985433070868
 31
0
  0
LINE
  5
399
330
1B
100
AcDbEntity
  8
BLACK
  6
CONTINUOUS
100
AcDbLine
 10
18.9109836614173226
 20
-15.7443985433070868
 30
0
 11
18.9147332283464564
 21
-15.7144023228346459
 31
0
  0
LINE
  5
39A
330
1B
100
AcDbEntity
  8
BLACK
  6
CONTINUOUS
100
AcDbLine
 10
18.9147332283464564
 20
-15.7144023228346459
 30
0
 11
18.9194201181102351
 21
-15.7069032283464569
 31
0
  0
LINE
  5
39B
330
1B
100
AcDbEntity
  8
BLACK
  6
CONTINUOUS
100
AcDbLine
 10
18.9194201181102351
 20
-15.7069032283464569
 30
0
 11
18.9273878740157464
 21
-15.7031537007874018
 31
0
  0
LINE
  5
39C
330
1B
100
AcDbEntity
  8
BLACK
  6
CONTINUOUS
100
AcDbLine
 10
18.9273878740157464
 20
-15.7031537007874018
 30
0
 11
18.9423859842519668
 21
-15.7031537007874018
 31
0
  0
LINE
  5
39D
330
1B
100
AcDbEntity
  8
BLACK
  6
CONTINUOUS
100
AcDbLine
 10
18.9423859842519668
 20
-15.7031537007874018
 30
0
 11
18.9494163779527547
 21
-15.7069032283464569
 31
0
  0
LINE
  5
39E
330
1B
100
AcDbEntity
  8
BLACK
  6
CONTINUOUS
100
AcDbLine
 10
18.9494163779527547
 20
-15.7069032283464569
 30
0
 11
18.9522285039370075
 21
-15.7144023228346459
 31
0
  0
LINE
  5
39F
330
1B
100
AcDbEntity
  8
BLACK
  6
CONTINUOUS
100
AcDbLine
 10
18.9522285039370075
 20
-15.7144023228346459
 30
0
 11
18.951291141732284
 21
-15.7219013779527561
 31
0
  0
LINE
  5
3A0
330
1B
100
AcDbEntity
  8
BLACK
  6
CONTINUOUS
100
AcDbLine
 10
18.951291141732284
 20
-15.7219013779527561
 30
0
 11
18.9128584251968483
 21
-15.7294004330708663
 31
0
  0
LINE
  5
3A1
330
1B
100
AcDbEntity
  8
BLACK
  6
CONTINUOUS
100
AcDbLine
 10
18.9817561023622048
 20
-15.7481480708661419
 30
0
 11
18.9850369291338588
 21
-15.7518976377952757
 31
0
  0
LINE
  5
3A2
330
1B
100
AcDbEntity
  8
BLACK
  6
CONTINUOUS
100
AcDbLine
 10
18.9850369291338588
 20
-15.7518976377952757
 30
0
 11
18.9808187007874025
 21
-15.7556471653543309
 31
0
  0
LINE
  5
3A3
330
1B
100
AcDbEntity
  8
BLACK
  6
CONTINUOUS
100
AcDbLine
 10
18.9808187007874025
 20
-15.7556471653543309
 30
0
 11
18.9775378740157485
 21
-15.7518976377952757
 31
0
  0
LINE
  5
3A4
330
1B
100
AcDbEntity
  8
BLACK
  6
CONTINUOUS
100
AcDbLine
 10
18.9775378740157485
 20
-15.7518976377952757
 30
0
 11
18.9817561023622048
 21
-15.7481480708661419
 31
0
  0
LINE
  5
3A5
330
1B
100
AcDbEntity
  8
BLACK
  6
CONTINUOUS
100
AcDbLine
 10
18.9817561023622048
 20
-15.7481480708661419
 30
0
 11
18.9808187007874025
 21
-15.7556471653543309
 31
0
  0
LINE
  5
3A6
330
1B
100
AcDbEntity
  8
BLACK
  6
CONTINUOUS
100
AcDbLine
 10
18.9869116929133845
 20
-15.7069032283464569
 30
0
 11
18.9901925196850385
 21
-15.710652755905512
 31
0
  0
LINE
  5
3A7
330
1B
100
AcDbEntity
  8
BLACK
  6
CONTINUOUS
100
AcDbLine
 10
18.9901925196850385
 20
-15.710652755905512
 30
0
 11
18.985974330708661
 21
-15.7144023228346459
 31
0
  0
LINE
  5
3A8
330
1B
100
AcDbEntity
  8
BLACK
  6
CONTINUOUS
100
AcDbLine
 10
18.985974330708661
 20
-15.7144023228346459
 30
0
 11
18.9826934645669283
 21
-15.710652755905512
 31
0
  0
LINE
  5
3A9
330
1B
100
AcDbEntity
  8
BLACK
  6
CONTINUOUS
100
AcDbLine
 10
18.9826934645669283
 20
-15.710652755905512
 30
0
 11
18.9869116929133845
 21
-15.7069032283464569
 31
0
  0
LINE
  5
3AA
330
1B
100
AcDbEntity
  8
BLACK
  6
CONTINUOUS
100
AcDbLine
 10
18.9869116929133845
 20
-15.7069032283464569
 30
0
 11
18.985974330708661
 21
-15.7144023228346459
 31
0
  0
LINE
  5
3AB
330
1B
100
AcDbEntity
  8
BLACK
  6
CONTINUOUS
100
AcDbLine
 10
18.7385915748031486
 20
-15.5743863779527558
 30
0
 11
18.7189065354330708
 21
-15.5743863779527558
 31
0
  0
LINE
  5
3AC
330
1B
100
AcDbEntity
  8
BLACK
  6
CONTINUOUS
100
AcDbLine
 10
18.7189065354330708
 20
-15.605319999999999
 30
0
 11
18.7189065354330708
 21
-15.5462648818897637
 31
0
  0
LINE
  5
3AD
330
1B
100
AcDbEntity
  8
BLACK
  6
CONTINUOUS
100
AcDbLine
 10
18.7189065354330708
 20
-15.5462648818897637
 30
0
 11
18.7470280314960611
 21
-15.5462648818897637
 31
0
  0
LINE
  5
3AE
330
1B
100
AcDbEntity
  8
BLACK
  6
CONTINUOUS
100
AcDbLine
 10
18.7695251968503918
 20
-15.605319999999999
 30
0
 11
18.7695251968503918
 21
-15.5659499212598416
 31
0
  0
LINE
  5
3AF
330
1B
100
AcDbEntity
  8
BLACK
  6
CONTINUOUS
100
AcDbLine
 10
18.7695251968503918
 20
-15.5462648818897637
 30
0
 11
18.7667130708661425
 21
-15.5490770472440936
 31
0
  0
LINE
  5
3B0
330
1B
100
AcDbEntity
  8
BLACK
  6
CONTINUOUS
100
AcDbLine
 10
18.7667130708661425
 20
-15.5490770472440936
 30
0
 11
18.7695251968503918
 21
-15.5518891732283464
 31
0
  0
LINE
  5
3B1
330
1B
100
AcDbEntity
  8
BLACK
  6
CONTINUOUS
100
AcDbLine
 10
18.7695251968503918
 20
-15.5518891732283464
 30
0
 11
18.7723373622047234
 21
-15.5490770472440936
 31
0
  0
LINE
  5
3B2
330
1B
100
AcDbEntity
  8
BLACK
  6
CONTINUOUS
100
AcDbLine
 10
18.7723373622047234
 20
-15.5490770472440936
 30
0
 11
18.7695251968503918
 21
-15.5462648818897637
 31
0
  0
LINE
  5
3B3
330
1B
100
AcDbEntity
  8
BLACK
  6
CONTINUOUS
100
AcDbLine
 10
18.7695251968503918
 20
-15.5462648818897637
 30
0
 11
18.7695251968503918
 21
-15.5518891732283464
 31
0
  0
LINE
  5
3B4
330
1B
100
AcDbEntity
  8
BLACK
  6
CONTINUOUS
100
AcDbLine
 10
18.8060831496062981
 20
-15.605319999999999
 30
0
 11
18.8004588582677172
 21
-15.6025078740157479
 31
0
  0
LINE
  5
3B5
330
1B
100
AcDbEntity
  8
BLACK
  6
CONTINUOUS
100
AcDbLine
 10
18.8004588582677172
 20
-15.6025078740157479
 30
0
 11
18.7976466929133856
 21
-15.5968835433070865
 31
0
  0
LINE
  5
3B6
330
1B
100
AcDbEntity
  8
BLACK
  6
CONTINUOUS
100
AcDbLine
 10
18.7976466929133856
 20
-15.5968835433070865
 30
0
 11
18.7976466929133856
 21
-15.5462648818897637
 31
0
  0
LINE
  5
3B7
330
1B
100
AcDbEntity
  8
BLACK
  6
CONTINUOUS
100
AcDbLine
 10
18.8510775196850382
 20
-15.6025078740157479
 30
0
 11
18.8454532283464573
 21
-15.605319999999999
 31
0
  0
LINE
  5
3B8
330
1B
100
AcDbEntity
  8
BLACK
  6
CONTINUOUS
100
AcDbLine
 10
18.8454532283464573
 20
-15.605319999999999
 30
0
 11
18.834204645669292
 21
-15.605319999999999
 31
0
  0
LINE
  5
3B9
330
1B
100
AcDbEntity
  8
BLACK
  6
CONTINUOUS
100
AcDbLine
 10
18.834204645669292
 20
-15.605319999999999
 30
0
 11
18.8285803149606288
 21
-15.6025078740157479
 31
0
  0
LINE
  5
3BA
330
1B
100
AcDbEntity
  8
BLACK
  6
CONTINUOUS
100
AcDbLine
 10
18.8285803149606288
 20
-15.6025078740157479
 30
0
 11
18.8257681889763759
 21
-15.5968835433070865
 31
0
  0
LINE
  5
3BB
330
1B
100
AcDbEntity
  8
BLACK
  6
CONTINUOUS
100
AcDbLine
 10
18.8257681889763759
 20
-15.5968835433070865
 30
0
 11
18.8257681889763759
 21
-15.5743863779527558
 31
0
  0
LINE
  5
3BC
330
1B
100
AcDbEntity
  8
BLACK
  6
CONTINUOUS
100
AcDbLine
 10
18.8257681889763759
 20
-15.5743863779527558
 30
0
 11
18.8285803149606288
 21
-15.5687620866141732
 31
0
  0
LINE
  5
3BD
330
1B
100
AcDbEntity
  8
BLACK
  6
CONTINUOUS
100
AcDbLine
 10
18.8285803149606288
 20
-15.5687620866141732
 30
0
 11
18.834204645669292
 21
-15.5659499212598416
 31
0
  0
LINE
  5
3BE
330
1B
100
AcDbEntity
  8
BLACK
  6
CONTINUOUS
100
AcDbLine
 10
18.834204645669292
 20
-15.5659499212598416
 30
0
 11
18.8454532283464573
 21
-15.5659499212598416
 31
0
  0
LINE
  5
3BF
330
1B
100
AcDbEntity
  8
BLACK
  6
CONTINUOUS
100
AcDbLine
 10
18.8454532283464573
 20
-15.5659499212598416
 30
0
 11
18.8510775196850382
 21
-15.5687620866141732
 31
0
  0
LINE
  5
3C0
330
1B
100
AcDbEntity
  8
BLACK
  6
CONTINUOUS
100
AcDbLine
 10
18.8510775196850382
 20
-15.5687620866141732
 30
0
 11
18.8538896850393698
 21
-15.5743863779527558
 31
0
  0
LINE
  5
3C1
330
1B
100
AcDbEntity
  8
BLACK
  6
CONTINUOUS
100
AcDbLine
 10
18.8538896850393698
 20
-15.5743863779527558
 30
0
 11
18.8538896850393698
 21
-15.5800106692913385
 31
0
  0
LINE
  5
3C2
330
1B
100
AcDbEntity
  8
BLACK
  6
CONTINUOUS
100
AcDbLine
 10
18.8538896850393698
 20
-15.5800106692913385
 30
0
 11
18.8257681889763759
 21
-15.5856349606299212
 31
0
  0
LINE
  5
3C3
330
1B
100
AcDbEntity
  8
BLACK
  6
CONTINUOUS
100
AcDbLine
 10
18.8791989763779533
 20
-15.5996957086614163
 30
0
 11
18.8820111417322813
 21
-15.6025078740157479
 31
0
  0
LINE
  5
3C4
330
1B
100
AcDbEntity
  8
BLACK
  6
CONTINUOUS
100
AcDbLine
 10
18.8820111417322813
 20
-15.6025078740157479
 30
0
 11
18.8791989763779533
 21
-15.605319999999999
 31
0
  0
LINE
  5
3C5
330
1B
100
AcDbEntity
  8
BLACK
  6
CONTINUOUS
100
AcDbLine
 10
18.8791989763779533
 20
-15.605319999999999
 30
0
 11
18.8763868503937005
 21
-15.6025078740157479
 31
0
  0
LINE
  5
3C6
330
1B
100
AcDbEntity
  8
BLACK
  6
CONTINUOUS
100
AcDbLine
 10
18.8763868503937005
 20
-15.6025078740157479
 30
0
 11
18.8791989763779533
 21
-15.5996957086614163
 31
0
  0
LINE
  5
3C7
330
1B
100
AcDbEntity
  8
BLACK
  6
CONTINUOUS
100
AcDbLine
 10
18.8791989763779533
 20
-15.5996957086614163
 30
0
 11
18.8791989763779533
 21
-15.605319999999999
 31
0
  0
LINE
  5
3C8
330
1B
100
AcDbEntity
  8
BLACK
  6
CONTINUOUS
100
AcDbLine
 10
18.8791989763779533
 20
-15.5687620866141732
 30
0
 11
18.8820111417322813
 21
-15.5715742125984242
 31
0
  0
LINE
  5
3C9
330
1B
100
AcDbEntity
  8
BLACK
  6
CONTINUOUS
100
AcDbLine
 10
18.8820111417322813
 20
-15.5715742125984242
 30
0
 11
18.8791989763779533
 21
-15.5743863779527558
 31
0
  0
LINE
  5
3CA
330
1B
100
AcDbEntity
  8
BLACK
  6
CONTINUOUS
100
AcDbLine
 10
18.8791989763779533
 20
-15.5743863779527558
 30
0
 11
18.8763868503937005
 21
-15.5715742125984242
 31
0
  0
LINE
  5
3CB
330
1B
100
AcDbEntity
  8
BLACK
  6
CONTINUOUS
100
AcDbLine
 10
18.8763868503937005
 20
-15.5715742125984242
 30
0
 11
18.8791989763779533
 21
-15.5687620866141732
 31
0
  0
LINE
  5
3CC
330
1B
100
AcDbEntity
  8
BLACK
  6
CONTINUOUS
100
AcDbLine
 10
18.8791989763779533
 20
-15.5687620866141732
 30
0
 11
18.8791989763779533
 21
-15.5743863779527558
 31
0
  0
LINE
  5
3CD
330
1B
100
AcDbEntity
  8
BLACK
  6
CONTINUOUS
100
AcDbLine
 10
18.9523148425196837
 20
-15.605319999999999
 30
0
 11
18.9523148425196837
 21
-15.5462648818897637
 31
0
  0
LINE
  5
3CE
330
1B
100
AcDbEntity
  8
BLACK
  6
CONTINUOUS
100
AcDbLine
 10
18.9523148425196837
 20
-15.5743863779527558
 30
0
 11
18.9860606299212584
 21
-15.5743863779527558
 31
0
  0
LINE
  5
3CF
330
1B
100
AcDbEntity
  8
BLACK
  6
CONTINUOUS
100
AcDbLine
 10
18.9860606299212584
 20
-15.605319999999999
 30
0
 11
18.9860606299212584
 21
-15.5462648818897637
 31
0
  0
LINE
  5
3D0
330
1B
100
AcDbEntity
  8
BLACK
  6
CONTINUOUS
100
AcDbLine
 10
19.0338671653543301
 20
-15.5743863779527558
 30
0
 11
19.0423036220472426
 21
-15.5771985039370069
 31
0
  0
LINE
  5
3D1
330
1B
100
AcDbEntity
  8
BLACK
  6
CONTINUOUS
100
AcDbLine
 10
19.0423036220472426
 20
-15.5771985039370069
 30
0
 11
19.0451157874015742
 21
-15.5800106692913385
 31
0
  0
LINE
  5
3D2
330
1B
100
AcDbEntity
  8
BLACK
  6
CONTINUOUS
100
AcDbLine
 10
19.0451157874015742
 20
-15.5800106692913385
 30
0
 11
19.047927913385827
 21
-15.5856349606299212
 31
0
  0
LINE
  5
3D3
330
1B
100
AcDbEntity
  8
BLACK
  6
CONTINUOUS
100
AcDbLine
 10
19.047927913385827
 20
-15.5856349606299212
 30
0
 11
19.047927913385827
 21
-15.5940714173228336
 31
0
  0
LINE
  5
3D4
330
1B
100
AcDbEntity
  8
BLACK
  6
CONTINUOUS
100
AcDbLine
 10
19.047927913385827
 20
-15.5940714173228336
 30
0
 11
19.0451157874015742
 21
-15.5996957086614163
 31
0
  0
LINE
  5
3D5
330
1B
100
AcDbEntity
  8
BLACK
  6
CONTINUOUS
100
AcDbLine
 10
19.0451157874015742
 20
-15.5996957086614163
 30
0
 11
19.0423036220472426
 21
-15.6025078740157479
 31
0
  0
LINE
  5
3D6
330
1B
100
AcDbEntity
  8
BLACK
  6
CONTINUOUS
100
AcDbLine
 10
19.0423036220472426
 20
-15.6025078740157479
 30
0
 11
19.0366793307086617
 21
-15.605319999999999
 31
0
  0
LINE
  5
3D7
330
1B
100
AcDbEntity
  8
BLACK
  6
CONTINUOUS
100
AcDbLine
 10
19.0366793307086617
 20
-15.605319999999999
 30
0
 11
19.0141821259842523
 21
-15.605319999999999
 31
0
  0
LINE
  5
3D8
330
1B
100
AcDbEntity
  8
BLACK
  6
CONTINUOUS
100
AcDbLine
 10
19.0141821259842523
 20
-15.605319999999999
 30
0
 11
19.0141821259842523
 21
-15.5462648818897637
 31
0
  0
LINE
  5
3D9
330
1B
100
AcDbEntity
  8
BLACK
  6
CONTINUOUS
100
AcDbLine
 10
19.0141821259842523
 20
-15.5462648818897637
 30
0
 11
19.0338671653543301
 21
-15.5462648818897637
 31
0
  0
LINE
  5
3DA
330
1B
100
AcDbEntity
  8
BLACK
  6
CONTINUOUS
100
AcDbLine
 10
19.0338671653543301
 20
-15.5462648818897637
 30
0
 11
19.0394914960629933
 21
-15.5490770472440936
 31
0
  0
LINE
  5
3DB
330
1B
100
AcDbEntity
  8
BLACK
  6
CONTINUOUS
100
AcDbLine
 10
19.0394914960629933
 20
-15.5490770472440936
 30
0
 11
19.0423036220472426
 21
-15.5518891732283464
 31
0
  0
LINE
  5
3DC
330
1B
100
AcDbEntity
  8
BLACK
  6
CONTINUOUS
100
AcDbLine
 10
19.0423036220472426
 20
-15.5518891732283464
 30
0
 11
19.0451157874015742
 21
-15.5575134645669291
 31
0
  0
LINE
  5
3DD
330
1B
100
AcDbEntity
  8
BLACK
  6
CONTINUOUS
100
AcDbLine
 10
19.0451157874015742
 20
-15.5575134645669291
 30
0
 11
19.0451157874015742
 21
-15.5631377952755905
 31
0
  0
LINE
  5
3DE
330
1B
100
AcDbEntity
  8
BLACK
  6
CONTINUOUS
100
AcDbLine
 10
19.0451157874015742
 20
-15.5631377952755905
 30
0
 11
19.0423036220472426
 21
-15.5687620866141732
 31
0
  0
LINE
  5
3DF
330
1B
100
AcDbEntity
  8
BLACK
  6
CONTINUOUS
100
AcDbLine
 10
19.0423036220472426
 20
-15.5687620866141732
 30
0
 11
19.0394914960629933
 21
-15.5715742125984242
 31
0
  0
LINE
  5
3E0
330
1B
100
AcDbEntity
  8
BLACK
  6
CONTINUOUS
100
AcDbLine
 10
19.0394914960629933
 20
-15.5715742125984242
 30
0
 11
19.0338671653543301
 21
-15.5743863779527558
 31
0
  0
LINE
  5
3E1
330
1B
100
AcDbEntity
  8
BLACK
  6
CONTINUOUS
100
AcDbLine
 10
19.0338671653543301
 20
-15.5743863779527558
 30
0
 11
19.0141821259842523
 21
-15.5743863779527558
 31
0
  0
LINE
  5
3E2
330
1B
100
AcDbEntity
  8
BLACK
  6
CONTINUOUS
100
AcDbLine
 10
19.0591765354330711
 20
-15.6109442913385816
 30
0
 11
19.1041709055118112
 21
-15.6109442913385816
 31
0
  0
LINE
  5
3E3
330
1B
100
AcDbEntity
  8
BLACK
  6
CONTINUOUS
100
AcDbLine
 10
19.1182316141732294
 20
-15.605319999999999
 30
0
 11
19.1182316141732294
 21
-15.5462648818897637
 31
0
  0
LINE
  5
3E4
330
1B
100
AcDbEntity
  8
BLACK
  6
CONTINUOUS
100
AcDbLine
 10
19.1182316141732294
 20
-15.5462648818897637
 30
0
 11
19.1322923622047227
 21
-15.5462648818897637
 31
0
  0
LINE
  5
3E5
330
1B
100
AcDbEntity
  8
BLACK
  6
CONTINUOUS
100
AcDbLine
 10
19.1322923622047227
 20
-15.5462648818897637
 30
0
 11
19.1407288188976388
 21
-15.5490770472440936
 31
0
  0
LINE
  5
3E6
330
1B
100
AcDbEntity
  8
BLACK
  6
CONTINUOUS
100
AcDbLine
 10
19.1407288188976388
 20
-15.5490770472440936
 30
0
 11
19.1463531102362197
 21
-15.5547013385826762
 31
0
  0
LINE
  5
3E7
330
1B
100
AcDbEntity
  8
BLACK
  6
CONTINUOUS
100
AcDbLine
 10
19.1463531102362197
 20
-15.5547013385826762
 30
0
 11
19.1491652755905513
 21
-15.5603256299212589
 31
0
  0
LINE
  5
3E8
330
1B
100
AcDbEntity
  8
BLACK
  6
CONTINUOUS
100
AcDbLine
 10
19.1491652755905513
 20
-15.5603256299212589
 30
0
 11
19.1519774015748041
 21
-15.5715742125984242
 31
0
  0
LINE
  5
3E9
330
1B
100
AcDbEntity
  8
BLACK
  6
CONTINUOUS
100
AcDbLine
 10
19.1519774015748041
 20
-15.5715742125984242
 30
0
 11
19.1519774015748041
 21
-15.5800106692913385
 31
0
  0
LINE
  5
3EA
330
1B
100
AcDbEntity
  8
BLACK
  6
CONTINUOUS
100
AcDbLine
 10
19.1519774015748041
 20
-15.5800106692913385
 30
0
 11
19.1491652755905513
 21
-15.5912592519685038
 31
0
  0
LINE
  5
3EB
330
1B
100
AcDbEntity
  8
BLACK
  6
CONTINUOUS
100
AcDbLine
 10
19.1491652755905513
 20
-15.5912592519685038
 30
0
 11
19.1463531102362197
 21
-15.5968835433070865
 31
0
  0
LINE
  5
3EC
330
1B
100
AcDbEntity
  8
BLACK
  6
CONTINUOUS
100
AcDbLine
 10
19.1463531102362197
 20
-15.5968835433070865
 30
0
 11
19.1407288188976388
 21
-15.6025078740157479
 31
0
  0
LINE
  5
3ED
330
1B
100
AcDbEntity
  8
BLACK
  6
CONTINUOUS
100
AcDbLine
 10
19.1407288188976388
 20
-15.6025078740157479
 30
0
 11
19.1322923622047227
 21
-15.605319999999999
 31
0
  0
LINE
  5
3EE
330
1B
100
AcDbEntity
  8
BLACK
  6
CONTINUOUS
100
AcDbLine
 10
19.1322923622047227
 20
-15.605319999999999
 30
0
 11
19.1182316141732294
 21
-15.605319999999999
 31
0
  0
LINE
  5
3EF
330
1B
100
AcDbEntity
  8
BLACK
  6
CONTINUOUS
100
AcDbLine
 10
19.1772867322834628
 20
-15.605319999999999
 30
0
 11
19.1772867322834628
 21
-15.5659499212598416
 31
0
  0
LINE
  5
3F0
330
1B
100
AcDbEntity
  8
BLACK
  6
CONTINUOUS
100
AcDbLine
 10
19.1772867322834628
 20
-15.5771985039370069
 30
0
 11
19.1800988976377944
 21
-15.5715742125984242
 31
0
  0
LINE
  5
3F1
330
1B
100
AcDbEntity
  8
BLACK
  6
CONTINUOUS
100
AcDbLine
 10
19.1800988976377944
 20
-15.5715742125984242
 30
0
 11
19.182911062992126
 21
-15.5687620866141732
 31
0
  0
LINE
  5
3F2
330
1B
100
AcDbEntity
  8
BLACK
  6
CONTINUOUS
100
AcDbLine
 10
19.182911062992126
 20
-15.5687620866141732
 30
0
 11
19.1885353543307069
 21
-15.5659499212598416
 31
0
  0
LINE
  5
3F3
330
1B
100
AcDbEntity
  8
BLACK
  6
CONTINUOUS
100
AcDbLine
 10
19.1885353543307069
 20
-15.5659499212598416
 30
0
 11
19.1941596456692913
 21
-15.5659499212598416
 31
0
  0
LINE
  5
3F4
330
1B
100
AcDbEntity
  8
BLACK
  6
CONTINUOUS
100
AcDbLine
 10
19.2138446456692904
 20
-15.605319999999999
 30
0
 11
19.2138446456692904
 21
-15.5659499212598416
 31
0
  0
LINE
  5
3F5
330
1B
100
AcDbEntity
  8
BLACK
  6
CONTINUOUS
100
AcDbLine
 10
19.2138446456692904
 20
-15.5462648818897637
 30
0
 11
19.2110325196850376
 21
-15.5490770472440936
 31
0
  0
LINE
  5
3F6
330
1B
100
AcDbEntity
  8
BLACK
  6
CONTINUOUS
100
AcDbLine
 10
19.2110325196850376
 20
-15.5490770472440936
 30
0
 11
19.2138446456692904
 21
-15.5518891732283464
 31
0
  0
LINE
  5
3F7
330
1B
100
AcDbEntity
  8
BLACK
  6
CONTINUOUS
100
AcDbLine
 10
19.2138446456692904
 20
-15.5518891732283464
 30
0
 11
19.216656811023622
 21
-15.5490770472440936
 31
0
  0
LINE
  5
3F8
330
1B
100
AcDbEntity
  8
BLACK
  6
CONTINUOUS
100
AcDbLine
 10
19.216656811023622
 20
-15.5490770472440936
 30
0
 11
19.2138446456692904
 21
-15.5462648818897637
 31
0
  0
LINE
  5
3F9
330
1B
100
AcDbEntity
  8
BLACK
  6
CONTINUOUS
100
AcDbLine
 10
19.2138446456692904
 20
-15.5462648818897637
 30
0
 11
19.2138446456692904
 21
-15.5518891732283464
 31
0
  0
LINE
  5
3FA
330
1B
100
AcDbEntity
  8
BLACK
  6
CONTINUOUS
100
AcDbLine
 10
19.2363418503936998
 20
-15.5659499212598416
 30
0
 11
19.2504025984251967
 21
-15.605319999999999
 31
0
  0
LINE
  5
3FB
330
1B
100
AcDbEntity
  8
BLACK
  6
CONTINUOUS
100
AcDbLine
 10
19.2504025984251967
 20
-15.605319999999999
 30
0
 11
19.2644633464566937
 21
-15.5659499212598416
 31
0
  0
LINE
  5
3FC
330
1B
100
AcDbEntity
  8
BLACK
  6
CONTINUOUS
100
AcDbLine
 10
19.3094577165354337
 20
-15.6025078740157479
 30
0
 11
19.3038334251968493
 21
-15.605319999999999
 31
0
  0
LINE
  5
3FD
330
1B
100
AcDbEntity
  8
BLACK
  6
CONTINUOUS
100
AcDbLine
 10
19.3038334251968493
 20
-15.605319999999999
 30
0
 11
19.292584842519684
 21
-15.605319999999999
 31
0
  0
LINE
  5
3FE
330
1B
100
AcDbEntity
  8
BLACK
  6
CONTINUOUS
100
AcDbLine
 10
19.292584842519684
 20
-15.605319999999999
 30
0
 11
19.2869605118110243
 21
-15.6025078740157479
 31
0
  0
LINE
  5
3FF
330
1B
100
AcDbEntity
  8
BLACK
  6
CONTINUOUS
100
AcDbLine
 10
19.2869605118110243
 20
-15.6025078740157479
 30
0
 11
19.2841483858267715
 21
-15.5968835433070865
 31
0
  0
LINE
  5
400
330
1B
100
AcDbEntity
  8
BLACK
  6
CONTINUOUS
100
AcDbLine
 10
19.2841483858267715
 20
-15.5968835433070865
 30
0
 11
19.2841483858267715
 21
-15.5743863779527558
 31
0
  0
LINE
  5
401
330
1B
100
AcDbEntity
  8
BLACK
  6
CONTINUOUS
100
AcDbLine
 10
19.2841483858267715
 20
-15.5743863779527558
 30
0
 11
19.2869605118110243
 21
-15.5687620866141732
 31
0
  0
LINE
  5
402
330
1B
100
AcDbEntity
  8
BLACK
  6
CONTINUOUS
100
AcDbLine
 10
19.2869605118110243
 20
-15.5687620866141732
 30
0
 11
19.292584842519684
 21
-15.5659499212598416
 31
0
  0
LINE
  5
403
330
1B
100
AcDbEntity
  8
BLACK
  6
CONTINUOUS
100
AcDbLine
 10
19.292584842519684
 20
-15.5659499212598416
 30
0
 11
19.3038334251968493
 21
-15.5659499212598416
 31
0
  0
LINE
  5
404
330
1B
100
AcDbEntity
  8
BLACK
  6
CONTINUOUS
100
AcDbLine
 10
19.3038334251968493
 20
-15.5659499212598416
 30
0
 11
19.3094577165354337
 21
-15.5687620866141732
 31
0
  0
LINE
  5
405
330
1B
100
AcDbEntity
  8
BLACK
  6
CONTINUOUS
100
AcDbLine
 10
19.3094577165354337
 20
-15.5687620866141732
 30
0
 11
19.3122698818897618
 21
-15.5743863779527558
 31
0
  0
LINE
  5
406
330
1B
100
AcDbEntity
  8
BLACK
  6
CONTINUOUS
100
AcDbLine
 10
19.3122698818897618
 20
-15.5743863779527558
 30
0
 11
19.3122698818897618
 21
-15.5800106692913385
 31
0
  0
LINE
  5
407
330
1B
100
AcDbEntity
  8
BLACK
  6
CONTINUOUS
100
AcDbLine
 10
19.3122698818897618
 20
-15.5800106692913385
 30
0
 11
19.2841483858267715
 21
-15.5856349606299212
 31
0
  0
LINE
  5
408
330
1B
100
AcDbEntity
  8
BLACK
  6
CONTINUOUS
100
AcDbLine
 10
19.3235184645669271
 20
-15.6109442913385816
 30
0
 11
19.3685128346456672
 21
-15.6109442913385816
 31
0
  0
LINE
  5
409
330
1B
100
AcDbEntity
  8
BLACK
  6
CONTINUOUS
100
AcDbLine
 10
19.3741371259842516
 20
-15.5462648818897637
 30
0
 11
19.3938221653543295
 21
-15.605319999999999
 31
0
  0
LINE
  5
40A
330
1B
100
AcDbEntity
  8
BLACK
  6
CONTINUOUS
100
AcDbLine
 10
19.3938221653543295
 20
-15.605319999999999
 30
0
 11
19.4135072047244073
 21
-15.5462648818897637
 31
0
  0
LINE
  5
40B
330
1B
100
AcDbEntity
  8
BLACK
  6
CONTINUOUS
100
AcDbLine
 10
19.4641258661417318
 20
-15.605319999999999
 30
0
 11
19.430380078740157
 21
-15.605319999999999
 31
0
  0
LINE
  5
40C
330
1B
100
AcDbEntity
  8
BLACK
  6
CONTINUOUS
100
AcDbLine
 10
19.4472529527559068
 20
-15.605319999999999
 30
0
 11
19.4472529527559068
 21
-15.5462648818897637
 31
0
  0
LINE
  5
40D
330
1B
100
AcDbEntity
  8
BLACK
  6
CONTINUOUS
100
AcDbLine
 10
19.4472529527559068
 20
-15.5462648818897637
 30
0
 11
19.4416286614173224
 21
-15.5547013385826762
 31
0
  0
LINE
  5
40E
330
1B
100
AcDbEntity
  8
BLACK
  6
CONTINUOUS
100
AcDbLine
 10
19.4416286614173224
 20
-15.5547013385826762
 30
0
 11
19.4360043700787415
 21
-15.5603256299212589
 31
0
  0
LINE
  5
40F
330
1B
100
AcDbEntity
  8
BLACK
  6
CONTINUOUS
100
AcDbLine
 10
19.4360043700787415
 20
-15.5603256299212589
 30
0
 11
19.430380078740157
 21
-15.5631377952755905
 31
0
  0
LINE
  5
410
330
1B
100
AcDbEntity
  8
BLACK
  6
CONTINUOUS
100
AcDbLine
 10
19.4894351574803153
 20
-15.5996957086614163
 30
0
 11
19.4922473228346469
 21
-15.6025078740157479
 31
0
  0
LINE
  5
411
330
1B
100
AcDbEntity
  8
BLACK
  6
CONTINUOUS
100
AcDbLine
 10
19.4922473228346469
 20
-15.6025078740157479
 30
0
 11
19.4894351574803153
 21
-15.605319999999999
 31
0
  0
LINE
  5
412
330
1B
100
AcDbEntity
  8
BLACK
  6
CONTINUOUS
100
AcDbLine
 10
19.4894351574803153
 20
-15.605319999999999
 30
0
 11
19.4866230314960625
 21
-15.6025078740157479
 31
0
  0
LINE
  5
413
330
1B
100
AcDbEntity
  8
BLACK
  6
CONTINUOUS
100
AcDbLine
 10
19.4866230314960625
 20
-15.6025078740157479
 30
0
 11
19.4894351574803153
 21
-15.5996957086614163
 31
0
  0
LINE
  5
414
330
1B
100
AcDbEntity
  8
BLACK
  6
CONTINUOUS
100
AcDbLine
 10
19.4894351574803153
 20
-15.5996957086614163
 30
0
 11
19.4894351574803153
 21
-15.605319999999999
 31
0
  0
LINE
  5
415
330
1B
100
AcDbEntity
  8
BLACK
  6
CONTINUOUS
100
AcDbLine
 10
19.5175566535433056
 20
-15.605319999999999
 30
0
 11
19.5175566535433056
 21
-15.5462648818897637
 31
0
  0
LINE
  5
416
330
1B
100
AcDbEntity
  8
BLACK
  6
CONTINUOUS
100
AcDbLine
 10
19.5231809842519688
 20
-15.5828228346456683
 30
0
 11
19.540053858267715
 21
-15.605319999999999
 31
0
  0
LINE
  5
417
330
1B
100
AcDbEntity
  8
BLACK
  6
CONTINUOUS
100
AcDbLine
 10
19.540053858267715
 20
-15.5659499212598416
 30
0
 11
19.5175566535433056
 21
-15.588447125984251
 31
0
  0
LINE
  5
418
330
1B
100
AcDbEntity
  8
BLACK
  6
CONTINUOUS
100
AcDbLine
 10
19.5653631889763773
 20
-15.605319999999999
 30
0
 11
19.5653631889763773
 21
-15.5659499212598416
 31
0
  0
LINE
  5
419
330
1B
100
AcDbEntity
  8
BLACK
  6
CONTINUOUS
100
AcDbLine
 10
19.5653631889763773
 20
-15.5462648818897637
 30
0
 11
19.5625510629921244
 21
-15.5490770472440936
 31
0
  0
LINE
  5
41A
330
1B
100
AcDbEntity
  8
BLACK
  6
CONTINUOUS
100
AcDbLine
 10
19.5625510629921244
 20
-15.5490770472440936
 30
0
 11
19.5653631889763773
 21
-15.5518891732283464
 31
0
  0
LINE
  5
41B
330
1B
100
AcDbEntity
  8
BLACK
  6
CONTINUOUS
100
AcDbLine
 10
19.5653631889763773
 20
-15.5518891732283464
 30
0
 11
19.5681753543307089
 21
-15.5490770472440936
 31
0
  0
LINE
  5
41C
330
1B
100
AcDbEntity
  8
BLACK
  6
CONTINUOUS
100
AcDbLine
 10
19.5681753543307089
 20
-15.5490770472440936
 30
0
 11
19.5653631889763773
 21
-15.5462648818897637
 31
0
  0
LINE
  5
41D
330
1B
100
AcDbEntity
  8
BLACK
  6
CONTINUOUS
100
AcDbLine
 10
19.5653631889763773
 20
-15.5462648818897637
 30
0
 11
19.5653631889763773
 21
-15.5518891732283464
 31
0
  0
LINE
  5
41E
330
1B
100
AcDbEntity
  8
BLACK
  6
CONTINUOUS
100
AcDbLine
 10
19.6187940551181086
 20
-15.6025078740157479
 30
0
 11
19.6131697244094489
 21
-15.605319999999999
 31
0
  0
LINE
  5
41F
330
1B
100
AcDbEntity
  8
BLACK
  6
CONTINUOUS
100
AcDbLine
 10
19.6131697244094489
 20
-15.605319999999999
 30
0
 11
19.6019211417322836
 21
-15.605319999999999
 31
0
  0
LINE
  5
420
330
1B
100
AcDbEntity
  8
BLACK
  6
CONTINUOUS
100
AcDbLine
 10
19.6019211417322836
 20
-15.605319999999999
 30
0
 11
19.5962968503936992
 21
-15.6025078740157479
 31
0
  0
LINE
  5
421
330
1B
100
AcDbEntity
  8
BLACK
  6
CONTINUOUS
100
AcDbLine
 10
19.5962968503936992
 20
-15.6025078740157479
 30
0
 11
19.5934846850393711
 21
-15.5996957086614163
 31
0
  0
LINE
  5
422
330
1B
100
AcDbEntity
  8
BLACK
  6
CONTINUOUS
100
AcDbLine
 10
19.5934846850393711
 20
-15.5996957086614163
 30
0
 11
19.5906725590551183
 21
-15.5940714173228336
 31
0
  0
LINE
  5
423
330
1B
100
AcDbEntity
  8
BLACK
  6
CONTINUOUS
100
AcDbLine
 10
19.5906725590551183
 20
-15.5940714173228336
 30
0
 11
19.5906725590551183
 21
-15.5771985039370069
 31
0
  0
LINE
  5
424
330
1B
100
AcDbEntity
  8
BLACK
  6
CONTINUOUS
100
AcDbLine
 10
19.5906725590551183
 20
-15.5771985039370069
 30
0
 11
19.5934846850393711
 21
-15.5715742125984242
 31
0
  0
LINE
  5
425
330
1B
100
AcDbEntity
  8
BLACK
  6
CONTINUOUS
100
AcDbLine
 10
19.5934846850393711
 20
-15.5715742125984242
 30
0
 11
19.5962968503936992
 21
-15.5687620866141732
 31
0
  0
LINE
  5
426
330
1B
100
AcDbEntity
  8
BLACK
  6
CONTINUOUS
100
AcDbLine
 10
19.5962968503936992
 20
-15.5687620866141732
 30
0
 11
19.6019211417322836
 21
-15.5659499212598416
 31
0
  0
LINE
  5
427
330
1B
100
AcDbEntity
  8
BLACK
  6
CONTINUOUS
100
AcDbLine
 10
19.6019211417322836
 20
-15.5659499212598416
 30
0
 11
19.6131697244094489
 21
-15.5659499212598416
 31
0
  0
LINE
  5
428
330
1B
100
AcDbEntity
  8
BLACK
  6
CONTINUOUS
100
AcDbLine
 10
19.6131697244094489
 20
-15.5659499212598416
 30
0
 11
19.6187940551181086
 21
-15.5687620866141732
 31
0
  0
LINE
  5
429
330
1B
100
AcDbEntity
  8
BLACK
  6
CONTINUOUS
100
AcDbLine
 10
19.6694127165354331
 20
-15.605319999999999
 30
0
 11
19.6694127165354331
 21
-15.5743863779527558
 31
0
  0
LINE
  5
42A
330
1B
100
AcDbEntity
  8
BLACK
  6
CONTINUOUS
100
AcDbLine
 10
19.6694127165354331
 20
-15.5743863779527558
 30
0
 11
19.6666005511811015
 21
-15.5687620866141732
 31
0
  0
LINE
  5
42B
330
1B
100
AcDbEntity
  8
BLACK
  6
CONTINUOUS
100
AcDbLine
 10
19.6666005511811015
 20
-15.5687620866141732
 30
0
 11
19.6609762598425206
 21
-15.5659499212598416
 31
0
  0
LINE
  5
42C
330
1B
100
AcDbEntity
  8
BLACK
  6
CONTINUOUS
100
AcDbLine
 10
19.6609762598425206
 20
-15.5659499212598416
 30
0
 11
19.6497276771653553
 21
-15.5659499212598416
 31
0
  0
LINE
  5
42D
330
1B
100
AcDbEntity
  8
BLACK
  6
CONTINUOUS
100
AcDbLine
 10
19.6497276771653553
 20
-15.5659499212598416
 30
0
 11
19.6441033464566921
 21
-15.5687620866141732
 31
0
  0
LINE
  5
42E
330
1B
100
AcDbEntity
  8
BLACK
  6
CONTINUOUS
100
AcDbLine
 10
19.6694127165354331
 20
-15.6025078740157479
 30
0
 11
19.6637883858267699
 21
-15.605319999999999
 31
0
  0
LINE
  5
42F
330
1B
100
AcDbEntity
  8
BLACK
  6
CONTINUOUS
100
AcDbLine
 10
19.6637883858267699
 20
-15.605319999999999
 30
0
 11
19.6497276771653553
 21
-15.605319999999999
 31
0
  0
LINE
  5
430
330
1B
100
AcDbEntity
  8
BLACK
  6
CONTINUOUS
100
AcDbLine
 10
19.6497276771653553
 20
-15.605319999999999
 30
0
 11
19.6441033464566921
 21
-15.6025078740157479
 31
0
  0
LINE
  5
431
330
1B
100
AcDbEntity
  8
BLACK
  6
CONTINUOUS
100
AcDbLine
 10
19.6441033464566921
 20
-15.6025078740157479
 30
0
 11
19.6412912204724392
 21
-15.5968835433070865
 31
0
  0
LINE
  5
432
330
1B
100
AcDbEntity
  8
BLACK
  6
CONTINUOUS
100
AcDbLine
 10
19.6412912204724392
 20
-15.5968835433070865
 30
0
 11
19.6412912204724392
 21
-15.5912592519685038
 31
0
  0
LINE
  5
433
330
1B
100
AcDbEntity
  8
BLACK
  6
CONTINUOUS
100
AcDbLine
 10
19.6412912204724392
 20
-15.5912592519685038
 30
0
 11
19.6441033464566921
 21
-15.5856349606299212
 31
0
  0
LINE
  5
434
330
1B
100
AcDbEntity
  8
BLACK
  6
CONTINUOUS
100
AcDbLine
 10
19.6441033464566921
 20
-15.5856349606299212
 30
0
 11
19.6497276771653553
 21
-15.5828228346456683
 31
0
  0
LINE
  5
435
330
1B
100
AcDbEntity
  8
BLACK
  6
CONTINUOUS
100
AcDbLine
 10
19.6497276771653553
 20
-15.5828228346456683
 30
0
 11
19.6637883858267699
 21
-15.5828228346456683
 31
0
  0
LINE
  5
436
330
1B
100
AcDbEntity
  8
BLACK
  6
CONTINUOUS
100
AcDbLine
 10
19.6637883858267699
 20
-15.5828228346456683
 30
0
 11
19.6694127165354331
 21
-15.5800106692913385
 31
0
  0
LINE
  5
437
330
1B
100
AcDbEntity
  8
BLACK
  6
CONTINUOUS
100
AcDbLine
 10
19.7228435433070857
 20
-15.605319999999999
 30
0
 11
19.7228435433070857
 21
-15.5462648818897637
 31
0
  0
LINE
  5
438
330
1B
100
AcDbEntity
  8
BLACK
  6
CONTINUOUS
100
AcDbLine
 10
19.7228435433070857
 20
-15.6025078740157479
 30
0
 11
19.717219212598426
 21
-15.605319999999999
 31
0
  0
LINE
  5
439
330
1B
100
AcDbEntity
  8
BLACK
  6
CONTINUOUS
100
AcDbLine
 10
19.717219212598426
 20
-15.605319999999999
 30
0
 11
19.7059706299212607
 21
-15.605319999999999
 31
0
  0
LINE
  5
43A
330
1B
100
AcDbEntity
  8
BLACK
  6
CONTINUOUS
100
AcDbLine
 10
19.7059706299212607
 20
-15.605319999999999
 30
0
 11
19.7003463385826763
 21
-15.6025078740157479
 31
0
  0
LINE
  5
43B
330
1B
100
AcDbEntity
  8
BLACK
  6
CONTINUOUS
100
AcDbLine
 10
19.7003463385826763
 20
-15.6025078740157479
 30
0
 11
19.6975341732283447
 21
-15.5996957086614163
 31
0
  0
LINE
  5
43C
330
1B
100
AcDbEntity
  8
BLACK
  6
CONTINUOUS
100
AcDbLine
 10
19.6975341732283447
 20
-15.5996957086614163
 30
0
 11
19.6947220472440954
 21
-15.5940714173228336
 31
0
  0
LINE
  5
43D
330
1B
100
AcDbEntity
  8
BLACK
  6
CONTINUOUS
100
AcDbLine
 10
19.6947220472440954
 20
-15.5940714173228336
 30
0
 11
19.6947220472440954
 21
-15.5771985039370069
 31
0
  0
LINE
  5
43E
330
1B
100
AcDbEntity
  8
BLACK
  6
CONTINUOUS
100
AcDbLine
 10
19.6947220472440954
 20
-15.5771985039370069
 30
0
 11
19.6975341732283447
 21
-15.5715742125984242
 31
0
  0
LINE
  5
43F
330
1B
100
AcDbEntity
  8
BLACK
  6
CONTINUOUS
100
AcDbLine
 10
19.6975341732283447
 20
-15.5715742125984242
 30
0
 11
19.7003463385826763
 21
-15.5687620866141732
 31
0
  0
LINE
  5
440
330
1B
100
AcDbEntity
  8
BLACK
  6
CONTINUOUS
100
AcDbLine
 10
19.7003463385826763
 20
-15.5687620866141732
 30
0
 11
19.7059706299212607
 21
-15.5659499212598416
 31
0
  0
LINE
  5
441
330
1B
100
AcDbEntity
  8
BLACK
  6
CONTINUOUS
100
AcDbLine
 10
19.7059706299212607
 20
-15.5659499212598416
 30
0
 11
19.717219212598426
 21
-15.5659499212598416
 31
0
  0
LINE
  5
442
330
1B
100
AcDbEntity
  8
BLACK
  6
CONTINUOUS
100
AcDbLine
 10
19.717219212598426
 20
-15.5659499212598416
 30
0
 11
19.7228435433070857
 21
-15.5687620866141732
 31
0
  0
LINE
  5
443
330
1B
100
AcDbEntity
  8
BLACK
  6
CONTINUOUS
100
AcDbLine
 10
19.7369042913385826
 20
-15.6109442913385816
 30
0
 11
19.7818986614173227
 21
-15.6109442913385816
 31
0
  0
LINE
  5
444
330
1B
100
AcDbEntity
  8
BLACK
  6
CONTINUOUS
100
AcDbLine
 10
19.7959593700787408
 20
-15.5659499212598416
 30
0
 11
19.7959593700787408
 21
-15.6250050393700786
 31
0
  0
LINE
  5
445
330
1B
100
AcDbEntity
  8
BLACK
  6
CONTINUOUS
100
AcDbLine
 10
19.7959593700787408
 20
-15.5687620866141732
 30
0
 11
19.8015837007874005
 21
-15.5659499212598416
 31
0
  0
LINE
  5
446
330
1B
100
AcDbEntity
  8
BLACK
  6
CONTINUOUS
100
AcDbLine
 10
19.8015837007874005
 20
-15.5659499212598416
 30
0
 11
19.8128322834645658
 21
-15.5659499212598416
 31
0
  0
LINE
  5
447
330
1B
100
AcDbEntity
  8
BLACK
  6
CONTINUOUS
100
AcDbLine
 10
19.8128322834645658
 20
-15.5659499212598416
 30
0
 11
19.8184565748031503
 21
-15.5687620866141732
 31
0
  0
LINE
  5
448
330
1B
100
AcDbEntity
  8
BLACK
  6
CONTINUOUS
100
AcDbLine
 10
19.8184565748031503
 20
-15.5687620866141732
 30
0
 11
19.8212687401574783
 21
-15.5715742125984242
 31
0
  0
LINE
  5
449
330
1B
100
AcDbEntity
  8
BLACK
  6
CONTINUOUS
100
AcDbLine
 10
19.8212687401574783
 20
-15.5715742125984242
 30
0
 11
19.8240808661417311
 21
-15.5771985039370069
 31
0
  0
LINE
  5
44A
330
1B
100
AcDbEntity
  8
BLACK
  6
CONTINUOUS
100
AcDbLine
 10
19.8240808661417311
 20
-15.5771985039370069
 30
0
 11
19.8240808661417311
 21
-15.5940714173228336
 31
0
  0
LINE
  5
44B
330
1B
100
AcDbEntity
  8
BLACK
  6
CONTINUOUS
100
AcDbLine
 10
19.8240808661417311
 20
-15.5940714173228336
 30
0
 11
19.8212687401574783
 21
-15.5996957086614163
 31
0
  0
LINE
  5
44C
330
1B
100
AcDbEntity
  8
BLACK
  6
CONTINUOUS
100
AcDbLine
 10
19.8212687401574783
 20
-15.5996957086614163
 30
0
 11
19.8184565748031503
 21
-15.6025078740157479
 31
0
  0
LINE
  5
44D
330
1B
100
AcDbEntity
  8
BLACK
  6
CONTINUOUS
100
AcDbLine
 10
19.8184565748031503
 20
-15.6025078740157479
 30
0
 11
19.8128322834645658
 21
-15.605319999999999
 31
0
  0
LINE
  5
44E
330
1B
100
AcDbEntity
  8
BLACK
  6
CONTINUOUS
100
AcDbLine
 10
19.8128322834645658
 20
-15.605319999999999
 30
0
 11
19.8015837007874005
 21
-15.605319999999999
 31
0
  0
LINE
  5
44F
330
1B
100
AcDbEntity
  8
BLACK
  6
CONTINUOUS
100
AcDbLine
 10
19.8015837007874005
 20
-15.605319999999999
 30
0
 11
19.7959593700787408
 21
-15.6025078740157479
 31
0
  0
LINE
  5
450
330
1B
100
AcDbEntity
  8
BLACK
  6
CONTINUOUS
100
AcDbLine
 10
19.8746995669291344
 20
-15.6025078740157479
 30
0
 11
19.8690752362204712
 21
-15.605319999999999
 31
0
  0
LINE
  5
451
330
1B
100
AcDbEntity
  8
BLACK
  6
CONTINUOUS
100
AcDbLine
 10
19.8690752362204712
 20
-15.605319999999999
 30
0
 11
19.8578266535433059
 21
-15.605319999999999
 31
0
  0
LINE
  5
452
330
1B
100
AcDbEntity
  8
BLACK
  6
CONTINUOUS
100
AcDbLine
 10
19.8578266535433059
 20
-15.605319999999999
 30
0
 11
19.852202362204725
 21
-15.6025078740157479
 31
0
  0
LINE
  5
453
330
1B
100
AcDbEntity
  8
BLACK
  6
CONTINUOUS
100
AcDbLine
 10
19.852202362204725
 20
-15.6025078740157479
 30
0
 11
19.8493901968503934
 21
-15.5996957086614163
 31
0
  0
LINE
  5
454
330
1B
100
AcDbEntity
  8
BLACK
  6
CONTINUOUS
100
AcDbLine
 10
19.8493901968503934
 20
-15.5996957086614163
 30
0
 11
19.8465780708661406
 21
-15.5940714173228336
 31
0
  0
LINE
  5
455
330
1B
100
AcDbEntity
  8
BLACK
  6
CONTINUOUS
100
AcDbLine
 10
19.8465780708661406
 20
-15.5940714173228336
 30
0
 11
19.8465780708661406
 21
-15.5771985039370069
 31
0
  0
LINE
  5
456
330
1B
100
AcDbEntity
  8
BLACK
  6
CONTINUOUS
100
AcDbLine
 10
19.8465780708661406
 20
-15.5771985039370069
 30
0
 11
19.8493901968503934
 21
-15.5715742125984242
 31
0
  0
LINE
  5
457
330
1B
100
AcDbEntity
  8
BLACK
  6
CONTINUOUS
100
AcDbLine
 10
19.8493901968503934
 20
-15.5715742125984242
 30
0
 11
19.852202362204725
 21
-15.5687620866141732
 31
0
  0
LINE
  5
458
330
1B
100
AcDbEntity
  8
BLACK
  6
CONTINUOUS
100
AcDbLine
 10
19.852202362204725
 20
-15.5687620866141732
 30
0
 11
19.8578266535433059
 21
-15.5659499212598416
 31
0
  0
LINE
  5
459
330
1B
100
AcDbEntity
  8
BLACK
  6
CONTINUOUS
100
AcDbLine
 10
19.8578266535433059
 20
-15.5659499212598416
 30
0
 11
19.8690752362204712
 21
-15.5659499212598416
 31
0
  0
LINE
  5
45A
330
1B
100
AcDbEntity
  8
BLACK
  6
CONTINUOUS
100
AcDbLine
 10
19.8690752362204712
 20
-15.5659499212598416
 30
0
 11
19.8746995669291344
 21
-15.5687620866141732
 31
0
  0
LINE
  5
45B
330
1B
100
AcDbEntity
  8
BLACK
  6
CONTINUOUS
100
AcDbLine
 10
19.9000088582677144
 20
-15.605319999999999
 30
0
 11
19.9000088582677144
 21
-15.5462648818897637
 31
0
  0
LINE
  5
45C
330
1B
100
AcDbEntity
  8
BLACK
  6
CONTINUOUS
100
AcDbLine
 10
19.9000088582677144
 20
-15.5687620866141732
 30
0
 11
19.9056331889763776
 21
-15.5659499212598416
 31
0
  0
LINE
  5
45D
330
1B
100
AcDbEntity
  8
BLACK
  6
CONTINUOUS
100
AcDbLine
 10
19.9056331889763776
 20
-15.5659499212598416
 30
0
 11
19.9168817716535429
 21
-15.5659499212598416
 31
0
  0
LINE
  5
45E
330
1B
100
AcDbEntity
  8
BLACK
  6
CONTINUOUS
100
AcDbLine
 10
19.9168817716535429
 20
-15.5659499212598416
 30
0
 11
19.9225060629921238
 21
-15.5687620866141732
 31
0
  0
LINE
  5
45F
330
1B
100
AcDbEntity
  8
BLACK
  6
CONTINUOUS
100
AcDbLine
 10
19.9225060629921238
 20
-15.5687620866141732
 30
0
 11
19.9253182283464554
 21
-15.5715742125984242
 31
0
  0
LINE
  5
460
330
1B
100
AcDbEntity
  8
BLACK
  6
CONTINUOUS
100
AcDbLine
 10
19.9253182283464554
 20
-15.5715742125984242
 30
0
 11
19.9281303543307082
 21
-15.5771985039370069
 31
0
  0
LINE
  5
461
330
1B
100
AcDbEntity
  8
BLACK
  6
CONTINUOUS
100
AcDbLine
 10
19.9281303543307082
 20
-15.5771985039370069
 30
0
 11
19.9281303543307082
 21
-15.5940714173228336
 31
0
  0
LINE
  5
462
330
1B
100
AcDbEntity
  8
BLACK
  6
CONTINUOUS
100
AcDbLine
 10
19.9281303543307082
 20
-15.5940714173228336
 30
0
 11
19.9253182283464554
 21
-15.5996957086614163
 31
0
  0
LINE
  5
463
330
1B
100
AcDbEntity
  8
BLACK
  6
CONTINUOUS
100
AcDbLine
 10
19.9253182283464554
 20
-15.5996957086614163
 30
0
 11
19.9225060629921238
 21
-15.6025078740157479
 31
0
  0
LINE
  5
464
330
1B
100
AcDbEntity
  8
BLACK
  6
CONTINUOUS
100
AcDbLine
 10
19.9225060629921238
 20
-15.6025078740157479
 30
0
 11
19.9168817716535429
 21
-15.605319999999999
 31
0
  0
LINE
  5
465
330
1B
100
AcDbEntity
  8
BLACK
  6
CONTINUOUS
100
AcDbLine
 10
19.9168817716535429
 20
-15.605319999999999
 30
0
 11
19.9056331889763776
 21
-15.605319999999999
 31
0
  0
LINE
  5
466
330
1B
100
AcDbEntity
  8
BLACK
  6
CONTINUOUS
100
AcDbLine
 10
19.9056331889763776
 20
-15.605319999999999
 30
0
 11
19.9000088582677144
 21
-15.6025078740157479
 31
0
  0
LINE
  5
467
330
1B
100
AcDbEntity
  8
BLACK
  6
CONTINUOUS
100
AcDbLine
 10
18.6615905511811029
 20
-15.4129527559055113
 30
0
 11
22.9135590551181103
 21
-15.4129527559055113
 31
0
  0
LINE
  5
468
330
1B
100
AcDbEntity
  8
BLACK
  6
CONTINUOUS
100
AcDbLine
 10
18.716094409448818
 20
-15.496208661417322
 30
0
 11
18.7245308661417305
 21
-15.4990207874015749
 31
0
  0
LINE
  5
469
330
1B
100
AcDbEntity
  8
BLACK
  6
CONTINUOUS
100
AcDbLine
 10
18.7245308661417305
 20
-15.4990207874015749
 30
0
 11
18.7385915748031486
 21
-15.4990207874015749
 31
0
  0
LINE
  5
46A
330
1B
100
AcDbEntity
  8
BLACK
  6
CONTINUOUS
100
AcDbLine
 10
18.7385915748031486
 20
-15.4990207874015749
 30
0
 11
18.7442159055118118
 21
-15.496208661417322
 31
0
  0
LINE
  5
46B
330
1B
100
AcDbEntity
  8
BLACK
  6
CONTINUOUS
100
AcDbLine
 10
18.7442159055118118
 20
-15.496208661417322
 30
0
 11
18.7470280314960611
 21
-15.4933964960629922
 31
0
  0
LINE
  5
46C
330
1B
100
AcDbEntity
  8
BLACK
  6
CONTINUOUS
100
AcDbLine
 10
18.7470280314960611
 20
-15.4933964960629922
 30
0
 11
18.7498401968503927
 21
-15.4877722047244095
 31
0
  0
LINE
  5
46D
330
1B
100
AcDbEntity
  8
BLACK
  6
CONTINUOUS
100
AcDbLine
 10
18.7498401968503927
 20
-15.4877722047244095
 30
0
 11
18.7498401968503927
 21
-15.4821479133858269
 31
0
  0
LINE
  5
46E
330
1B
100
AcDbEntity
  8
BLACK
  6
CONTINUOUS
100
AcDbLine
 10
18.7498401968503927
 20
-15.4821479133858269
 30
0
 11
18.7470280314960611
 21
-15.4765236220472442
 31
0
  0
LINE
  5
46F
330
1B
100
AcDbEntity
  8
BLACK
  6
CONTINUOUS
100
AcDbLine
 10
18.7470280314960611
 20
-15.4765236220472442
 30
0
 11
18.7442159055118118
 21
-15.4737114566929126
 31
0
  0
LINE
  5
470
330
1B
100
AcDbEntity
  8
BLACK
  6
CONTINUOUS
100
AcDbLine
 10
18.7442159055118118
 20
-15.4737114566929126
 30
0
 11
18.7385915748031486
 21
-15.4708992913385828
 31
0
  0
LINE
  5
471
330
1B
100
AcDbEntity
  8
BLACK
  6
CONTINUOUS
100
AcDbLine
 10
18.7385915748031486
 20
-15.4708992913385828
 30
0
 11
18.7273429921259833
 21
-15.4680871653543299
 31
0
  0
LINE
  5
472
330
1B
100
AcDbEntity
  8
BLACK
  6
CONTINUOUS
100
AcDbLine
 10
18.7273429921259833
 20
-15.4680871653543299
 30
0
 11
18.7217187007874024
 21
-15.4652750000000001
 31
0
  0
LINE
  5
473
330
1B
100
AcDbEntity
  8
BLACK
  6
CONTINUOUS
100
AcDbLine
 10
18.7217187007874024
 20
-15.4652750000000001
 30
0
 11
18.7189065354330708
 21
-15.4624628740157473
 31
0
  0
LINE
  5
474
330
1B
100
AcDbEntity
  8
BLACK
  6
CONTINUOUS
100
AcDbLine
 10
18.7189065354330708
 20
-15.4624628740157473
 30
0
 11
18.716094409448818
 21
-15.4568385826771646
 31
0
  0
LINE
  5
475
330
1B
100
AcDbEntity
  8
BLACK
  6
CONTINUOUS
100
AcDbLine
 10
18.716094409448818
 20
-15.4568385826771646
 30
0
 11
18.716094409448818
 21
-15.4512142519685032
 31
0
  0
LINE
  5
476
330
1B
100
AcDbEntity
  8
BLACK
  6
CONTINUOUS
100
AcDbLine
 10
18.716094409448818
 20
-15.4512142519685032
 30
0
 11
18.7189065354330708
 21
-15.4455899606299205
 31
0
  0
LINE
  5
477
330
1B
100
AcDbEntity
  8
BLACK
  6
CONTINUOUS
100
AcDbLine
 10
18.7189065354330708
 20
-15.4455899606299205
 30
0
 11
18.7217187007874024
 21
-15.4427778346456694
 31
0
  0
LINE
  5
478
330
1B
100
AcDbEntity
  8
BLACK
  6
CONTINUOUS
100
AcDbLine
 10
18.7217187007874024
 20
-15.4427778346456694
 30
0
 11
18.7273429921259833
 21
-15.4399656692913378
 31
0
  0
LINE
  5
479
330
1B
100
AcDbEntity
  8
BLACK
  6
CONTINUOUS
100
AcDbLine
 10
18.7273429921259833
 20
-15.4399656692913378
 30
0
 11
18.7414037401574802
 21
-15.4399656692913378
 31
0
  0
LINE
  5
47A
330
1B
100
AcDbEntity
  8
BLACK
  6
CONTINUOUS
100
AcDbLine
 10
18.7414037401574802
 20
-15.4399656692913378
 30
0
 11
18.7498401968503927
 21
-15.4427778346456694
 31
0
  0
LINE
  5
47B
330
1B
100
AcDbEntity
  8
BLACK
  6
CONTINUOUS
100
AcDbLine
 10
18.7751494881889762
 20
-15.4990207874015749
 30
0
 11
18.7751494881889762
 21
-15.4399656692913378
 31
0
  0
LINE
  5
47C
330
1B
100
AcDbEntity
  8
BLACK
  6
CONTINUOUS
100
AcDbLine
 10
18.8004588582677172
 20
-15.4990207874015749
 30
0
 11
18.8004588582677172
 21
-15.4680871653543299
 31
0
  0
LINE
  5
47D
330
1B
100
AcDbEntity
  8
BLACK
  6
CONTINUOUS
100
AcDbLine
 10
18.8004588582677172
 20
-15.4680871653543299
 30
0
 11
18.7976466929133856
 21
-15.4624628740157473
 31
0
  0
LINE
  5
47E
330
1B
100
AcDbEntity
  8
BLACK
  6
CONTINUOUS
100
AcDbLine
 10
18.7976466929133856
 20
-15.4624628740157473
 30
0
 11
18.7920224015748012
 21
-15.4596507086614174
 31
0
  0
LINE
  5
47F
330
1B
100
AcDbEntity
  8
BLACK
  6
CONTINUOUS
100
AcDbLine
 10
18.7920224015748012
 20
-15.4596507086614174
 30
0
 11
18.7835859448818887
 21
-15.4596507086614174
 31
0
  0
LINE
  5
480
330
1B
100
AcDbEntity
  8
BLACK
  6
CONTINUOUS
100
AcDbLine
 10
18.7835859448818887
 20
-15.4596507086614174
 30
0
 11
18.7779616535433078
 21
-15.4624628740157473
 31
0
  0
LINE
  5
481
330
1B
100
AcDbEntity
  8
BLACK
  6
CONTINUOUS
100
AcDbLine
 10
18.7779616535433078
 20
-15.4624628740157473
 30
0
 11
18.7751494881889762
 21
-15.4652750000000001
 31
0
  0
LINE
  5
482
330
1B
100
AcDbEntity
  8
BLACK
  6
CONTINUOUS
100
AcDbLine
 10
18.8510775196850382
 20
-15.496208661417322
 30
0
 11
18.8454532283464573
 21
-15.4990207874015749
 31
0
  0
LINE
  5
483
330
1B
100
AcDbEntity
  8
BLACK
  6
CONTINUOUS
100
AcDbLine
 10
18.8454532283464573
 20
-15.4990207874015749
 30
0
 11
18.834204645669292
 21
-15.4990207874015749
 31
0
  0
LINE
  5
484
330
1B
100
AcDbEntity
  8
BLACK
  6
CONTINUOUS
100
AcDbLine
 10
18.834204645669292
 20
-15.4990207874015749
 30
0
 11
18.8285803149606288
 21
-15.496208661417322
 31
0
  0
LINE
  5
485
330
1B
100
AcDbEntity
  8
BLACK
  6
CONTINUOUS
100
AcDbLine
 10
18.8285803149606288
 20
-15.496208661417322
 30
0
 11
18.8257681889763759
 21
-15.4905843307086606
 31
0
  0
LINE
  5
486
330
1B
100
AcDbEntity
  8
BLACK
  6
CONTINUOUS
100
AcDbLine
 10
18.8257681889763759
 20
-15.4905843307086606
 30
0
 11
18.8257681889763759
 21
-15.4680871653543299
 31
0
  0
LINE
  5
487
330
1B
100
AcDbEntity
  8
BLACK
  6
CONTINUOUS
100
AcDbLine
 10
18.8257681889763759
 20
-15.4680871653543299
 30
0
 11
18.8285803149606288
 21
-15.4624628740157473
 31
0
  0
LINE
  5
488
330
1B
100
AcDbEntity
  8
BLACK
  6
CONTINUOUS
100
AcDbLine
 10
18.8285803149606288
 20
-15.4624628740157473
 30
0
 11
18.834204645669292
 21
-15.4596507086614174
 31
0
  0
LINE
  5
489
330
1B
100
AcDbEntity
  8
BLACK
  6
CONTINUOUS
100
AcDbLine
 10
18.834204645669292
 20
-15.4596507086614174
 30
0
 11
18.8454532283464573
 21
-15.4596507086614174
 31
0
  0
LINE
  5
48A
330
1B
100
AcDbEntity
  8
BLACK
  6
CONTINUOUS
100
AcDbLine
 10
18.8454532283464573
 20
-15.4596507086614174
 30
0
 11
18.8510775196850382
 21
-15.4624628740157473
 31
0
  0
LINE
  5
48B
330
1B
100
AcDbEntity
  8
BLACK
  6
CONTINUOUS
100
AcDbLine
 10
18.8510775196850382
 20
-15.4624628740157473
 30
0
 11
18.8538896850393698
 21
-15.4680871653543299
 31
0
  0
LINE
  5
48C
330
1B
100
AcDbEntity
  8
BLACK
  6
CONTINUOUS
100
AcDbLine
 10
18.8538896850393698
 20
-15.4680871653543299
 30
0
 11
18.8538896850393698
 21
-15.4737114566929126
 31
0
  0
LINE
  5
48D
330
1B
100
AcDbEntity
  8
BLACK
  6
CONTINUOUS
100
AcDbLine
 10
18.8538896850393698
 20
-15.4737114566929126
 30
0
 11
18.8257681889763759
 21
-15.4793357480314953
 31
0
  0
LINE
  5
48E
330
1B
100
AcDbEntity
  8
BLACK
  6
CONTINUOUS
100
AcDbLine
 10
18.9016961811023627
 20
-15.496208661417322
 30
0
 11
18.8960718897637783
 21
-15.4990207874015749
 31
0
  0
LINE
  5
48F
330
1B
100
AcDbEntity
  8
BLACK
  6
CONTINUOUS
100
AcDbLine
 10
18.8960718897637783
 20
-15.4990207874015749
 30
0
 11
18.8848233070866129
 21
-15.4990207874015749
 31
0
  0
LINE
  5
490
330
1B
100
AcDbEntity
  8
BLACK
  6
CONTINUOUS
100
AcDbLine
 10
18.8848233070866129
 20
-15.4990207874015749
 30
0
 11
18.8791989763779533
 21
-15.496208661417322
 31
0
  0
LINE
  5
491
330
1B
100
AcDbEntity
  8
BLACK
  6
CONTINUOUS
100
AcDbLine
 10
18.8791989763779533
 20
-15.496208661417322
 30
0
 11
18.8763868503937005
 21
-15.4905843307086606
 31
0
  0
LINE
  5
492
330
1B
100
AcDbEntity
  8
BLACK
  6
CONTINUOUS
100
AcDbLine
 10
18.8763868503937005
 20
-15.4905843307086606
 30
0
 11
18.8763868503937005
 21
-15.4680871653543299
 31
0
  0
LINE
  5
493
330
1B
100
AcDbEntity
  8
BLACK
  6
CONTINUOUS
100
AcDbLine
 10
18.8763868503937005
 20
-15.4680871653543299
 30
0
 11
18.8791989763779533
 21
-15.4624628740157473
 31
0
  0
LINE
  5
494
330
1B
100
AcDbEntity
  8
BLACK
  6
CONTINUOUS
100
AcDbLine
 10
18.8791989763779533
 20
-15.4624628740157473
 30
0
 11
18.8848233070866129
 21
-15.4596507086614174
 31
0
  0
LINE
  5
495
330
1B
100
AcDbEntity
  8
BLACK
  6
CONTINUOUS
100
AcDbLine
 10
18.8848233070866129
 20
-15.4596507086614174
 30
0
 11
18.8960718897637783
 21
-15.4596507086614174
 31
0
  0
LINE
  5
496
330
1B
100
AcDbEntity
  8
BLACK
  6
CONTINUOUS
100
AcDbLine
 10
18.8960718897637783
 20
-15.4596507086614174
 30
0
 11
18.9016961811023627
 21
-15.4624628740157473
 31
0
  0
LINE
  5
497
330
1B
100
AcDbEntity
  8
BLACK
  6
CONTINUOUS
100
AcDbLine
 10
18.9016961811023627
 20
-15.4624628740157473
 30
0
 11
18.9045083464566908
 21
-15.4680871653543299
 31
0
  0
LINE
  5
498
330
1B
100
AcDbEntity
  8
BLACK
  6
CONTINUOUS
100
AcDbLine
 10
18.9045083464566908
 20
-15.4680871653543299
 30
0
 11
18.9045083464566908
 21
-15.4737114566929126
 31
0
  0
LINE
  5
499
330
1B
100
AcDbEntity
  8
BLACK
  6
CONTINUOUS
100
AcDbLine
 10
18.9045083464566908
 20
-15.4737114566929126
 30
0
 11
18.8763868503937005
 21
-15.4793357480314953
 31
0
  0
LINE
  5
49A
330
1B
100
AcDbEntity
  8
BLACK
  6
CONTINUOUS
100
AcDbLine
 10
18.9213812204724405
 20
-15.4596507086614174
 30
0
 11
18.9438783858267712
 21
-15.4596507086614174
 31
0
  0
LINE
  5
49B
330
1B
100
AcDbEntity
  8
BLACK
  6
CONTINUOUS
100
AcDbLine
 10
18.9298176377952743
 20
-15.4399656692913378
 30
0
 11
18.9298176377952743
 21
-15.4905843307086606
 31
0
  0
LINE
  5
49C
330
1B
100
AcDbEntity
  8
BLACK
  6
CONTINUOUS
100
AcDbLine
 10
18.9298176377952743
 20
-15.4905843307086606
 30
0
 11
18.9326298031496059
 21
-15.496208661417322
 31
0
  0
LINE
  5
49D
330
1B
100
AcDbEntity
  8
BLACK
  6
CONTINUOUS
100
AcDbLine
 10
18.9326298031496059
 20
-15.496208661417322
 30
0
 11
18.9382540944881903
 21
-15.4990207874015749
 31
0
  0
LINE
  5
49E
330
1B
100
AcDbEntity
  8
BLACK
  6
CONTINUOUS
100
AcDbLine
 10
18.9382540944881903
 20
-15.4990207874015749
 30
0
 11
18.9438783858267712
 21
-15.4990207874015749
 31
0
  0
LINE
  5
49F
330
1B
100
AcDbEntity
  8
BLACK
  6
CONTINUOUS
100
AcDbLine
 10
18.963563425196849
 20
-15.4933964960629922
 30
0
 11
18.9663755905511806
 21
-15.496208661417322
 31
0
  0
LINE
  5
4A0
330
1B
100
AcDbEntity
  8
BLACK
  6
CONTINUOUS
100
AcDbLine
 10
18.9663755905511806
 20
-15.496208661417322
 30
0
 11
18.963563425196849
 21
-15.4990207874015749
 31
0
  0
LINE
  5
4A1
330
1B
100
AcDbEntity
  8
BLACK
  6
CONTINUOUS
100
AcDbLine
 10
18.963563425196849
 20
-15.4990207874015749
 30
0
 11
18.9607512992125997
 21
-15.496208661417322
 31
0
  0
LINE
  5
4A2
330
1B
100
AcDbEntity
  8
BLACK
  6
CONTINUOUS
100
AcDbLine
 10
18.9607512992125997
 20
-15.496208661417322
 30
0
 11
18.963563425196849
 21
-15.4933964960629922
 31
0
  0
LINE
  5
4A3
330
1B
100
AcDbEntity
  8
BLACK
  6
CONTINUOUS
100
AcDbLine
 10
18.963563425196849
 20
-15.4933964960629922
 30
0
 11
18.963563425196849
 21
-15.4990207874015749
 31
0
  0
LINE
  5
4A4
330
1B
100
AcDbEntity
  8
BLACK
  6
CONTINUOUS
100
AcDbLine
 10
18.963563425196849
 20
-15.4624628740157473
 30
0
 11
18.9663755905511806
 21
-15.4652750000000001
 31
0
  0
LINE
  5
4A5
330
1B
100
AcDbEntity
  8
BLACK
  6
CONTINUOUS
100
AcDbLine
 10
18.9663755905511806
 20
-15.4652750000000001
 30
0
 11
18.963563425196849
 21
-15.4680871653543299
 31
0
  0
LINE
  5
4A6
330
1B
100
AcDbEntity
  8
BLACK
  6
CONTINUOUS
100
AcDbLine
 10
18.963563425196849
 20
-15.4680871653543299
 30
0
 11
18.9607512992125997
 21
-15.4652750000000001
 31
0
  0
LINE
  5
4A7
330
1B
100
AcDbEntity
  8
BLACK
  6
CONTINUOUS
100
AcDbLine
 10
18.9607512992125997
 20
-15.4652750000000001
 30
0
 11
18.963563425196849
 21
-15.4624628740157473
 31
0
  0
LINE
  5
4A8
330
1B
100
AcDbEntity
  8
BLACK
  6
CONTINUOUS
100
AcDbLine
 10
18.963563425196849
 20
-15.4624628740157473
 30
0
 11
18.963563425196849
 21
-15.4680871653543299
 31
0
  0
LINE
  5
4A9
330
1B
100
AcDbEntity
  8
BLACK
  6
CONTINUOUS
100
AcDbLine
 10
19.4489921259842511
 20
-15.8066535433070854
 30
0
 11
19.4489921259842511
 21
-15.9247637795275594
 31
0
  0
LINE
  5
4AA
330
1B
100
AcDbEntity
  8
BLACK
  6
CONTINUOUS
100
AcDbLine
 10
21.9686771653543289
 20
-15.8066535433070854
 30
0
 11
21.9686771653543289
 21
-16.0625590551181112
 31
0
  0
LINE
  5
4AB
330
1B
100
AcDbEntity
  8
Edge.Cuts
  6
CONTINUOUS
100
AcDbLine
 10
17.7735262598425194
 20
-6.0797757086614173
 30
0
 11
17.7738455905511792
 21
-6.0799890551181104
 31
0
  0
LINE
  5
4AC
330
1B
100
AcDbEntity
  8
Edge.Cuts
  6
CONTINUOUS
100
AcDbLine
 10
17.7738455905511792
 20
-6.0799890551181104
 30
0
 11
17.970695984251968
 21
-6.2768394488188974
 31
0
  0
LINE
  5
4AD
330
1B
100
AcDbEntity
  8
Edge.Cuts
  6
CONTINUOUS
100
AcDbLine
 10
17.970695984251968
 20
-6.2768394488188974
 30
0
 11
17.9709093307086611
 21
-6.277158779527559
 31
0
  0
LINE
  5
4AE
330
1B
100
AcDbEntity
  8
Edge.Cuts
  6
CONTINUOUS
100
AcDbLine
 10
17.9709093307086611
 20
-6.277158779527559
 30
0
 11
17.9709842519685026
 21
-6.2775354330708657
 31
0
  0
LINE
  5
4AF
330
1B
100
AcDbEntity
  8
Edge.Cuts
  6
CONTINUOUS
100
AcDbLine
 10
17.9709842519685026
 20
-6.2775354330708657
 30
0
 11
17.9709842519685026
 21
-8.9133622047244092
 31
0
  0
LINE
  5
4B0
330
1B
100
AcDbEntity
  8
Edge.Cuts
  6
CONTINUOUS
100
AcDbLine
 10
17.9709842519685026
 20
-8.9133622047244092
 30
0
 11
17.9709093307086611
 21
-8.9137388582677168
 31
0
  0
LINE
  5
4B1
330
1B
100
AcDbEntity
  8
Edge.Cuts
  6
CONTINUOUS
100
AcDbLine
 10
17.9709093307086611
 20
-8.9137388582677168
 30
0
 11
17.970695984251968
 21
-8.9140581889763784
 31
0
  0
LINE
  5
4B2
330
1B
100
AcDbEntity
  8
Edge.Cuts
  6
CONTINUOUS
100
AcDbLine
 10
17.970695984251968
 20
-8.9140581889763784
 30
0
 11
17.7738455905511792
 21
-9.1109085826771654
 31
0
  0
LINE
  5
4B3
330
1B
100
AcDbEntity
  8
Edge.Cuts
  6
CONTINUOUS
100
AcDbLine
 10
17.7738455905511792
 20
-9.1109085826771654
 30
0
 11
17.7735262598425194
 21
-9.1111219291338585
 31
0
  0
LINE
  5
4B4
330
1B
100
AcDbEntity
  8
Edge.Cuts
  6
CONTINUOUS
100
AcDbLine
 10
17.7735262598425194
 20
-9.1111219291338585
 30
0
 11
17.7731496062992136
 21
-9.1111968503937
 31
0
  0
LINE
  5
4B5
330
1B
100
AcDbEntity
  8
Edge.Cuts
  6
CONTINUOUS
100
AcDbLine
 10
17.7731496062992136
 20
-9.1111968503937
 30
0
 11
8.1968503937007871
 21
-9.1111968503937
 31
0
  0
LINE
  5
4B6
330
1B
100
AcDbEntity
  8
Edge.Cuts
  6
CONTINUOUS
100
AcDbLine
 10
8.1968503937007871
 20
-9.1111968503937
 30
0
 11
8.1964737401574794
 21
-9.1111219291338585
 31
0
  0
LINE
  5
4B7
330
1B
100
AcDbEntity
  8
Edge.Cuts
  6
CONTINUOUS
100
AcDbLine
 10
8.1964737401574794
 20
-9.1111219291338585
 30
0
 11
8.1961544094488179
 21
-9.1109085826771654
 31
0
  0
LINE
  5
4B8
330
1B
100
AcDbEntity
  8
Edge.Cuts
  6
CONTINUOUS
100
AcDbLine
 10
8.1961544094488179
 20
-9.1109085826771654
 30
0
 11
7.9993040157480317
 21
-8.9140581889763784
 31
0
  0
LINE
  5
4B9
330
1B
100
AcDbEntity
  8
Edge.Cuts
  6
CONTINUOUS
100
AcDbLine
 10
7.9993040157480317
 20
-8.9140581889763784
 30
0
 11
7.9990906692913386
 21
-8.9137388582677168
 31
0
  0
LINE
  5
4BA
330
1B
100
AcDbEntity
  8
Edge.Cuts
  6
CONTINUOUS
100
AcDbLine
 10
7.9990906692913386
 20
-8.9137388582677168
 30
0
 11
7.9990157480314963
 21
-8.9133622047244092
 31
0
  0
LINE
  5
4BB
330
1B
100
AcDbEntity
  8
Edge.Cuts
  6
CONTINUOUS
100
AcDbLine
 10
7.9990157480314963
 20
-8.9133622047244092
 30
0
 11
7.9990157480314963
 21
-6.2775354330708657
 31
0
  0
LINE
  5
4BC
330
1B
100
AcDbEntity
  8
Edge.Cuts
  6
CONTINUOUS
100
AcDbLine
 10
7.9990157480314963
 20
-6.2775354330708657
 30
0
 11
7.9990906692913386
 21
-6.277158779527559
 31
0
  0
LINE
  5
4BD
330
1B
100
AcDbEntity
  8
Edge.Cuts
  6
CONTINUOUS
100
AcDbLine
 10
7.9990906692913386
 20
-6.277158779527559
 30
0
 11
7.9993040157480317
 21
-6.2768394488188974
 31
0
  0
LINE
  5
4BE
330
1B
100
AcDbEntity
  8
Edge.Cuts
  6
CONTINUOUS
100
AcDbLine
 10
7.9993040157480317
 20
-6.2768394488188974
 30
0
 11
8.1961544094488179
 21
-6.0799890551181104
 31
0
  0
LINE
  5
4BF
330
1B
100
AcDbEntity
  8
Edge.Cuts
  6
CONTINUOUS
100
AcDbLine
 10
8.1961544094488179
 20
-6.0799890551181104
 30
0
 11
8.1964737401574794
 21
-6.0797757086614173
 31
0
  0
LINE
  5
4C0
330
1B
100
AcDbEntity
  8
Edge.Cuts
  6
CONTINUOUS
100
AcDbLine
 10
8.1964737401574794
 20
-6.0797757086614173
 30
0
 11
8.1968503937007871
 21
-6.0797007874015749
 31
0
  0
LINE
  5
4C1
330
1B
100
AcDbEntity
  8
Edge.Cuts
  6
CONTINUOUS
100
AcDbLine
 10
8.1968503937007871
 20
-6.0797007874015749
 30
0
 11
17.7731496062992136
 21
-6.0797007874015749
 31
0
  0
LINE
  5
4C2
330
1B
100
AcDbEntity
  8
Edge.Cuts
  6
CONTINUOUS
100
AcDbLine
 10
17.7731496062992136
 20
-6.0797007874015749
 30
0
 11
17.7735262598425194
 21
-6.0797757086614173
 31
0
  0
LINE
  5
4C3
330
1B
100
AcDbEntity
  8
Edge.Cuts
  6
CONTINUOUS
100
AcDbLine
 10
8.1972581102362199
 20
-6.0816692913385824
 30
0
 11
8.0009842519685037
 21
-6.2779431496062994
 31
0
  0
LINE
  5
4C4
330
1B
100
AcDbEntity
  8
Edge.Cuts
  6
CONTINUOUS
100
AcDbLine
 10
8.0009842519685037
 20
-6.2779431496062994
 30
0
 11
8.0009842519685037
 21
-8.9129544881889764
 31
0
  0
LINE
  5
4C5
330
1B
100
AcDbEntity
  8
Edge.Cuts
  6
CONTINUOUS
100
AcDbLine
 10
8.0009842519685037
 20
-8.9129544881889764
 30
0
 11
8.1972581102362199
 21
-9.1092283464566925
 31
0
  0
LINE
  5
4C6
330
1B
100
AcDbEntity
  8
Edge.Cuts
  6
CONTINUOUS
100
AcDbLine
 10
8.1972581102362199
 20
-9.1092283464566925
 30
0
 11
17.772741889763779
 21
-9.1092283464566925
 31
0
  0
LINE
  5
4C7
330
1B
100
AcDbEntity
  8
Edge.Cuts
  6
CONTINUOUS
100
AcDbLine
 10
17.772741889763779
 20
-9.1092283464566925
 30
0
 11
17.9690157480314951
 21
-8.9129544881889764
 31
0
  0
LINE
  5
4C8
330
1B
100
AcDbEntity
  8
Edge.Cuts
  6
CONTINUOUS
100
AcDbLine
 10
17.9690157480314951
 20
-8.9129544881889764
 30
0
 11
17.9690157480314951
 21
-6.2779431496062994
 31
0
  0
LINE
  5
4C9
330
1B
100
AcDbEntity
  8
Edge.Cuts
  6
CONTINUOUS
100
AcDbLine
 10
17.9690157480314951
 20
-6.2779431496062994
 30
0
 11
17.772741889763779
 21
-6.0816692913385824
 31
0
  0
LINE
  5
4CA
330
1B
100
AcDbEntity
  8
Edge.Cuts
  6
CONTINUOUS
100
AcDbLine
 10
17.772741889763779
 20
-6.0816692913385824
 30
0
 11
8.1972581102362199
 21
-6.0816692913385824
 31
0
  0
ENDSEC
  0
SECTION
  2
OBJECTS
  0
DICTIONARY
  5
21
330
0
100
AcDbDictionary
281
1
  3
ACAD_GROUP
350
4CB
  3
ACAD_LAYOUT
350
22
  3
ACAD_PLOTSTYLENAME
350
11
  0
DICTIONARY
  5
4CB
330
21
100
AcDbDictionary
281
1
  0
ACDBDICTIONARYWDFLT
  5
11
330
21
100
AcDbDictionary
281
1
  3
Normal
350
10
100
AcDbDictionaryWithDefault
340
10
  0
ACDBPLACEHOLDER
  5
10
330
11
  0
DICTIONARY
  5
22
330
21
100
AcDbDictionary
281
1
  3
Model
350
1E
  3
Layout1
350
1F
  3
Layout2
350
20
  0
LAYOUT
  5
1E
330
22
100
AcDbPlotSettings
  1

  2
none_device
  4
A3
  6

 40
0.0
 41
0.0
 42
0.0
 43
0.0
 44
420.0
 45
297.0
 46
0.0
 47
0.0
 48
0.0
 49
0.0
140
0.0
141
0.0
142
1.0
143
1.0
 70
1024
 72
1
 73
0
 74
5
  7

 75
16
 76
0
 77
2
 78
300
147
1.0
148
0.0
149
0.0
100
AcDbLayout
  1
Model
 70
1
 71
0
 10
0.0
 20
0.0
 11
420.0
 21
297.0
 12
0.0
 22
0.0
 32
0.0
 14
1e+20
 24
1e+20
 34
1e+20
 15
-1e+20
 25
-1e+20
 35
-1e+20
146
0.0
 13
0.0
 23
0.0
 33
0.0
 16
1.0
 26
0.0
 36
0.0
 17
0.0
 27
1.0
 37
0.0
 76
0
330
1B
  0
LAYOUT
  5
1F
330
22
100
AcDbPlotSettings
  1

  2
none_device
  4
A3
  6

 40
0.0
 41
0.0
 42
0.0
 43
0.0
 44
420.0
 45
297.0
 46
0.0
 47
0.0
 48
0.0
 49
0.0
140
0.0
141
0.0
142
1.0
143
1.0
 70
0
 72
1
 73
0
 74
5
  7

 75
16
 76
0
 77
2
 78
300
147
1.0
148
0.0
149
0.0
100
AcDbLayout
  1
Layout1
 70
1
 71
1
 10
0.0
 20
0.0
 11
420.0
 21
297.0
 12
0.0
 22
0.0
 32
0.0
 14
1e+20
 24
1e+20
 34
1e+20
 15
-1e+20
 25
-1e+20
 35
-1e+20
146
0.0
 13
0.0
 23
0.0
 33
0.0
 16
1.0
 26
0.0
 36
0.0
 17
0.0
 27
1.0
 37
0.0
 76
0
330
1C
  0
LAYOUT
  5
20
330
22
100
AcDbPlotSettings
  1

  2
none_device
  4
A3
  6

 40
0.0
 41
0.0
 42
0.0
 43
0.0
 44
420.0
 45
297.0
 46
0.0
 47
0.0
 48
0.0
 49
0.0
140
0.0
141
0.0
142
1.0
143
1.0
 70
0
 72
1
 73
0
 74
5
  7

 75
16
 76
0
 77
2
 78
300
147
1.0
148
0.0
149
0.0
100
AcDbLayout
  1
Layout2
 70
1
 71
2
 10
0.0
 20
0.0
 11
420.0
 21
297.0
 12
0.0
 22
0.0
 32
0.0
 14
1e+20
 24
1e+20
 34
1e+20
 15
-1e+20
 25
-1e+20
 35
-1e+20
146
0.0
 13
0.0
 23
0.0
 33
0.0
 16
1.0
 26
0.0
 36
0.0
 17
0.0
 27
1.0
 37
0.0
 76
0
330
1D
  0
ENDSEC
  0
EOF
